Session.Start.Date,partido,tiempo,Session.Start,Session.End,Evento,Tag.Notes,Tag.Start,Tag.End,Tag.Duration.(secs),Dificultad,coord.final,Jugador.2,Jugador.1,coord.inicial,Subevento,Optional.Column,segundos,remate-Gol,remate-Fuera,remate-Al-arco,remate-Interceptado,remate-Cabeza,pase-Asistencia,pase-Completado,pase-Interceptado,pase-Fuera,pase-Inteligente,centro-Asistencia,centro-Completado,centro-Interceptado,centro-Bloqueado,centro-Fuera,duelo-Aereo-Perdido,duelo-Aereo-Ganado,duelo-Disputa-suelo-Perdida,duelo-Disputa-suelo-Ganada,duelo-Gambeta-contra-Ganada,duelo-Gambeta-contra-Perdida,duelo-Gambeta-favor-Perdida,duelo-Gambeta-favor-Ganada,duelo-Pivote-Perdido,duelo-Pivote-Ganado,falta-Cometida,falta-Recibida,falta-Penal-cometido,falta-Penal-recibido,falta-Offside,falta-Tarjeta-amarilla,falta-Tarjeta-roja,recuperacion-Robo,recuperacion-Encontrada,recuperacion-Intercepcion-suelo,recuperacion-Intercepcion-aereo,recuperacion-Intercepcion-anticipo,recuperacion-Disputa-suelo,parado-Lateral-interceptado,parado-Lateral-completado,parado-Corner-interceptado,parado-Corner-completado,parado-Tiro-libre-incompleto,parado-Tiro-libre-completado,perdida-Gambeta-favor,perdida-Robo,perdida-Intercepcion,perdida-Error-tecnico,perdida-Balon-fuera,perdida-Situacion-rival,perdida-Atajada,arquero-Gol-rival,arquero-Gol-rival-atajable,arquero-Atajada,arquero-Intercepcion-aerea,arquero-Intercepcion,arquero-Anticipo,arquero-Saque-mano,arquero-Saque-pie,arquero-Saque-meta,coord.final.num,coord.inicial.x,coord.final.x,coord.inicial.y,coord.final.y
2022/05/29,River Semifinal,completo,18:28:07,21:01:17,falta,,00:27:49,00:27:49,0.0,,,,1.0,"43,71",recibida,,1669.0,0,0,0,0,0,0,0,0,0,0,0,0,0,0,0,0,0,0,0,0,0,0,0,0,0,0,1,0,0,0,0,0,0,0,0,0,0,0,0,0,0,0,0,0,0,0,0,0,0,0,0,0,0,0,0,0,0,0,0,0,,42.57342978149487,,70.67425502351716,
2022/05/29,River Semifinal,completo,18:28:07,21:01:17,pase,,00:27:58,00:27:58,0.0,,"193,87",9,10.0,"180,98",corto,,1678.0,0,0,0,0,0,0,1,1,0,0,0,0,0,0,0,0,0,0,0,0,0,0,0,0,0,0,0,0,0,0,0,0,0,0,0,0,0,0,0,0,0,0,0,0,0,0,0,0,0,0,0,0,0,0,0,0,0,0,0,0,17.0,179.55540597122388,192.50100813451112,98.02214491009316,87.19770747885774
2022/05/29,River Semifinal,completo,18:28:07,21:01:17,perdida,,00:27:59,00:27:59,0.0,,,,9.0,"221,69",interceptado,,1679.0,0,0,0,0,0,0,0,0,0,0,0,0,0,0,0,0,0,0,0,0,0,0,0,0,0,0,0,0,0,0,0,0,0,0,0,0,0,0,0,0,0,0,0,0,0,0,0,0,0,0,0,0,0,0,0,0,0,0,0,0,,221.1950937047861,,68.67194732839461,
2022/05/29,River Semifinal,completo,18:28:07,21:01:17,pase,,00:28:06,00:28:06,0.0,,"92,70",6,2.0,"123,80",corto,,1686.0,0,0,0,0,0,0,1,0,0,0,0,0,0,0,0,0,0,0,0,0,0,0,0,0,0,0,0,0,0,0,0,0,0,0,0,0,0,0,0,0,0,0,0,0,0,0,0,0,0,0,0,0,0,0,0,0,0,0,0,0,11.0,122.62791767559793,91.88519294546919,79.9496594444121,69.96481952975526
2022/05/29,River Semifinal,completo,18:28:07,21:01:17,pase,,00:28:09,00:28:09,0.0,,"188,71",10,6.0,"127,84",largo,,1689.0,0,0,0,0,0,0,1,1,0,0,0,0,0,0,0,0,0,0,0,0,0,0,0,0,0,0,0,0,0,0,0,0,0,0,0,0,0,0,0,0,0,0,0,0,0,0,0,0,0,0,0,0,0,0,0,0,0,0,0,0,17.0,126.54675657505666,188.10326792292108,84.06019933018263,70.60932243302281
2022/05/29,River Semifinal,completo,18:28:07,21:01:17,perdida,,00:28:10,00:28:10,0.0,,,,10.0,"202,61",interceptado,,1690.0,0,0,0,0,0,0,0,0,0,0,0,0,0,0,0,0,0,0,0,0,0,0,0,0,0,0,0,0,0,0,0,0,0,0,0,0,0,0,0,0,0,0,0,0,0,0,0,0,0,0,0,0,0,0,0,0,0,0,0,0,,202.0353920809025,,61.21817727764823,
2022/05/29,River Semifinal,completo,18:28:07,21:01:17,pase,,00:28:51,00:28:51,0.0,,"39,162",10,6.0,"35,117",corto,,1731.0,0,0,0,0,0,0,1,0,0,0,0,0,0,0,0,0,0,0,0,0,0,0,0,0,0,0,0,0,0,0,0,0,0,0,0,0,0,0,0,0,0,0,0,0,0,0,0,0,0,0,0,0,0,0,0,0,0,0,0,0,6.0,34.878082043943095,38.634345457555796,117.28281457278024,162.0
2022/05/29,River Semifinal,completo,18:28:07,21:01:17,pase,,00:29:15,00:29:15,0.0,,"161,138",9,11.0,"98,143",corto,,1755.0,0,0,0,0,0,0,1,1,0,0,0,0,0,0,0,0,0,0,0,0,0,0,0,0,0,0,0,0,0,0,0,0,0,0,0,0,0,0,0,0,0,0,0,0,0,0,0,0,0,0,0,0,0,0,0,0,0,0,0,0,15.0,98.09766554252525,161.4043867365132,142.6720101533211,137.51105335708365
2022/05/29,River Semifinal,completo,18:28:07,21:01:17,perdida,,00:29:18,00:29:18,0.0,,,,9.0,"165,132",interceptado,,1758.0,0,0,0,0,0,0,0,0,0,0,0,0,0,0,0,0,0,0,0,0,0,0,0,0,0,0,0,0,0,0,0,0,0,0,0,0,0,0,0,0,0,0,0,0,0,0,0,0,0,0,0,0,0,0,0,0,0,0,0,0,,164.69993574796263,,131.82417066977834,
2022/05/29,River Semifinal,completo,18:28:07,21:01:17,pase,,00:29:30,00:29:30,0.0,,"36,98",1,3.0,"127,31",largo,,1770.0,0,0,0,0,0,0,1,0,0,0,0,0,0,0,0,0,0,0,0,0,0,0,0,0,0,0,0,0,0,0,0,0,0,0,0,0,0,0,0,0,0,0,0,0,0,0,0,0,0,0,0,0,0,0,0,0,0,0,0,0,4.0,126.57295267625206,36.37533150602933,30.691417119385672,97.96101663155407
2022/05/29,River Semifinal,completo,18:28:07,21:01:17,pase,,00:30:20,00:30:20,0.0,,"174,28",2,8.0,"189,36",corto,,1820.0,0,0,0,0,0,0,1,0,0,0,0,0,0,0,0,0,0,0,0,0,0,0,0,0,0,0,0,0,0,0,0,0,0,0,0,0,0,0,0,0,0,0,0,0,0,0,0,0,0,0,0,0,0,0,0,0,0,0,0,0,13.0,189.03235051150807,174.12677567877756,35.768971099669436,28.15248187577812
2022/05/29,River Semifinal,completo,18:28:07,21:01:17,pase,,00:30:25,00:30:25,0.0,,"56,88",6,2.0,"102,37",medio,,1825.0,0,0,0,0,0,0,1,0,0,0,0,0,0,0,0,0,0,0,0,0,0,0,0,0,0,0,0,0,0,0,0,0,0,0,0,0,0,0,0,0,0,0,0,0,0,0,0,0,0,0,0,0,0,0,0,0,0,0,0,0,8.0,101.81867159949073,56.104979724758714,37.231966490998296,88.19738364292854
2022/05/29,River Semifinal,completo,18:28:07,21:01:17,pase,,00:30:29,00:30:29,0.0,,"93,79",5,6.0,"94,70",corto,,1829.0,0,0,0,0,0,0,1,0,0,0,0,0,0,0,0,0,0,0,0,0,0,0,0,0,0,0,0,0,0,0,0,0,0,0,0,0,0,0,0,0,0,0,0,0,0,0,0,0,0,0,0,0,0,0,0,0,0,0,0,0,11.0,94.46653541459972,92.95736925033515,70.03431788518829,78.98530345158088
2022/05/29,River Semifinal,completo,18:28:07,21:01:17,perdida,,00:30:29,00:30:29,0.0,,,,5.0,"94,62",robo,,1829.0,0,0,0,0,0,0,0,0,0,0,0,0,0,0,0,0,0,0,0,0,0,0,0,0,0,0,0,0,0,0,0,0,0,0,0,0,0,0,0,0,0,0,0,0,0,0,0,0,0,0,0,0,0,0,0,0,0,0,0,0,,94.13956955401659,,62.463433941475664,
2022/05/29,River Semifinal,completo,18:28:07,21:01:17,pase,,00:30:32,00:30:32,0.0,,"33,67",1,6.0,"122,68",medio,,1832.0,0,0,0,0,0,0,1,0,0,0,0,0,0,0,0,0,0,0,0,0,0,0,0,0,0,0,0,0,0,0,0,0,0,0,0,0,0,0,0,0,0,0,0,0,0,0,0,0,0,0,0,0,0,0,0,0,0,0,0,0,4.0,121.7681781415957,32.79406968076589,67.50691558450815,66.76823795590091
2022/05/29,River Semifinal,completo,18:28:07,21:01:17,falta,,00:31:46,00:31:46,0.0,,,,6.0,"248,73",offside,,1906.0,0,0,0,0,0,0,0,0,0,0,0,0,0,0,0,0,0,0,0,0,0,0,0,0,0,0,0,0,0,1,0,0,0,0,0,0,0,0,0,0,0,0,0,0,0,0,0,0,0,0,0,0,0,0,0,0,0,0,0,0,,247.9825266283463,,73.109097638564,
2022/05/29,River Semifinal,completo,18:28:07,21:01:17,pase,,00:32:40,00:32:40,0.0,,"252,142",9,5.0,"115,125",largo,,1960.0,0,0,0,0,0,0,1,0,0,0,0,0,0,0,0,0,0,0,0,0,0,0,0,0,0,0,0,0,0,0,0,0,0,0,0,0,0,0,0,0,0,0,0,0,0,0,0,0,0,0,0,0,0,0,0,0,0,0,0,0,24.0,115.08106605909731,251.77380488276518,124.67836162348668,141.5002419320021
2022/05/29,River Semifinal,completo,18:28:07,21:01:17,falta,,00:34:44,00:34:44,0.0,,,,11.0,"125,16",recibida,,2084.0,0,0,0,0,0,0,0,0,0,0,0,0,0,0,0,0,0,0,0,0,0,0,0,0,0,0,1,0,0,0,0,0,0,0,0,0,0,0,0,0,0,0,0,0,0,0,0,0,0,0,0,0,0,0,0,0,0,0,0,0,,124.7268372710734,,16.418551206356966,
2022/05/29,River Semifinal,completo,18:28:07,21:01:17,pase,,00:34:59,00:34:59,0.0,,"163,147",10,2.0,"94,83",medio,,2099.0,0,0,0,0,0,0,1,0,0,0,0,0,0,0,0,0,0,0,0,0,0,0,0,0,0,0,0,0,0,0,0,0,0,0,0,0,0,0,0,0,0,0,0,0,0,0,0,0,0,0,0,0,0,0,0,0,0,0,0,0,15.0,94.28434779878326,163.22711437579025,83.36017490754317,147.02823092349132
2022/05/29,River Semifinal,completo,18:28:07,21:01:17,pase,,00:35:09,00:35:09,0.0,,"269,134",11,10.0,"164,124",medio,,2109.0,0,0,0,0,0,0,1,1,0,0,0,0,0,0,0,0,0,0,0,0,0,0,0,0,0,0,0,0,0,0,0,0,0,0,0,0,0,0,0,0,0,0,0,0,0,0,0,0,0,0,0,0,0,0,0,0,0,0,0,0,24.0,163.66772149928153,268.6857573394021,123.62671607990565,134.3070069248779
2022/05/29,River Semifinal,completo,18:28:07,21:01:17,perdida,,00:35:16,00:35:16,0.0,,,,11.0,"262,158",interceptado,,2116.0,0,0,0,0,0,0,0,0,0,0,0,0,0,0,0,0,0,0,0,0,0,0,0,0,0,0,0,0,0,0,0,0,0,0,0,0,0,0,0,0,0,0,0,0,0,0,0,0,0,0,0,0,0,0,0,0,0,0,0,0,,262.06093909831293,,158.37580631083998,
2022/05/29,River Semifinal,completo,18:28:07,21:01:17,pase,,00:37:43,00:37:43,0.0,,"84,8",3,1.0,"11,86",medio,,2263.0,0,0,0,0,0,0,1,0,0,0,0,0,0,0,0,0,0,0,0,0,0,0,0,0,0,0,0,0,0,0,0,0,0,0,0,0,0,0,0,0,0,0,0,0,0,0,0,0,0,0,0,0,0,0,0,0,0,0,0,0,7.0,10.99788295404106,83.73408419953782,86.39742879687884,7.5280748884877
2022/05/29,River Semifinal,completo,18:28:07,21:01:17,falta,,00:38:00,00:38:00,0.0,,,,11.0,"179,64",hecha,,2280.0,0,0,0,0,0,0,0,0,0,0,0,0,0,0,0,0,0,0,0,0,0,0,0,0,0,1,0,0,0,0,0,0,0,0,0,0,0,0,0,0,0,0,0,0,0,0,0,0,0,0,0,0,0,0,0,0,0,0,0,0,,179.06578720783955,,64.4347571017023,
2022/05/29,River Semifinal,completo,18:28:07,21:01:17,pase,,00:39:55,00:39:55,0.0,,"113,33",11,5.0,"70,2",corto,,2395.0,0,0,0,0,0,0,1,0,0,0,0,0,0,0,0,0,0,0,0,0,0,0,0,0,0,0,0,0,0,0,0,0,0,0,0,0,0,0,0,0,0,0,0,0,0,0,0,0,0,0,0,0,0,0,0,0,0,0,0,0,10.0,69.97487763991609,112.5998368042014,2.113343319788246,32.799515350621306
2022/05/29,River Semifinal,completo,18:28:07,21:01:17,pase,,00:40:00,00:40:00,0.0,,"111,26",6,11.0,"105,41",corto,,2400.0,0,0,0,0,0,0,1,0,0,0,0,0,0,0,0,0,0,0,0,0,0,0,0,0,0,0,0,0,0,0,0,0,0,0,0,0,0,0,0,0,0,0,0,0,0,0,0,0,0,0,0,0,0,0,0,0,0,0,0,0,10.0,104.58876761933475,111.3060310472519,40.511110437588584,25.813472280137056
2022/05/29,River Semifinal,completo,18:28:07,21:01:17,pase,,00:40:09,00:40:09,0.0,,"65,136",4,6.0,"58,17",medio,,2409.0,0,0,0,0,0,0,1,0,0,0,0,0,0,0,0,0,0,0,0,0,0,0,0,0,0,0,0,0,0,0,0,0,0,0,0,0,0,0,0,0,0,0,0,0,0,0,0,0,0,0,0,0,0,0,0,0,0,0,0,0,9.0,57.77878949788572,65.36678078736713,16.651171348583834,135.55640091292085
2022/05/29,River Semifinal,completo,18:28:07,21:01:17,pase,,00:40:11,00:40:11,0.0,,"93,153",10,4.0,"118,139",corto,,2411.0,0,0,0,0,0,0,1,1,0,0,0,0,0,0,0,0,0,0,0,0,0,0,0,0,0,0,0,0,0,0,0,0,0,0,0,0,0,0,0,0,0,0,0,0,0,0,0,0,0,0,0,0,0,0,0,0,0,0,0,0,12.0,117.87946604095184,93.42500974463111,138.99998351470444,153.28344415767748
2022/05/29,River Semifinal,completo,18:28:07,21:01:17,perdida,,00:40:11,00:40:11,0.0,,,,10.0,"88,140",interceptado,,2411.0,0,0,0,0,0,0,0,0,0,0,0,0,0,0,0,0,0,0,0,0,0,0,0,0,0,0,0,0,0,0,0,0,0,0,0,0,0,0,0,0,0,0,0,0,0,0,0,0,0,0,0,0,0,0,0,0,0,0,0,0,,87.59480705811917,,140.47428931714424,
2022/05/29,River Semifinal,completo,18:28:07,21:01:17,pase,,00:40:43,00:40:43,0.0,,"212,146",9,1.0,"13,97",largo,,2443.0,0,0,0,0,0,0,1,0,0,0,0,0,0,0,0,0,0,0,0,0,0,0,0,0,0,0,0,0,0,0,0,0,0,0,0,0,0,0,0,0,0,0,0,0,0,0,0,0,0,0,0,0,0,0,0,0,0,0,0,0,18.0,13.217262195740602,212.3070127909414,97.46712981922832,145.61720276237742
2022/05/29,River Semifinal,completo,18:28:07,21:01:17,pase,,00:40:44,00:40:44,0.0,,"209,124",10,9.0,"222,129",corto,,2444.0,0,0,0,0,0,0,1,0,0,0,0,0,0,0,0,0,0,0,0,0,0,0,0,0,0,0,0,0,0,0,0,0,0,0,0,0,0,0,0,0,0,0,0,0,0,0,0,0,0,0,0,0,0,0,0,0,0,0,0,0,18.0,222.13977746171747,209.40583710542248,128.59795916551678,123.81763801868156
2022/05/29,River Semifinal,completo,18:28:07,21:01:17,pase,,00:40:48,00:40:48,0.0,,"206,158",9,10.0,"203,133",corto,,2448.0,0,0,0,0,0,0,1,0,0,0,0,0,0,0,0,0,0,0,0,0,0,0,0,0,0,0,0,0,0,0,0,0,0,0,0,0,0,0,0,0,0,0,0,0,0,0,0,0,0,0,0,0,0,0,0,0,0,0,0,0,18.0,203.36916278017253,205.82811543749867,133.38018008750467,157.85959133657389
2022/05/29,River Semifinal,completo,18:28:07,21:01:17,pase,,00:40:51,00:40:51,0.0,,"168,127",4,9.0,"206,141",corto,,2451.0,0,0,0,0,0,0,1,0,0,0,0,0,0,0,0,0,0,0,0,0,0,0,0,0,0,0,0,0,0,0,0,0,0,0,0,0,0,0,0,0,0,0,0,0,0,0,0,0,0,0,0,0,0,0,0,0,0,0,0,0,15.0,205.7439807597368,168.3172675905561,140.7051442376553,126.8712597651674
2022/05/29,River Semifinal,completo,18:28:07,21:01:17,pase,,00:40:56,00:40:56,0.0,,"172,32",3,4.0,"145,126",largo,,2456.0,0,0,0,0,0,0,1,1,0,0,0,0,0,0,0,0,0,0,0,0,0,0,0,0,0,0,0,0,0,0,0,0,0,0,0,0,0,0,0,0,0,0,0,0,0,0,0,0,0,0,0,0,0,0,0,0,0,0,0,0,13.0,145.04393804250282,171.80534336761355,126.3961140694423,32.007954352572746
2022/05/29,River Semifinal,completo,18:28:07,21:01:17,perdida,,00:41:01,00:41:01,0.0,,,,3.0,"175,30",interceptado,,2461.0,0,0,0,0,0,0,0,0,0,0,0,0,0,0,0,0,0,0,0,0,0,0,0,0,0,0,0,0,0,0,0,0,0,0,0,0,0,0,0,0,0,0,0,0,0,0,0,0,0,0,0,0,0,0,0,0,0,0,0,0,,174.802467782508,,30.430917077570452,
2022/05/29,River Semifinal,completo,18:28:07,21:01:17,pase,,00:41:30,00:41:30,0.0,,"194,38",11,3.0,"116,32",inteligente,,2490.0,0,0,0,0,0,1,1,0,0,1,0,0,0,0,0,0,0,0,0,0,0,0,0,0,0,0,0,0,0,0,0,0,0,0,0,0,0,0,0,0,0,0,0,0,0,0,0,0,0,0,0,0,0,0,0,0,0,0,0,0,16.0,115.58036088252518,193.56689763620804,32.15258571915021,38.466308037551606
2022/05/29,River Semifinal,completo,18:28:07,21:01:17,remate pie,,00:41:34,00:41:34,0.0,,"244,73",Rival,11.0,"248,30",corta distancia,,2494.0,1,0,1,0,0,0,0,0,0,0,0,0,0,0,0,0,0,0,0,0,0,0,0,0,0,0,0,0,0,0,0,0,0,0,0,0,0,0,0,0,0,0,0,0,0,0,0,0,0,0,0,0,0,0,0,0,0,0,0,0,22.0,247.82425274364917,244.36948627524504,30.2966840927394,72.91221257458912
2022/05/29,River Semifinal,completo,18:28:07,21:01:17,gol,,00:41:34,00:41:34,0.0,,,,11.0,"245,65",directa,,2494.0,0,0,0,0,0,0,0,0,0,0,0,0,0,0,0,0,0,0,0,0,0,0,0,0,0,0,0,0,0,0,0,0,0,0,0,0,0,0,0,0,0,0,0,0,0,0,0,0,0,0,0,0,0,0,0,0,0,0,0,0,,245.0610032084989,,64.73395753711415,
2022/05/29,River Semifinal,completo,18:28:07,21:01:17,arquero,,00:43:28,00:43:28,0.0,,,,1.0,"8,100",remate atajable,,2608.0,0,0,0,0,0,0,0,0,0,0,0,0,0,0,0,0,0,0,0,0,0,0,0,0,0,0,0,0,0,0,0,0,0,0,0,0,0,0,0,0,0,0,0,0,0,0,0,0,0,0,0,0,0,0,0,0,0,0,0,0,,7.734047842774421,,99.96256976565573,
2022/05/29,River Semifinal,completo,18:28:07,21:01:17,falta,,00:43:59,00:43:59,0.0,,,,7.0,"147,10",recibida,,2639.0,0,0,0,0,0,0,0,0,0,0,0,0,0,0,0,0,0,0,0,0,0,0,0,0,0,0,1,0,0,0,0,0,0,0,0,0,0,0,0,0,0,0,0,0,0,0,0,0,0,0,0,0,0,0,0,0,0,0,0,0,,146.7006992553984,,10.480204792765758,
2022/05/29,River Semifinal,completo,18:28:07,21:01:17,pase,,00:47:36,00:47:36,0.0,,"149,23",10,9.0,"194,29",corto,,2856.0,0,0,0,0,0,0,1,0,0,0,0,0,0,0,0,0,0,0,0,0,0,0,0,0,0,0,0,0,0,0,0,0,0,0,0,0,0,0,0,0,0,0,0,0,0,0,0,0,0,0,0,0,0,0,0,0,0,0,0,0,13.0,194.47736008626185,148.60153047128597,29.178369114617638,22.804130741910377
2022/05/29,River Semifinal,completo,18:28:07,21:01:17,pase,,00:47:40,00:47:40,0.0,,"237,38",9,10.0,"175,23",medio,,2860.0,0,0,0,0,0,0,1,0,0,0,0,0,0,0,0,0,0,0,0,0,0,0,0,0,0,0,0,0,0,0,0,0,0,0,0,0,0,0,0,0,0,0,0,0,0,0,0,0,0,0,0,0,0,0,0,0,0,0,0,0,19.0,175.3179750133384,237.36405545617552,23.00421052100205,38.048863680855256
2022/05/29,River Semifinal,completo,18:28:07,21:01:17,falta,,00:47:54,00:47:54,0.0,,,,9.0,"234,19",hecha,,2874.0,0,0,0,0,0,0,0,0,0,0,0,0,0,0,0,0,0,0,0,0,0,0,0,0,0,1,0,0,0,0,0,0,0,0,0,0,0,0,0,0,0,0,0,0,0,0,0,0,0,0,0,0,0,0,0,0,0,0,0,0,,234.42413373249195,,18.92522214747035,
2022/05/29,River Semifinal,completo,18:28:07,21:01:17,pase,,00:48:16,00:48:16,0.0,,"175,84",9,11.0,"179,137",corto,,2896.0,0,0,0,0,0,0,1,0,0,0,0,0,0,0,0,0,0,0,0,0,0,0,0,0,0,0,0,0,0,0,0,0,0,0,0,0,0,0,0,0,0,0,0,0,0,0,0,0,0,0,0,0,0,0,0,0,0,0,0,0,14.0,178.93035936711684,175.08899759850382,136.87270750708007,84.40936412770586
2022/05/29,River Semifinal,completo,18:28:07,21:01:17,pase,,00:48:18,00:48:18,0.0,,"158,80",8,9.0,"151,97",corto,,2898.0,0,0,0,0,0,0,1,0,0,0,0,0,0,0,0,0,0,0,0,0,0,0,0,0,0,0,0,0,0,0,0,0,0,0,0,0,0,0,0,0,0,0,0,0,0,0,0,0,0,0,0,0,0,0,0,0,0,0,0,0,14.0,150.90711760669092,158.2195935353648,97.34718344378267,80.06895559519931
2022/05/29,River Semifinal,completo,18:28:07,21:01:17,pase,,00:48:18,00:48:18,0.0,,"179,146",11,8.0,"150,153",corto,,2898.0,0,0,0,0,0,0,1,0,0,0,0,0,0,0,0,0,0,0,0,0,0,0,0,0,0,0,0,0,0,0,0,0,0,0,0,0,0,0,0,0,0,0,0,0,0,0,0,0,0,0,0,0,0,0,0,0,0,0,0,0,15.0,150.351367665499,178.76797723518993,152.89027680097342,146.21923833463455
2022/05/29,River Semifinal,completo,18:28:07,21:01:17,pase,,00:48:22,00:48:22,0.0,,"183,157",10,11.0,"158,128",corto,,2902.0,0,0,0,0,0,0,1,1,0,0,0,0,0,0,0,0,0,0,0,0,0,0,0,0,0,0,0,0,0,0,0,0,0,0,0,0,0,0,0,0,0,0,0,0,0,0,0,0,0,0,0,0,0,0,0,0,0,0,0,0,18.0,157.82695973432288,183.27796953958847,127.56587289934276,156.7107988335904
2022/05/29,River Semifinal,completo,18:28:07,21:01:17,perdida,,00:48:29,00:48:29,0.0,,,,10.0,"265,150",interceptado,,2909.0,0,0,0,0,0,0,0,0,0,0,0,0,0,0,0,0,0,0,0,0,0,0,0,0,0,0,0,0,0,0,0,0,0,0,0,0,0,0,0,0,0,0,0,0,0,0,0,0,0,0,0,0,0,0,0,0,0,0,0,0,,265.2715175352416,,149.62124728179865,
2022/05/29,River Semifinal,completo,18:28:07,21:01:17,arquero,,00:49:18,00:49:18,0.0,,,,1.0,"15,94",remate atajable,,2958.0,0,0,0,0,0,0,0,0,0,0,0,0,0,0,0,0,0,0,0,0,0,0,0,0,0,0,0,0,0,0,0,0,0,0,0,0,0,0,0,0,0,0,0,0,0,0,0,0,0,0,0,0,0,0,0,0,0,0,0,0,,14.530151550127599,,93.66437827021475,
2022/05/29,River Semifinal,completo,18:28:07,21:01:17,gol rival,,00:52:12,00:52:12,0.0,,,1,,"0,84",indirecta,,3132.0,0,0,0,0,0,0,0,0,0,0,0,0,0,0,0,0,0,0,0,0,0,0,0,0,0,0,0,0,0,0,0,0,0,0,0,0,0,0,0,0,0,0,0,0,0,0,0,0,0,0,0,1,1,0,0,0,0,0,0,0,,0.0,,83.60971440283703,
2022/05/29,River Semifinal,completo,18:28:07,21:01:17,arquero,,00:52:13,00:52:13,0.0,,,,1.0,"23,102",remate atajable,,3133.0,0,0,0,0,0,0,0,0,0,0,0,0,0,0,0,0,0,0,0,0,0,0,0,0,0,0,0,0,0,0,0,0,0,0,0,0,0,0,0,0,0,0,0,0,0,0,0,0,0,0,0,0,0,0,0,0,0,0,0,0,,22.55523870113866,,101.90505713053807,
2022/05/29,River Semifinal,completo,18:28:07,21:01:17,pase,,00:55:04,00:55:04,0.0,,"26,78",1,2.0,"67,75",corto,,3304.0,0,0,0,0,0,0,1,1,0,0,0,0,0,0,0,0,0,0,0,0,0,0,0,0,0,0,0,0,0,0,0,0,0,0,0,0,0,0,0,0,0,0,0,0,0,0,0,0,0,0,0,0,0,0,0,0,0,0,0,0,4.0,66.5854138047699,25.88893688548417,74.94288877591158,77.73084468701805
2022/05/29,River Semifinal,completo,18:28:07,21:01:17,perdida,,00:55:07,00:55:07,0.0,,,,1.0,"21,91",interceptado,,3307.0,0,0,0,0,0,0,0,0,0,0,0,0,0,0,0,0,0,0,0,0,0,0,0,0,0,0,0,0,0,0,0,0,0,0,0,0,0,0,0,0,0,0,0,0,0,0,0,0,0,0,0,0,0,0,0,0,0,0,0,0,,20.868722343985542,,91.48192139289694,
2022/05/29,River Semifinal,completo,18:28:07,21:01:17,pase,,00:55:10,00:55:10,0.0,,"50,74",6,7.0,"66,79",corto,,3310.0,0,0,0,0,0,0,1,0,0,0,0,0,0,0,0,0,0,0,0,0,0,0,0,0,0,0,0,0,0,0,0,0,0,0,0,0,0,0,0,0,0,0,0,0,0,0,0,0,0,0,0,0,0,0,0,0,0,0,0,0,8.0,66.41382170876471,49.6296862598737,78.96721066075588,74.03735769824398
2022/05/29,River Semifinal,completo,18:28:07,21:01:17,pase,,00:55:23,00:55:23,0.0,,"108,31",3,5.0,"112,78",corto,,3323.0,0,0,0,0,0,0,1,0,0,0,0,0,0,0,0,0,0,0,0,0,0,0,0,0,0,0,0,0,0,0,0,0,0,0,0,0,0,0,0,0,0,0,0,0,0,0,0,0,0,0,0,0,0,0,0,0,0,0,0,0,10.0,112.31204611347474,107.52819690635536,77.9864373084243,30.99298361168027
2022/05/29,River Semifinal,completo,18:28:07,21:01:17,pase,,00:55:26,00:55:26,0.0,,"110,98",5,3.0,"89,5",corto,,3326.0,0,0,0,0,0,0,1,0,0,0,0,0,0,0,0,0,0,0,0,0,0,0,0,0,0,0,0,0,0,0,0,0,0,0,0,0,0,0,0,0,0,0,0,0,0,0,0,0,0,0,0,0,0,0,0,0,0,0,0,0,11.0,89.02186613086403,110.29302820375331,5.304057697135544,97.53126334988912
2022/05/29,River Semifinal,completo,18:28:07,21:01:17,pase,,00:55:29,00:55:29,0.0,,"59,100",2,5.0,"120,97",medio,,3329.0,0,0,0,0,0,0,1,0,0,0,0,0,0,0,0,0,0,0,0,0,0,0,0,0,0,0,0,0,0,0,0,0,0,0,0,0,0,0,0,0,0,0,0,0,0,0,0,0,0,0,0,0,0,0,0,0,0,0,0,0,8.0,119.93520165658393,59.134616554101896,96.87052602640645,100.40949489355918
2022/05/29,River Semifinal,completo,18:28:07,21:01:17,pase,,00:55:32,00:55:32,0.0,,"114,69",5,2.0,"61,73",corto,,3332.0,0,0,0,0,0,0,1,0,0,0,0,0,0,0,0,0,0,0,0,0,0,0,0,0,0,0,0,0,0,0,0,0,0,0,0,0,0,0,0,0,0,0,0,0,0,0,0,0,0,0,0,0,0,0,0,0,0,0,0,0,11.0,61.485856700445446,113.74490543486807,72.64850123489276,69.30544143588534
2022/05/29,River Semifinal,completo,18:28:07,21:01:17,pase,,00:55:35,00:55:35,0.0,,"108,30",3,5.0,"104,67",medio,,3335.0,0,0,0,0,0,0,1,0,0,0,0,0,0,0,0,0,0,0,0,0,0,0,0,0,0,0,0,0,0,0,0,0,0,0,0,0,0,0,0,0,0,0,0,0,0,0,0,0,0,0,0,0,0,0,0,0,0,0,0,0,10.0,103.61911716476429,108.03634030541419,66.687519009511,30.41662328871745
2022/05/29,River Semifinal,completo,18:28:07,21:01:17,pase,,00:56:57,00:56:57,0.0,,"98,37",9,5.0,"81,37",corto,,3417.0,0,0,0,0,0,0,1,0,0,0,0,0,0,0,0,0,0,0,0,0,0,0,0,0,0,0,0,0,0,0,0,0,0,0,0,0,0,0,0,0,0,0,0,0,0,0,0,0,0,0,0,0,0,0,0,0,0,0,0,0,10.0,81.47632762796843,98.00323028234192,37.13624674892824,37.20040773204204
2022/05/29,River Semifinal,completo,18:28:07,21:01:17,pase,,00:57:00,00:57:00,0.0,,"126,15",3,9.0,"106,25",corto,,3420.0,0,0,0,0,0,0,1,0,0,0,0,0,0,0,0,0,0,0,0,0,0,0,0,0,0,0,0,0,0,0,0,0,0,0,0,0,0,0,0,0,0,0,0,0,0,0,0,0,0,0,0,0,0,0,0,0,0,0,0,0,10.0,105.97129873475943,125.52435124463727,25.178262533434847,14.523085063293173
2022/05/29,River Semifinal,completo,18:28:07,21:01:17,pase,,00:57:01,00:57:01,0.0,,"124,10",5,3.0,"100,35",corto,,3421.0,0,0,0,0,0,0,1,0,0,0,0,0,0,0,0,0,0,0,0,0,0,0,0,0,0,0,0,0,0,0,0,0,0,0,0,0,0,0,0,0,0,0,0,0,0,0,0,0,0,0,0,0,0,0,0,0,0,0,0,0,10.0,100.00995770366353,123.76924117366357,35.16621562536396,10.461078926694746
2022/05/29,River Semifinal,completo,18:28:07,21:01:17,pase,,00:57:05,00:57:05,0.0,,"221,38",9,5.0,"178,94",medio,,3425.0,0,0,0,0,0,0,1,0,0,0,0,0,0,0,0,0,0,0,0,0,0,0,0,0,0,0,0,0,0,0,0,0,0,0,0,0,0,0,0,0,0,0,0,0,0,0,0,0,0,0,0,0,0,0,0,0,0,0,0,0,16.0,178.11416921844736,221.36109880746272,93.67002691954218,37.590812354468525
2022/05/29,River Semifinal,completo,18:28:07,21:01:17,pase,,00:57:46,00:57:46,0.0,,"247,82",9,6.0,"254,83",corto,,3466.0,0,0,0,0,0,1,1,0,0,0,0,0,0,0,0,0,0,0,0,0,0,0,0,0,0,0,0,0,0,0,0,0,0,0,0,0,0,0,0,0,0,0,0,0,0,0,0,0,0,0,0,0,0,0,0,0,0,0,0,0,22.0,254.29308150935583,246.94992123786852,83.26498733556807,82.35021693714232
2022/05/29,River Semifinal,completo,18:28:07,21:01:17,remate pie,,00:57:48,00:57:48,0.0,,,,9.0,"256,71",corta distancia,,3468.0,1,0,1,0,0,0,0,0,0,0,0,0,0,0,0,0,0,0,0,0,0,0,0,0,0,0,0,0,0,0,0,0,0,0,0,0,0,0,0,0,0,0,0,0,0,0,0,0,0,0,0,0,0,0,0,0,0,0,0,0,,256.3184258572093,,71.04124854012474,
2022/05/29,River Semifinal,completo,18:28:07,21:01:17,gol,,00:57:48,00:57:48,0.0,,,,9.0,"241,80",directa,,3468.0,0,0,0,0,0,0,0,0,0,0,0,0,0,0,0,0,0,0,0,0,0,0,0,0,0,0,0,0,0,0,0,0,0,0,0,0,0,0,0,0,0,0,0,0,0,0,0,0,0,0,0,0,0,0,0,0,0,0,0,0,,240.84619268057403,,79.68322911320968,
2022/05/29,River Semifinal,completo,18:28:07,21:01:17,pase,,00:59:01,00:59:01,0.0,,"190,126",11,8.0,"110,125",medio,,3541.0,0,0,0,0,0,0,1,1,0,0,0,0,0,0,0,0,0,0,0,0,0,0,0,0,0,0,0,0,0,0,0,0,0,0,0,0,0,0,0,0,0,0,0,0,0,0,0,0,0,0,0,0,0,0,0,0,0,0,0,0,18.0,110.44513886835645,190.48949911689158,125.1798105680742,125.70652682857204
2022/05/29,River Semifinal,completo,18:28:07,21:01:17,perdida,,00:59:04,00:59:04,0.0,,,,11.0,"233,153",interceptado,,3544.0,0,0,0,0,0,0,0,0,0,0,0,0,0,0,0,0,0,0,0,0,0,0,0,0,0,0,0,0,0,0,0,0,0,0,0,0,0,0,0,0,0,0,0,0,0,0,0,0,0,0,0,0,0,0,0,0,0,0,0,0,,232.71797973722212,,152.96783629408145,
2022/05/29,River Semifinal,completo,18:28:07,21:01:17,pase,,01:00:52,01:00:52,0.0,,"222,142",11,5.0,"93,154",medio,,3652.0,0,0,0,0,0,0,1,0,0,0,0,0,0,0,0,0,0,0,0,0,0,0,0,0,0,0,0,0,0,0,0,0,0,0,0,0,0,0,0,0,0,0,0,0,0,0,0,0,0,0,0,0,0,0,0,0,0,0,0,0,18.0,92.83974185699799,222.22954456267783,153.7715195949811,142.026380128497
2022/05/29,River Semifinal,completo,18:28:07,21:01:17,pase,,01:00:58,01:00:58,0.0,,"254,91",9,11.0,"240,132",medio,,3658.0,0,0,0,0,0,0,0,1,0,0,0,0,0,0,0,0,0,0,0,0,0,0,0,0,0,0,0,0,0,0,0,0,0,0,0,0,0,0,0,0,0,0,0,0,0,0,0,0,0,0,0,0,0,0,0,0,0,0,0,0,21.0,240.36638299367524,253.8330502103708,131.97529530639662,91.11263859779586
2022/05/29,River Semifinal,completo,18:28:07,21:01:17,perdida,,01:00:59,01:00:59,0.0,,,,11.0,"254,159",interceptado,,3659.0,0,0,0,0,0,0,0,0,0,0,0,0,0,0,0,0,0,0,0,0,0,0,0,0,0,0,0,0,0,0,0,0,0,0,0,0,0,0,0,0,0,0,0,0,0,0,0,0,0,0,0,0,0,0,0,0,0,0,0,0,,253.81494702515448,,159.23724029397215,
2022/05/29,River Semifinal,completo,18:28:07,21:01:17,falta,,01:01:18,01:01:18,0.0,,,,3.0,"115,87",hecha,,3678.0,0,0,0,0,0,0,0,0,0,0,0,0,0,0,0,0,0,0,0,0,0,0,0,0,0,1,0,0,0,0,0,0,0,0,0,0,0,0,0,0,0,0,0,0,0,0,0,0,0,0,0,0,0,0,0,0,0,0,0,0,,115.08763040419191,,86.69519144362184,
2022/05/29,River Semifinal,completo,18:28:07,21:01:17,falta,,01:01:33,01:01:33,0.0,,,,4.0,"73,145",recibida,,3693.0,0,0,0,0,0,0,0,0,0,0,0,0,0,0,0,0,0,0,0,0,0,0,0,0,0,0,1,0,0,0,0,0,0,0,0,0,0,0,0,0,0,0,0,0,0,0,0,0,0,0,0,0,0,0,0,0,0,0,0,0,,73.07053351822672,,144.9100428941739,
2022/05/29,River Semifinal,completo,18:28:07,21:01:17,pase,,01:01:59,01:01:59,0.0,,"228,61",Rival,1.0,"7,73",s arquero pie,,3719.0,0,0,0,0,0,0,0,1,0,0,0,0,0,0,0,0,0,0,0,0,0,0,0,0,0,0,0,0,0,0,0,0,0,0,0,0,0,0,0,0,0,0,0,0,0,0,0,0,0,0,0,0,0,0,0,0,0,0,1,1,21.0,7.425540491011919,228.1608255079284,72.79393689734701,60.96587871336196
2022/05/29,River Semifinal,completo,18:28:07,21:01:17,perdida,,01:02:01,01:02:01,0.0,,,,1.0,"31,65",interceptado,,3721.0,0,0,0,0,0,0,0,0,0,0,0,0,0,0,0,0,0,0,0,0,0,0,0,0,0,0,0,0,0,0,0,0,0,0,0,0,0,0,0,0,0,0,0,0,0,0,0,0,0,0,0,0,0,0,0,0,0,0,0,0,,30.52959131040562,,64.59366280796047,
2022/05/29,River Semifinal,completo,18:28:07,21:01:17,pase,,01:02:12,01:02:12,0.0,,"80,91",5,2.0,"54,134",corto,,3732.0,0,0,0,0,0,0,1,0,0,0,0,0,0,0,0,0,0,0,0,0,0,0,0,0,0,0,0,0,0,0,0,0,0,0,0,0,0,0,0,0,0,0,0,0,0,0,0,0,0,0,0,0,0,0,0,0,0,0,0,0,8.0,54.30884496587319,80.2153534381005,134.3688180518829,90.79748961679502
2022/05/29,River Semifinal,completo,18:28:07,21:01:17,pase,,01:02:15,01:02:15,0.0,,"105,35",3,5.0,"127,71",corto,,3735.0,0,0,0,0,0,0,1,0,0,0,0,0,0,0,0,0,0,0,0,0,0,0,0,0,0,0,0,0,0,0,0,0,0,0,0,0,0,0,0,0,0,0,0,0,0,0,0,0,0,0,0,0,0,0,0,0,0,0,0,0,10.0,126.77367874541103,105.48857868500251,70.92510388734355,34.99075572285736
2022/05/29,River Semifinal,completo,18:28:07,21:01:17,pase,,01:02:20,01:02:20,0.0,,"155,26",10,3.0,"116,13",corto,,3740.0,0,0,0,0,0,0,1,0,0,0,0,0,0,0,0,0,0,0,0,0,0,0,0,0,0,0,0,0,0,0,0,0,0,0,0,0,0,0,0,0,0,0,0,0,0,0,0,0,0,0,0,0,0,0,0,0,0,0,0,0,13.0,115.9759816842519,155.25866018534404,12.931866265779826,26.26492409071099
2022/05/29,River Semifinal,completo,18:28:07,21:01:17,falta,,01:02:29,01:02:29,0.0,,,,10.0,"147,22",recibida,,3749.0,0,0,0,0,0,0,0,0,0,0,0,0,0,0,0,0,0,0,0,0,0,0,0,0,0,0,1,0,0,0,0,0,0,0,0,0,0,0,0,0,0,0,0,0,0,0,0,0,0,0,0,0,0,0,0,0,0,0,0,0,,147.32362702606756,,21.5121299500047,
2022/05/29,River Semifinal,completo,18:28:07,21:01:17,falta,,01:07:19,01:07:19,0.0,,,,6.0,"72,63",hecha,,4039.0,0,0,0,0,0,0,0,0,0,0,0,0,0,0,0,0,0,0,0,0,0,0,0,0,0,1,0,0,0,0,0,0,0,0,0,0,0,0,0,0,0,0,0,0,0,0,0,0,0,0,0,0,0,0,0,0,0,0,0,0,,71.982673863854,,63.01416798520302,
2022/05/29,River Semifinal,completo,18:28:07,21:01:17,falta,,01:07:22,01:07:22,0.0,,,,2.0,"49,86",hecha,,4042.0,0,0,0,0,0,0,0,0,0,0,0,0,0,0,0,0,0,0,0,0,0,0,0,0,0,1,0,0,0,0,0,0,0,0,0,0,0,0,0,0,0,0,0,0,0,0,0,0,0,0,0,0,0,0,0,0,0,0,0,0,,49.4797363759972,,86.15799319265159,
2022/05/29,River Semifinal,completo,18:28:07,21:01:17,tarjeta,,01:07:27,01:07:27,0.0,,,,2.0,"72,90",amarilla,,4047.0,0,0,0,0,0,0,0,0,0,0,0,0,0,0,0,0,0,0,0,0,0,0,0,0,0,0,0,0,0,0,1,0,0,0,0,0,0,0,0,0,0,0,0,0,0,0,0,0,0,0,0,0,0,0,0,0,0,0,0,0,,71.50226304150729,,89.70247682682808,
2022/05/29,River Semifinal,completo,18:28:07,21:01:17,arquero,,01:08:14,01:08:14,0.0,,"51,74",Rival,1.0,"24,63",remate atajable,,4094.0,0,0,0,0,0,0,0,0,0,0,0,0,0,0,0,0,0,0,0,0,0,0,0,0,0,0,0,0,0,0,0,0,0,0,0,0,0,0,0,0,0,0,0,0,0,0,0,0,0,0,0,0,0,0,0,0,0,0,0,0,8.0,24.195867809457,50.60244302085442,63.09417961809282,74.17332413842078
2022/05/29,River Semifinal,completo,18:28:07,21:01:17,pase,,01:08:57,01:08:57,0.0,,"18,160",4,10.0,"31,158",corto,,4137.0,0,0,0,0,0,0,1,0,0,0,0,0,0,0,0,0,0,0,0,0,0,0,0,0,0,0,0,0,0,0,0,0,0,0,0,0,0,0,0,0,0,0,0,0,0,0,0,0,0,0,0,0,0,0,0,0,0,0,0,0,6.0,30.995170773452717,18.33208807455339,158.26576677774742,159.6422932356857
2022/05/29,River Semifinal,completo,18:28:07,21:01:17,pase,,01:09:02,01:09:02,0.0,,"124,75",11,4.0,"11,162",medio,,4142.0,0,0,0,0,0,0,1,0,0,0,0,0,0,0,0,0,0,0,0,0,0,0,0,0,0,0,0,0,0,0,0,0,0,0,0,0,0,0,0,0,0,0,0,0,0,0,0,0,0,0,0,0,0,0,0,0,0,0,0,0,11.0,11.073220742517451,123.67153663376394,162.0,75.47785102038671
2022/05/29,River Semifinal,completo,18:28:07,21:01:17,pase,,01:09:03,01:09:03,0.0,,"91,76",9,11.0,"124,98",corto,,4143.0,0,0,0,0,0,0,1,1,0,0,0,0,0,0,0,0,0,0,0,0,0,0,0,0,0,0,0,0,0,0,0,0,0,0,0,0,0,0,0,0,0,0,0,0,0,0,0,0,0,0,0,0,0,0,0,0,0,0,0,0,11.0,123.62131891975957,91.04494293051806,98.00852663817619,76.12605505665064
2022/05/29,River Semifinal,completo,18:28:07,21:01:17,perdida,,01:09:06,01:09:06,0.0,,,,9.0,"97,90",interceptado,,4146.0,0,0,0,0,0,0,0,0,0,0,0,0,0,0,0,0,0,0,0,0,0,0,0,0,0,0,0,0,0,0,0,0,0,0,0,0,0,0,0,0,0,0,0,0,0,0,0,0,0,0,0,0,0,0,0,0,0,0,0,0,,97.1005150960277,,89.8179483135039,
2022/05/29,River Semifinal,completo,18:28:07,21:01:17,pase,,01:09:53,01:09:53,0.0,,"100,147",10,4.0,"60,127",corto,,4193.0,0,0,0,0,0,0,1,0,0,0,0,0,0,0,0,0,0,0,0,0,0,0,0,0,0,0,0,0,0,0,0,0,0,0,0,0,0,0,0,0,0,0,0,0,0,0,0,0,0,0,0,0,0,0,0,0,0,0,0,0,12.0,59.5261435414167,99.81562758213119,127.32889607723692,147.43221403857476
2022/05/29,River Semifinal,completo,18:28:07,21:01:17,perdida,,01:10:01,01:10:01,0.0,,,,10.0,"170,126",robo,,4201.0,0,0,0,0,0,0,0,0,0,0,0,0,0,0,0,0,0,0,0,0,0,0,0,0,0,0,0,0,0,0,0,0,0,0,0,0,0,0,0,0,0,0,0,0,0,0,0,0,0,0,0,0,0,0,0,0,0,0,0,0,,170.36994377475065,,125.87167240924579,
2022/05/29,River Semifinal,completo,18:28:07,21:01:17,pase,,01:10:21,01:10:21,0.0,,"164,136",4,7.0,"208,143",corto,,4221.0,0,0,0,0,0,0,1,0,0,0,0,0,0,0,0,0,0,0,0,0,0,0,0,0,0,0,0,0,0,0,0,0,0,0,0,0,0,0,0,0,0,0,0,0,0,0,0,0,0,0,0,0,0,0,0,0,0,0,0,0,15.0,207.53345665395278,163.55474810058223,142.5569942422879,136.23261545431168
2022/05/29,River Semifinal,completo,18:28:07,21:01:17,pase,,01:11:13,01:11:13,0.0,,"181,30",9,3.0,"128,4",medio,,4273.0,0,0,0,0,0,0,1,0,0,0,0,0,0,0,0,0,0,0,0,0,0,0,0,0,0,0,0,0,0,0,0,0,0,0,0,0,0,0,0,0,0,0,0,0,0,0,0,0,0,0,0,0,0,0,0,0,0,0,0,0,13.0,128.0646964675646,181.12721360833575,4.128065992252125,29.711418807498923
2022/05/29,River Semifinal,completo,18:28:07,21:01:17,pase,,01:11:18,01:11:18,0.0,,"154,16",7,9.0,"173,18",corto,,4278.0,0,0,0,0,0,0,1,0,0,0,0,0,0,0,0,0,0,0,0,0,0,0,0,0,0,0,0,0,0,0,0,0,0,0,0,0,0,0,0,0,0,0,0,0,0,0,0,0,0,0,0,0,0,0,0,0,0,0,0,0,13.0,173.36584441730852,154.0416740636838,17.55720539254828,15.500357119917663
2022/05/29,River Semifinal,completo,18:28:07,21:01:17,pase,,01:11:22,01:11:22,0.0,,"117,24",3,7.0,"162,33",largo,,4282.0,0,0,0,0,0,0,0,1,0,0,0,0,0,0,0,0,0,0,0,0,0,0,0,0,0,0,0,0,0,0,0,0,0,0,0,0,0,0,0,0,0,0,0,0,0,0,0,0,0,0,0,0,0,0,0,0,0,0,0,0,10.0,161.87398666900737,116.93790332446433,32.957642663989425,23.70647756325714
2022/05/29,River Semifinal,completo,18:28:07,21:01:17,perdida,,01:11:22,01:11:22,0.0,,,,7.0,"152,1",interceptado,,4282.0,0,0,0,0,0,0,0,0,0,0,0,0,0,0,0,0,0,0,0,0,0,0,0,0,0,0,0,0,0,0,0,0,0,0,0,0,0,0,0,0,0,0,0,0,0,0,0,0,0,0,0,0,0,0,0,0,0,0,0,0,,152.3016482345269,,1.3604006985863037,
2022/05/29,River Semifinal,completo,18:28:07,21:01:17,remate pie,,01:11:39,01:11:39,0.0,,"243,74",Rival,11.0,"243,52",corta distancia,,4299.0,0,0,0,0,0,0,0,0,0,0,0,0,0,0,0,0,0,0,0,0,0,0,0,0,0,0,0,0,0,0,0,0,0,0,0,0,0,0,0,0,0,0,0,0,0,0,0,0,0,0,0,0,0,1,0,0,0,0,0,0,22.0,242.589091931103,243.3215016922121,52.34817664560215,74.33400750945603
2022/05/29,River Semifinal,completo,18:28:07,21:01:17,arquero,,01:12:16,01:12:16,0.0,Facil,,,1.0,"13,83",salvada/atajada,,4336.0,0,0,0,0,0,0,0,0,0,0,0,0,0,0,0,0,0,0,0,0,0,0,0,0,0,0,0,0,0,0,0,0,0,0,0,0,0,0,0,0,0,0,0,0,0,0,0,0,0,0,0,0,0,1,0,0,0,0,0,0,,13.371428841603866,,82.98830818806454,
2022/05/29,River Semifinal,completo,18:28:07,21:01:17,pase,,01:12:31,01:12:31,0.0,,"147,67",9,1.0,"14,89",s arquero pie,,4351.0,0,0,0,0,0,0,1,0,0,0,0,0,0,0,0,0,0,0,0,0,0,0,0,0,0,0,0,0,0,0,0,0,0,0,0,0,0,0,0,0,0,0,0,0,0,0,0,0,0,0,0,0,0,0,0,0,0,0,1,1,14.0,13.695851142161825,147.3024699001914,88.58248101065846,66.6980923674351
2022/05/29,River Semifinal,completo,18:28:07,21:01:17,falta,,01:12:47,01:12:47,0.0,,,,10.0,"198,81",hecha,,4367.0,0,0,0,0,0,0,0,0,0,0,0,0,0,0,0,0,0,0,0,0,0,0,0,0,0,1,0,0,0,0,0,0,0,0,0,0,0,0,0,0,0,0,0,0,0,0,0,0,0,0,0,0,0,0,0,0,0,0,0,0,,198.0685760856096,,80.83234514671685,
2022/05/29,River Semifinal,completo,18:28:07,21:01:17,falta,,01:37:26,01:37:26,0.0,,,,11.0,"223,85",recibida,,5846.0,0,0,0,0,0,0,0,0,0,0,0,0,0,0,0,0,0,0,0,0,0,0,0,0,0,0,1,0,0,0,0,0,0,0,0,0,0,0,0,0,0,0,0,0,0,0,0,0,0,0,0,0,0,0,0,0,0,0,0,0,,222.9957427024652,,84.84089498450692,
2022/05/29,River Semifinal,completo,18:28:07,21:01:17,pase,,01:38:19,01:38:19,0.0,,"121,154",6,4.0,"142,155",corto,,5899.0,0,0,0,0,0,0,1,0,0,0,0,0,0,0,0,0,0,0,0,0,0,0,0,0,0,0,0,0,0,0,0,0,0,0,0,0,0,0,0,0,0,0,0,0,0,0,0,0,0,0,0,0,0,0,0,0,0,0,0,0,12.0,142.44315363223393,120.79843065442239,155.08166129116017,154.10233107438614
2022/05/29,River Semifinal,completo,18:28:07,21:01:17,pase,,01:38:21,01:38:21,0.0,,"33,100",1,6.0,"106,147",medio,,5901.0,0,0,0,0,0,0,1,0,0,0,0,0,0,0,0,0,0,0,0,0,0,0,0,0,0,0,0,0,0,0,0,0,0,0,0,0,0,0,0,0,0,0,0,0,0,0,0,0,0,0,0,0,0,0,0,0,0,0,0,0,5.0,106.37328546521888,33.20115261052693,147.358110794289,100.1768304809814
2022/05/29,River Semifinal,completo,18:28:07,21:01:17,pase,,01:38:28,01:38:28,0.0,,"152,73",9,1.0,"28,83",largo,,5908.0,0,0,0,0,0,0,0,1,0,0,0,0,0,0,0,0,0,0,0,0,0,0,0,0,0,0,0,0,0,0,0,0,0,0,0,0,0,0,0,0,0,0,0,0,0,0,0,0,0,0,0,0,0,0,0,0,0,0,0,0,14.0,28.09582165413589,152.29572521218682,82.87754789499766,72.63230624744436
2022/05/29,River Semifinal,completo,18:28:07,21:01:17,perdida,,01:38:28,01:38:28,0.0,,,,1.0,"22,62",interceptado,,5908.0,0,0,0,0,0,0,0,0,0,0,0,0,0,0,0,0,0,0,0,0,0,0,0,0,0,0,0,0,0,0,0,0,0,0,0,0,0,0,0,0,0,0,0,0,0,0,0,0,0,0,0,0,0,0,0,0,0,0,0,0,,22.468663827304923,,62.057601103389615,
2022/05/29,River Semifinal,completo,18:28:07,21:01:17,pase,,01:39:47,01:39:47,0.0,,"52,14",6,1.0,"23,67",s arquero pie,,5987.0,0,0,0,0,0,0,1,0,0,0,0,0,0,0,0,0,0,0,0,0,0,0,0,0,0,0,0,0,0,0,0,0,0,0,0,0,0,0,0,0,0,0,0,0,0,0,0,0,0,0,0,0,0,0,0,0,0,0,1,1,7.0,22.970273919760754,51.520752496672344,66.56857133095303,13.79494319556603
2022/05/29,River Semifinal,completo,18:28:07,21:01:17,pase,,01:39:49,01:39:49,0.0,,"39,15",4,6.0,"77,26",corto,,5989.0,0,0,0,0,0,0,1,0,1,0,0,0,0,0,0,0,0,0,0,0,0,0,0,0,0,0,0,0,0,0,0,0,0,0,0,0,0,0,0,0,0,0,0,0,0,0,0,0,0,0,0,0,0,0,0,0,0,0,0,0,1.0,77.25839597715047,39.01399529048104,25.79127392491201,15.493493764453667
2022/05/29,River Semifinal,completo,18:28:07,21:01:17,perdida,,01:39:55,01:39:55,0.0,,,,4.0,"14,17",balon afuera lateral,,5995.0,0,0,0,0,0,0,0,0,0,0,0,0,0,0,0,0,0,0,0,0,0,0,0,0,0,0,0,0,0,0,0,0,0,0,0,0,0,0,0,0,0,0,0,0,0,0,0,0,0,0,0,0,0,0,0,0,0,0,0,0,,13.790826552080024,,17.26566336851089,
2022/05/29,River Semifinal,completo,18:28:07,21:01:17,pase,,01:42:56,01:42:56,0.0,,"249,34",9,5.0,"204,24",corto,,6176.0,0,0,0,0,0,0,1,0,0,0,0,0,0,0,0,0,0,0,0,0,0,0,0,0,0,0,0,0,0,0,0,0,0,0,0,0,0,0,0,0,0,0,0,0,0,0,0,0,0,0,0,0,0,0,0,0,0,0,0,0,19.0,204.15194510612764,248.5022875057971,24.41108406437603,33.62301075142359
2022/05/29,River Semifinal,completo,18:28:07,21:01:17,perdida,,01:43:02,01:43:02,0.0,,,,9.0,"261,16",robo,,6182.0,0,0,0,0,0,0,0,0,0,0,0,0,0,0,0,0,0,0,0,0,0,0,0,0,0,0,0,0,0,0,0,0,0,0,0,0,0,0,0,0,0,0,0,0,0,0,0,0,0,0,0,0,0,0,0,0,0,0,0,0,,261.2488658657491,,16.09311166275345,
2022/05/29,River Semifinal,completo,18:28:07,21:01:17,pase,,01:43:12,01:43:12,0.0,,"164,157",8,7.0,"168,125",corto,,6192.0,0,0,0,0,0,0,1,0,0,0,0,0,0,0,0,0,0,0,0,0,0,0,0,0,0,0,0,0,0,0,0,0,0,0,0,0,0,0,0,0,0,0,0,0,0,0,0,0,0,0,0,0,0,0,0,0,0,0,0,0,15.0,168.06797967738973,164.19026032001443,124.75647940050679,156.80679884916395
2022/05/29,River Semifinal,completo,18:28:07,21:01:17,pase,,01:43:37,01:43:37,0.0,,"186,147",4,10.0,"203,151",corto,,6217.0,0,0,0,0,0,0,1,1,0,0,0,0,0,0,0,0,0,0,0,0,0,0,0,0,0,0,0,0,0,0,0,0,0,0,0,0,0,0,0,0,0,0,0,0,0,0,0,0,0,0,0,0,0,0,0,0,0,0,0,0,18.0,203.26106716036725,185.72482050602292,150.82492259833828,147.35866811501896
2022/05/29,River Semifinal,completo,18:28:07,21:01:17,perdida,,01:43:39,01:43:39,0.0,,,,4.0,"208,131",interceptado,,6219.0,0,0,0,0,0,0,0,0,0,0,0,0,0,0,0,0,0,0,0,0,0,0,0,0,0,0,0,0,0,0,0,0,0,0,0,0,0,0,0,0,0,0,0,0,0,0,0,0,0,0,0,0,0,0,0,0,0,0,0,0,,207.92305121789548,,131.45514633986966,
2022/05/29,River Semifinal,completo,18:28:07,21:01:17,falta,,01:45:11,01:45:11,0.0,,,,8.0,"50,137",recibida,,6311.0,0,0,0,0,0,0,0,0,0,0,0,0,0,0,0,0,0,0,0,0,0,0,0,0,0,0,1,0,0,0,0,0,0,0,0,0,0,0,0,0,0,0,0,0,0,0,0,0,0,0,0,0,0,0,0,0,0,0,0,0,,50.146199958296464,,137.33762893762625,
2022/05/29,River Semifinal,completo,18:28:07,21:01:17,falta,,01:46:22,01:46:22,0.0,,,,6.0,"158,136",hecha,,6382.0,0,0,0,0,0,0,0,0,0,0,0,0,0,0,0,0,0,0,0,0,0,0,0,0,0,1,0,0,0,0,0,0,0,0,0,0,0,0,0,0,0,0,0,0,0,0,0,0,0,0,0,0,0,0,0,0,0,0,0,0,,157.83782356935126,,136.2237200821884,
2022/05/29,River Semifinal,completo,18:28:07,21:01:17,pase,,01:48:19,01:48:19,0.0,,"168,99",10,1.0,"15,85",s arquero pie,,6499.0,0,0,0,0,0,0,0,1,0,0,0,0,0,0,0,0,0,0,0,0,0,0,0,0,0,0,0,0,0,0,0,0,0,0,0,0,0,0,0,0,0,0,0,0,0,0,0,0,0,0,0,0,0,0,0,0,0,0,1,1,14.0,15.188990900692552,167.6005004251822,85.12546009919578,99.31355731234983
2022/05/29,River Semifinal,completo,18:28:07,21:01:17,perdida,,01:48:23,01:48:23,0.0,,,,1.0,"0,79",interceptado,,6503.0,0,0,0,0,0,0,0,0,0,0,0,0,0,0,0,0,0,0,0,0,0,0,0,0,0,0,0,0,0,0,0,0,0,0,0,0,0,0,0,0,0,0,0,0,0,0,0,0,0,0,0,0,0,0,0,0,0,0,0,0,,0.0,,78.71588742764644,
2022/05/29,River Semifinal,completo,18:28:07,21:01:17,falta,,01:51:40,01:51:40,0.0,,,,5.0,"207,21",hecha,,6700.0,0,0,0,0,0,0,0,0,0,0,0,0,0,0,0,0,0,0,0,0,0,0,0,0,0,1,0,0,0,0,0,0,0,0,0,0,0,0,0,0,0,0,0,0,0,0,0,0,0,0,0,0,0,0,0,0,0,0,0,0,,206.78667969507427,,20.58922700712305,
2022/05/29,River Semifinal,completo,18:28:07,21:01:17,pase,,01:54:01,01:54:01,0.0,,"184,157",9,5.0,"144,126",corto,,6841.0,0,0,0,0,0,0,1,0,0,0,0,0,0,0,0,0,0,0,0,0,0,0,0,0,0,0,0,0,0,0,0,0,0,0,0,0,0,0,0,0,0,0,0,0,0,0,0,0,0,0,0,0,0,0,0,0,0,0,0,0,18.0,144.01865356808378,184.16239227403324,126.20201538669558,156.67134984429217
2022/05/29,River Semifinal,completo,18:28:07,21:01:17,pase,,01:54:04,01:54:04,0.0,,"142,134",4,9.0,"142,127",corto,,6844.0,0,0,0,0,0,0,1,0,0,0,0,0,0,0,0,0,0,0,0,0,0,0,0,0,0,0,0,0,0,0,0,0,0,0,0,0,0,0,0,0,0,0,0,0,0,0,0,0,0,0,0,0,0,0,0,0,0,0,0,0,15.0,142.09866440333664,142.4883750180744,127.0320596485716,134.16880990152393
2022/05/29,River Semifinal,completo,18:28:07,21:01:17,pase,,01:54:08,01:54:08,0.0,,"217,153",9,4.0,"174,134",corto,,6848.0,0,0,0,0,0,0,0,1,0,0,0,0,0,0,0,0,0,0,0,0,0,0,0,0,0,0,0,0,0,0,0,0,0,0,0,0,0,0,0,0,0,0,0,0,0,0,0,0,0,0,0,0,0,0,0,0,0,0,0,0,18.0,173.76703254763962,216.5541791342747,133.6425978442893,153.48510667845125
2022/05/29,River Semifinal,completo,18:28:07,21:01:17,perdida,,01:54:08,01:54:08,0.0,,,,4.0,"152,124",interceptado,,6848.0,0,0,0,0,0,0,0,0,0,0,0,0,0,0,0,0,0,0,0,0,0,0,0,0,0,0,0,0,0,0,0,0,0,0,0,0,0,0,0,0,0,0,0,0,0,0,0,0,0,0,0,0,0,0,0,0,0,0,0,0,,152.0775019073587,,123.6310663281194,
2022/05/29,River Semifinal,completo,18:28:07,21:01:17,sustitucion,,01:53:45,01:53:45,0.0,,,,,,,,6825.0,0,0,0,0,0,0,0,0,0,0,0,0,0,0,0,0,0,0,0,0,0,0,0,0,0,0,0,0,0,0,0,0,0,0,0,0,0,0,0,0,0,0,0,0,0,0,0,0,0,0,0,0,0,0,0,0,0,0,0,0,,,,,
2022/05/29,River Semifinal,completo,18:28:07,21:01:17,falta,,01:57:34,01:57:34,0.0,,,,9.0,"171,2",recibida,,7054.0,0,0,0,0,0,0,0,0,0,0,0,0,0,0,0,0,0,0,0,0,0,0,0,0,0,0,1,0,0,0,0,0,0,0,0,0,0,0,0,0,0,0,0,0,0,0,0,0,0,0,0,0,0,0,0,0,0,0,0,0,,170.9542774679072,,2.1997566296054707,
2022/05/29,River Semifinal,completo,18:28:07,21:01:17,falta,,01:59:26,01:59:26,0.0,,,,7.0,"77,134",hecha,,7166.0,0,0,0,0,0,0,0,0,0,0,0,0,0,0,0,0,0,0,0,0,0,0,0,0,0,1,0,0,0,0,0,0,0,0,0,0,0,0,0,0,0,0,0,0,0,0,0,0,0,0,0,0,0,0,0,0,0,0,0,0,,76.6896703569573,,134.07435076860594,
2022/05/29,River Semifinal,completo,18:28:07,21:01:17,tarjeta,,01:59:26,01:59:26,0.0,,,,7.0,"81,138",amarilla,,7166.0,0,0,0,0,0,0,0,0,0,0,0,0,0,0,0,0,0,0,0,0,0,0,0,0,0,0,0,0,0,0,1,0,0,0,0,0,0,0,0,0,0,0,0,0,0,0,0,0,0,0,0,0,0,0,0,0,0,0,0,0,,81.07291161490022,,138.40040801907705,
2022/05/29,River Semifinal,completo,18:28:07,21:01:17,pase,,02:00:16,02:00:16,0.0,,"66,150",11,9.0,"119,144",corto,,7216.0,0,0,0,0,0,0,1,0,0,0,0,0,0,0,0,0,0,0,0,0,0,0,0,0,0,0,0,0,0,0,0,0,0,0,0,0,0,0,0,0,0,0,0,0,0,0,0,0,0,0,0,0,0,0,0,0,0,0,0,0,9.0,118.53730221764599,66.06803421295879,143.88434793002148,149.77002509429383
2022/05/29,River Semifinal,completo,18:28:07,21:01:17,pase,,02:00:19,02:00:19,0.0,,"52,156",11,9.0,"64,137",corto,,7219.0,0,0,0,0,0,0,0,1,0,0,0,0,0,0,0,0,0,0,0,0,0,0,0,0,0,0,0,0,0,0,0,0,0,0,0,0,0,0,0,0,0,0,0,0,0,0,0,0,0,0,0,0,0,0,0,0,0,0,0,0,9.0,64.03513279136696,52.27696468856495,137.24331390331517,156.04403845566543
2022/05/29,River Semifinal,completo,18:28:07,21:01:17,perdida,,02:00:19,02:00:19,0.0,,,,9.0,"73,136",interceptado,,7219.0,0,0,0,0,0,0,0,0,0,0,0,0,0,0,0,0,0,0,0,0,0,0,0,0,0,0,0,0,0,0,0,0,0,0,0,0,0,0,0,0,0,0,0,0,0,0,0,0,0,0,0,0,0,0,0,0,0,0,0,0,,73.02225238851761,,135.9909250892196,
2022/05/29,River Semifinal,completo,18:28:07,21:01:17,pase,,02:01:37,02:01:37,0.0,,"105,151",11,8.0,"13,136",medio,,7297.0,0,0,0,0,0,0,1,0,0,0,0,0,0,0,0,0,0,0,0,0,0,0,0,0,0,0,0,0,0,0,0,0,0,0,0,0,0,0,0,0,0,0,0,0,0,0,0,0,0,0,0,0,0,0,0,0,0,0,0,0,12.0,12.839427683315844,104.59616015716622,135.69857419629125,151.48033862188433
2022/05/29,River Semifinal,completo,18:28:07,21:01:17,pase,,02:01:42,02:01:42,0.0,,"83,133",5,11.0,"96,158",corto,,7302.0,0,0,0,0,0,0,1,0,0,0,0,0,0,0,0,0,0,0,0,0,0,0,0,0,0,0,0,0,0,0,0,0,0,0,0,0,0,0,0,0,0,0,0,0,0,0,0,0,0,0,0,0,0,0,0,0,0,0,0,0,9.0,96.25521444215025,83.12080759695516,157.80506513710142,132.51548487181645
2022/05/29,River Semifinal,completo,18:28:07,21:01:17,pase,,02:01:43,02:01:43,0.0,,"111,135",11,5.0,"72,139",corto,,7303.0,0,0,0,0,0,0,1,0,0,0,0,0,0,0,0,0,0,0,0,0,0,0,0,0,0,0,0,0,0,0,0,0,0,0,0,0,0,0,0,0,0,0,0,0,0,0,0,0,0,0,0,0,0,0,0,0,0,0,0,0,12.0,71.63401715142253,111.24238897281924,138.50472681483896,135.3549566501706
2022/05/29,River Semifinal,completo,18:28:07,21:01:17,pase,,02:01:52,02:01:52,0.0,,"226,87",9,11.0,"189,143",medio,,7312.0,0,0,0,0,0,1,1,0,0,0,0,0,0,0,0,0,0,0,0,0,0,0,0,0,0,0,0,0,0,0,0,0,0,0,0,0,0,0,0,0,0,0,0,0,0,0,0,0,0,0,0,0,0,0,0,0,0,0,0,0,21.0,188.64029469875345,226.07135037755955,143.4899526894598,87.14109361313871
2022/05/29,River Semifinal,completo,18:28:07,21:01:17,remate cabeza,,02:01:51,02:01:51,0.0,,,,9.0,"226,61",facil,,7311.0,1,0,1,0,1,0,0,0,0,0,0,0,0,0,0,0,0,0,0,0,0,0,0,0,0,0,0,0,0,0,0,0,0,0,0,0,0,0,0,0,0,0,0,0,0,0,0,0,0,0,0,0,0,1,0,0,0,0,0,0,,225.556498516563,,60.650369122540326,
2022/05/29,River Semifinal,completo,18:28:07,21:01:17,gol,,02:01:51,02:01:51,0.0,,,,9.0,"247,86",directa,,7311.0,0,0,0,0,0,0,0,0,0,0,0,0,0,0,0,0,0,0,0,0,0,0,0,0,0,0,0,0,0,0,0,0,0,0,0,0,0,0,0,0,0,0,0,0,0,0,0,0,0,0,0,0,0,0,0,0,0,0,0,0,,246.54439479831035,,85.819900566456,
2022/05/29,River Semifinal,completo,18:28:07,21:01:17,arquero,,02:04:05,02:04:05,0.0,Media,,,1.0,"3,76",salvada/atajada,,7445.0,0,0,0,0,0,0,0,0,0,0,0,0,0,0,0,0,0,0,0,0,0,0,0,0,0,0,0,0,0,0,0,0,0,0,0,0,0,0,0,0,0,0,0,0,0,0,0,0,0,0,0,0,0,1,0,0,0,0,0,0,,2.8767185322409397,,76.3547435714872,
2022/05/29,River Semifinal,completo,18:28:07,21:01:17,pase,,02:04:17,02:04:17,0.0,,,,3.0,"48,17",s arquero mano,,7457.0,0,0,0,0,0,0,0,0,0,0,0,0,0,0,0,0,0,0,0,0,0,0,0,0,0,0,0,0,0,0,0,0,0,0,0,0,0,0,0,0,0,0,0,0,0,0,0,0,0,0,0,0,0,0,0,0,0,0,0,0,,48.290859880884625,,16.86331110630413,
2022/05/29,River Semifinal,completo,18:28:07,21:01:17,pase,,02:04:21,02:04:21,0.0,,"177,19",18,3.0,"48,27",largo,,7461.0,0,0,0,0,0,0,0,1,0,0,0,0,0,0,0,0,0,0,0,0,0,0,0,0,0,0,0,0,0,0,0,0,0,0,0,0,0,0,0,0,0,0,0,0,0,0,0,0,0,0,0,0,0,0,0,0,0,0,0,0,13.0,48.16984273927851,177.46764182347212,27.261389859774766,18.964495381046568
2022/05/29,River Semifinal,completo,18:28:07,21:01:17,perdida,,02:04:22,02:04:22,0.0,,,,3.0,"78,37",interceptado,,7462.0,0,0,0,0,0,0,0,0,0,0,0,0,0,0,0,0,0,0,0,0,0,0,0,0,0,0,0,0,0,0,0,0,0,0,0,0,0,0,0,0,0,0,0,0,0,0,0,0,0,0,0,0,0,0,0,0,0,0,0,0,,78.15037704675893,,37.430783839599506,
2022/05/29,River Semifinal,completo,18:28:07,21:01:17,sustitucion,,02:05:34,02:05:34,0.0,,,,,,,,7534.0,0,0,0,0,0,0,0,0,0,0,0,0,0,0,0,0,0,0,0,0,0,0,0,0,0,0,0,0,0,0,0,0,0,0,0,0,0,0,0,0,0,0,0,0,0,0,0,0,0,0,0,0,0,0,0,0,0,0,0,0,,,,,
2022/05/29,River Semifinal,completo,18:28:07,21:01:17,pase,,02:07:42,02:07:42,0.0,,"154,22",8,1.0,"0,69",s arquero pie,,7662.0,0,0,0,0,0,0,0,1,0,0,0,0,0,0,0,0,0,0,0,0,0,0,0,0,0,0,0,0,0,0,0,0,0,0,0,0,0,0,0,0,0,0,0,0,0,0,0,0,0,0,0,0,0,0,0,0,0,0,1,1,13.0,0.0,153.6066638634262,69.15068871843819,22.248170373784674
2022/05/29,River Semifinal,completo,18:28:07,21:01:17,perdida,,02:07:42,02:07:42,0.0,,,,1.0,"0,64",interceptado,,7662.0,0,0,0,0,0,0,0,0,0,0,0,0,0,0,0,0,0,0,0,0,0,0,0,0,0,0,0,0,0,0,0,0,0,0,0,0,0,0,0,0,0,0,0,0,0,0,0,0,0,0,0,0,0,0,0,0,0,0,0,0,,0.0,,63.89373642569299,
2022/05/29,River Semifinal,completo,18:28:07,21:01:17,remate pie,,02:09:34,02:09:34,0.0,,"253,95",Rival,11.0,"243,92",corta distancia,,7774.0,0,1,0,0,0,0,0,0,0,0,0,0,0,0,0,0,0,0,0,0,0,0,0,0,0,0,0,0,0,0,0,0,0,0,0,0,0,0,0,0,0,0,0,0,0,0,0,0,0,0,0,0,0,0,0,0,0,0,0,0,22.0,242.6867929701299,252.64736013601797,91.89184439197618,95.02652003103483
2022/05/29,River Semifinal,completo,18:28:07,21:01:17,perdida,,02:09:35,02:09:35,0.0,,,,11.0,"227,69",balon afuera fondo,,7775.0,0,0,0,0,0,0,0,0,0,0,0,0,0,0,0,0,0,0,0,0,0,0,0,0,0,0,0,0,0,0,0,0,0,0,0,0,0,0,0,0,0,0,0,0,0,0,0,0,0,0,0,0,0,0,0,0,0,0,0,0,,226.8486708245289,,68.50669620276146,
2022/05/29,River Semifinal,completo,18:28:07,21:01:17,pase,,02:11:25,02:11:25,0.0,,"181,101",5,1.0,"21,99",s arquero pie,,7885.0,0,0,0,0,0,0,0,1,0,0,0,0,0,0,0,0,0,0,0,0,0,0,0,0,0,0,0,0,0,0,0,0,0,0,0,0,0,0,0,0,0,0,0,0,0,0,0,0,0,0,0,0,0,0,0,0,0,0,1,1,14.0,21.353791359510225,180.8180174717479,98.58792029858775,100.8949265023277
2022/05/29,River Semifinal,completo,18:28:07,21:01:17,perdida,,02:11:25,02:11:25,0.0,,,,1.0,"0,79",interceptado,,7885.0,0,0,0,0,0,0,0,0,0,0,0,0,0,0,0,0,0,0,0,0,0,0,0,0,0,0,0,0,0,0,0,0,0,0,0,0,0,0,0,0,0,0,0,0,0,0,0,0,0,0,0,0,0,0,0,0,0,0,0,0,,0.0,,78.95778861928441,
2022/05/29,River Semifinal,completo,18:28:07,21:01:17,falta,,02:12:39,02:12:39,0.0,,,,9.0,"202,18",offside,,7959.0,0,0,0,0,0,0,0,0,0,0,0,0,0,0,0,0,0,0,0,0,0,0,0,0,0,0,0,0,0,1,0,0,0,0,0,0,0,0,0,0,0,0,0,0,0,0,0,0,0,0,0,0,0,0,0,0,0,0,0,0,,201.66781197035618,,18.347588250789514,
2022/05/29,River Semifinal,completo,18:28:07,21:01:17,arquero,,02:13:13,02:13:13,0.0,Dificil,,,1.0,"9,72",salvada/atajada,,7993.0,0,0,0,0,0,0,0,0,0,0,0,0,0,0,0,0,0,0,0,0,0,0,0,0,0,0,0,0,0,0,0,0,0,0,0,0,0,0,0,0,0,0,0,0,0,0,0,0,0,0,0,0,0,1,0,0,0,0,0,0,,8.976026164910529,,71.74500466737976,
2022/05/29,River Semifinal,completo,18:28:07,21:01:17,arquero,,02:13:56,02:13:56,0.0,Facil,,,1.0,"16,99",salvada/atajada,,8036.0,0,0,0,0,0,0,0,0,0,0,0,0,0,0,0,0,0,0,0,0,0,0,0,0,0,0,0,0,0,0,0,0,0,0,0,0,0,0,0,0,0,0,0,0,0,0,0,0,0,0,0,0,0,1,0,0,0,0,0,0,,16.225362751146903,,98.70051686253197,
2022/05/29,River Semifinal,completo,18:28:07,21:01:17,pase,,02:14:28,02:14:28,0.0,,"171,39",3,5.0,"150,68",corto,,8068.0,0,0,0,0,0,0,1,1,0,0,0,0,0,0,0,0,0,0,0,0,0,0,0,0,0,0,0,0,0,0,0,0,0,0,0,0,0,0,0,0,0,0,0,0,0,0,0,0,0,0,0,0,0,0,0,0,0,0,0,0,13.0,150.44987296165377,171.39639717438445,68.05239740414353,38.940642785745645
2022/05/29,River Semifinal,completo,18:28:07,21:01:17,perdida,,02:14:35,02:14:35,0.0,,,,3.0,"148,4",interceptado,,8075.0,0,0,0,0,0,0,0,0,0,0,0,0,0,0,0,0,0,0,0,0,0,0,0,0,0,0,0,0,0,0,0,0,0,0,0,0,0,0,0,0,0,0,0,0,0,0,0,0,0,0,0,0,0,0,0,0,0,0,0,0,,148.43803275757037,,4.3058058096043865,
2022/05/29,River Semifinal,completo,18:28:07,21:01:17,sustitucion,,02:14:59,02:14:59,0.0,,,,,,,,8099.0,0,0,0,0,0,0,0,0,0,0,0,0,0,0,0,0,0,0,0,0,0,0,0,0,0,0,0,0,0,0,0,0,0,0,0,0,0,0,0,0,0,0,0,0,0,0,0,0,0,0,0,0,0,0,0,0,0,0,0,0,,,,,
2022/05/29,River Semifinal,completo,18:28:07,21:01:17,sustitucion,,02:15:19,02:15:19,0.0,,,,,,,,8119.0,0,0,0,0,0,0,0,0,0,0,0,0,0,0,0,0,0,0,0,0,0,0,0,0,0,0,0,0,0,0,0,0,0,0,0,0,0,0,0,0,0,0,0,0,0,0,0,0,0,0,0,0,0,0,0,0,0,0,0,0,,,,,
2022/05/29,River Semifinal,completo,18:28:07,21:01:17,pase,,02:16:26,02:16:26,0.0,,"222,19",22,1.0,"20,102",s arquero pie,,8186.0,0,0,0,0,0,0,1,0,0,0,0,0,0,0,0,0,0,0,0,0,0,0,0,0,0,0,0,0,0,0,0,0,0,0,0,0,0,0,0,0,0,0,0,0,0,0,0,0,0,0,0,0,0,0,0,0,0,0,1,1,16.0,20.01499536776895,222.4146101708404,101.87031697544168,18.68967529283073
2022/05/29,River Semifinal,completo,18:28:07,21:01:17,perdida,,02:16:29,02:16:29,0.0,,,,22.0,"208,28",robo,,8189.0,0,0,0,0,0,0,0,0,0,0,0,0,0,0,0,0,0,0,0,0,0,0,0,0,0,0,0,0,0,0,0,0,0,0,0,0,0,0,0,0,0,0,0,0,0,0,0,0,0,0,0,0,0,0,0,0,0,0,0,0,,208.36019416554734,,27.703454445901833,
2022/05/29,River Semifinal,completo,18:28:07,21:01:17,remate cabeza,,02:17:00,02:17:00,0.0,,,,22.0,"252,96",facil,,8220.0,0,1,0,0,1,0,0,0,0,0,0,0,0,0,0,0,0,0,0,0,0,0,0,0,0,0,0,0,0,0,0,0,0,0,0,0,0,0,0,0,0,0,0,0,0,0,0,0,0,0,0,0,0,0,0,0,0,0,0,0,,252.10809435195603,,95.89293357726717,
2022/05/29,River Semifinal,completo,18:28:07,21:01:17,perdida,,02:17:00,02:17:00,0.0,,,,22.0,"246,84",balon afuera fondo,,8220.0,0,0,0,0,0,0,0,0,0,0,0,0,0,0,0,0,0,0,0,0,0,0,0,0,0,0,0,0,0,0,0,0,0,0,0,0,0,0,0,0,0,0,0,0,0,0,0,0,0,0,0,0,0,0,0,0,0,0,0,0,,245.76791911248287,,84.12670038448158,
2022/05/29,River Semifinal,completo,18:28:07,21:01:17,pase,,02:19:10,02:19:10,0.0,,"142,69",22,1.0,"0,83",s arquero pie,,8350.0,0,0,0,0,0,0,1,0,0,0,0,0,0,0,0,0,0,0,0,0,0,0,0,0,0,0,0,0,0,0,0,0,0,0,0,0,0,0,0,0,0,0,0,0,0,0,0,0,0,0,0,0,0,0,0,0,0,0,1,1,14.0,0.0,142.00137402648429,82.62726232495066,69.23121051989786
2022/05/29,River Semifinal,completo,18:28:07,21:01:17,perdida,,02:19:10,02:19:10,0.0,,,,22.0,"153,67",robo,,8350.0,0,0,0,0,0,0,0,0,0,0,0,0,0,0,0,0,0,0,0,0,0,0,0,0,0,0,0,0,0,0,0,0,0,0,0,0,0,0,0,0,0,0,0,0,0,0,0,0,0,0,0,0,0,0,0,0,0,0,0,0,,152.56960305057396,,67.3662180896523,
2022/05/29,River Semifinal,completo,18:28:07,21:01:17,pase,,02:19:33,02:19:33,0.0,,"64,150",4,11.0,"53,141",corto,,8373.0,0,0,0,0,0,0,1,0,0,0,0,0,0,0,0,0,0,0,0,0,0,0,0,0,0,0,0,0,0,0,0,0,0,0,0,0,0,0,0,0,0,0,0,0,0,0,0,0,0,0,0,0,0,0,0,0,0,0,0,0,9.0,52.812111759851994,63.9982479649277,140.92037612281018,150.40746648364802
2022/05/29,River Semifinal,completo,18:28:07,21:01:17,pase,,02:19:36,02:19:36,0.0,,"105,139",11,4.0,"69,134",medio,,8376.0,0,0,0,0,0,0,1,0,0,0,0,0,0,0,0,0,0,0,0,0,0,0,0,0,0,0,0,0,0,0,0,0,0,0,0,0,0,0,0,0,0,0,0,0,0,0,0,0,0,0,0,0,0,0,0,0,0,0,0,0,12.0,68.72702412860727,104.75952420455792,134.2418458477864,138.88020223127114
2022/05/29,River Semifinal,completo,18:28:07,21:01:17,pase,,02:19:41,02:19:41,0.0,,"140,162",13,11.0,"220,131",corto,,8381.0,0,0,0,0,0,0,1,0,0,0,0,0,0,0,0,0,0,0,0,0,0,0,0,0,0,0,0,0,0,0,0,0,0,0,0,0,0,0,0,0,0,0,0,0,0,0,0,0,0,0,0,0,0,0,0,0,0,0,0,0,15.0,219.57802223017387,140.15348568855111,130.5567057542389,161.98812439459468
2022/05/29,River Semifinal,completo,18:28:07,21:01:17,pase,,02:19:44,02:19:44,0.0,,"205,74",22,13.0,"141,153",medio,,8384.0,0,0,0,0,0,0,0,1,0,0,0,0,0,0,0,0,0,0,0,0,0,0,0,0,0,0,0,0,0,0,0,0,0,0,0,0,0,0,0,0,0,0,0,0,0,0,0,0,0,0,0,0,0,0,0,0,0,0,0,0,17.0,141.32688936258316,204.70222296684867,152.79199576028256,73.70976145127202
2022/05/29,River Semifinal,completo,18:28:07,21:01:17,perdida,,02:19:44,02:19:44,0.0,,,,13.0,"158,140",interceptado,,8384.0,0,0,0,0,0,0,0,0,0,0,0,0,0,0,0,0,0,0,0,0,0,0,0,0,0,0,0,0,0,0,0,0,0,0,0,0,0,0,0,0,0,0,0,0,0,0,0,0,0,0,0,0,0,0,0,0,0,0,0,0,,157.99202673261902,,139.61269610426507,
