Session.Start.Date,partido,tiempo,Session.Start,Session.End,Evento,Tag.Notes,Tag.Start,Tag.End,Tag.Duration.(secs),coord.inicial,Subevento,Jugador.2,Jugador.1,coord.final,Optional.Column,segundos,remate-Gol,remate-Fuera,remate-Al-arco,remate-Interceptado,remate-Cabeza,pase-Asistencia,pase-Completado,pase-Interceptado,pase-Fuera,pase-Inteligente,centro-Asistencia,centro-Completado,centro-Interceptado,centro-Bloqueado,centro-Fuera,duelo-Aereo-Perdido,duelo-Aereo-Ganado,duelo-Disputa-suelo-Perdida,duelo-Disputa-suelo-Ganada,duelo-Gambeta-contra-Ganada,duelo-Gambeta-contra-Perdida,duelo-Gambeta-favor-Perdida,duelo-Gambeta-favor-Ganada,duelo-Pivote-Perdido,duelo-Pivote-Ganado,falta-Cometida,falta-Recibida,falta-Penal-cometido,falta-Penal-recibido,falta-Offside,falta-Tarjeta-amarilla,falta-Tarjeta-roja,recuperacion-Robo,recuperacion-Encontrada,recuperacion-Intercepcion-suelo,recuperacion-Intercepcion-aereo,recuperacion-Intercepcion-anticipo,recuperacion-Disputa-suelo,parado-Lateral-interceptado,parado-Lateral-completado,parado-Corner-interceptado,parado-Corner-completado,parado-Tiro-libre-incompleto,parado-Tiro-libre-completado,perdida-Gambeta-favor,perdida-Robo,perdida-Intercepcion,perdida-Error-tecnico,perdida-Balon-fuera,perdida-Situacion-rival,perdida-Atajada,arquero-Gol-rival,arquero-Gol-rival-atajable,arquero-Atajada,arquero-Intercepcion-aerea,arquero-Intercepcion,arquero-Anticipo,arquero-Saque-mano,arquero-Saque-pie,arquero-Saque-meta,coord.final.num,coord.inicial.x,coord.final.x,coord.inicial.y,coord.final.y
2022/05/31,Lanus Final,FINALLANUS_ACCIONES2,15:56:23,18:39:23,duelo,,00:23:00,00:23:00,0.0,"158,1",disputa suelo,,11.0,,,1380.0,0,0,0,0,0,0,0,0,0,0,0,0,0,0,0,0,0,1,0,0,0,0,0,0,0,0,0,0,0,0,0,0,0,0,0,0,0,0,0,0,0,0,0,0,0,0,0,0,0,0,0,0,0,0,0,0,0,0,0,0,,158.13871563168772,,1.412691968404193,
2022/05/31,Lanus Final,FINALLANUS_ACCIONES2,15:56:23,18:39:23,perdida,,00:23:01,00:23:01,0.0,"163,27",duelo,,11.0,,,1381.0,0,0,0,0,0,0,0,0,0,0,0,0,0,0,0,0,0,0,0,0,0,0,0,0,0,0,0,0,0,0,0,0,0,0,0,0,0,0,0,0,0,0,0,0,0,0,0,0,0,0,0,0,0,0,0,0,0,0,0,0,,162.71134718833116,,26.958671974216134,
2022/05/31,Lanus Final,FINALLANUS_ACCIONES2,15:56:23,18:39:23,duelo,,00:23:28,00:23:28,0.0,"84,77",aereo,,6.0,,,1408.0,0,0,0,0,0,0,0,0,0,0,0,0,0,0,0,1,0,0,0,0,0,0,0,0,0,0,0,0,0,0,0,0,0,0,0,0,0,0,0,0,0,0,0,0,0,0,0,0,0,0,0,0,0,0,0,0,0,0,0,0,,83.55889041732866,,76.63987354250949,
2022/05/31,Lanus Final,FINALLANUS_ACCIONES2,15:56:23,18:39:23,perdida,,00:23:29,00:23:29,0.0,"78,70",duelo,,6.0,,,1409.0,0,0,0,0,0,0,0,0,0,0,0,0,0,0,0,0,0,0,0,0,0,0,0,0,0,0,0,0,0,0,0,0,0,0,0,0,0,0,0,0,0,0,0,0,0,0,0,0,0,0,0,0,0,0,0,0,0,0,0,0,,78.42632422243332,,70.25767837661495,
2022/05/31,Lanus Final,FINALLANUS_ACCIONES2,15:56:23,18:39:23,duelo,,00:23:30,00:23:30,0.0,"62,63",aereo,,5.0,,,1410.0,0,0,0,0,0,0,0,0,0,0,0,0,0,0,0,1,0,0,0,0,0,0,0,0,0,0,0,0,0,0,0,0,0,0,0,0,0,0,0,0,0,0,0,0,0,0,0,0,0,0,0,0,0,0,0,0,0,0,0,0,,61.89769063043603,,63.10325843670366,
2022/05/31,Lanus Final,FINALLANUS_ACCIONES2,15:56:23,18:39:23,perdida,,00:23:31,00:23:31,0.0,"51,87",duelo,,5.0,,,1411.0,0,0,0,0,0,0,0,0,0,0,0,0,0,0,0,0,0,0,0,0,0,0,0,0,0,0,0,0,0,0,0,0,0,0,0,0,0,0,0,0,0,0,0,0,0,0,0,0,0,0,0,0,0,0,0,0,0,0,0,0,,51.218039820541854,,87.0841472286885,
2022/05/31,Lanus Final,FINALLANUS_ACCIONES2,15:56:23,18:39:23,pelota parada,,00:24:19,00:24:19,0.0,"79,135",lateral largo,Rival,4.0,"109,155",,1459.0,0,0,0,0,0,0,0,0,0,0,0,0,0,0,0,0,0,0,0,0,0,0,0,0,0,0,0,0,0,0,0,0,0,0,0,0,0,0,0,1,0,0,0,0,0,0,0,0,0,0,0,0,0,0,0,0,0,0,0,0,12.0,79.39700178909939,108.62121297683694,134.73691701344822,154.7865023884057
2022/05/31,Lanus Final,FINALLANUS_ACCIONES2,15:56:23,18:39:23,duelo,,00:24:57,00:24:57,0.0,"77,96",disputa suelo,,4.0,,,1497.0,0,0,0,0,0,0,0,0,0,0,0,0,0,0,0,0,0,0,1,0,0,0,0,0,0,0,0,0,0,0,0,0,0,0,0,0,0,1,0,0,0,0,0,0,0,0,0,0,0,0,0,0,0,0,0,0,0,0,0,0,,77.36499735937396,,95.96001636100351,
2022/05/31,Lanus Final,FINALLANUS_ACCIONES2,15:56:23,18:39:23,recuperacion,,00:24:57,00:24:57,0.0,"67,89",duelo,,4.0,,,1497.0,0,0,0,0,0,0,0,0,0,0,0,0,0,0,0,0,0,0,0,0,0,0,0,0,0,0,0,0,0,0,0,0,0,0,0,0,0,0,0,0,0,0,0,0,0,0,0,0,0,0,0,0,0,0,0,0,0,0,0,0,,66.80583903916387,,88.76374578925281,
2022/05/31,Lanus Final,FINALLANUS_ACCIONES2,15:56:23,18:39:23,perdida,,00:25:02,00:25:02,0.0,"91,92",error tecnico,,8.0,,,1502.0,0,0,0,0,0,0,0,0,0,0,0,0,0,0,0,0,0,0,0,0,0,0,0,0,0,0,0,0,0,0,0,0,0,0,0,0,0,0,0,0,0,0,0,0,0,0,0,1,0,0,0,0,0,0,0,0,0,0,0,0,,90.86253500212888,,91.50573977545045,
2022/05/31,Lanus Final,FINALLANUS_ACCIONES2,15:56:23,18:39:23,recuperacion,,00:26:07,00:26:07,0.0,"24,39",intercepcion,,6.0,,,1567.0,0,0,0,0,0,0,0,0,0,0,0,0,0,0,0,0,0,0,0,0,0,0,0,0,0,0,0,0,0,0,0,0,0,0,1,0,0,0,0,0,0,0,0,0,0,0,0,0,0,0,0,0,0,0,0,0,0,0,0,0,,24.356757994996084,,39.27106397458223,
2022/05/31,Lanus Final,FINALLANUS_ACCIONES2,15:56:23,18:39:23,perdida,,00:26:23,00:26:23,0.0,"69,62",error tecnico,,2.0,,,1583.0,0,0,0,0,0,0,0,0,0,0,0,0,0,0,0,0,0,0,0,0,0,0,0,0,0,0,0,0,0,0,0,0,0,0,0,0,0,0,0,0,0,0,0,0,0,0,0,1,0,0,0,0,0,0,0,0,0,0,0,0,,69.18085719213592,,61.778667856720645,
2022/05/31,Lanus Final,FINALLANUS_ACCIONES2,15:56:23,18:39:23,perdida,,00:27:20,00:27:20,0.0,"218,38",error tecnico,,10.0,,,1640.0,0,0,0,0,0,0,0,0,0,0,0,0,0,0,0,0,0,0,0,0,0,0,0,0,0,0,0,0,0,0,0,0,0,0,0,0,0,0,0,0,0,0,0,0,0,0,0,1,0,0,0,0,0,0,0,0,0,0,0,0,,217.67345800584974,,37.67172842128571,
2022/05/31,Lanus Final,FINALLANUS_ACCIONES2,15:56:23,18:39:23,recuperacion,,00:27:52,00:27:52,0.0,"35,63",duelo,,3.0,,,1672.0,0,0,0,0,0,0,0,0,0,0,0,0,0,0,0,0,0,0,0,0,0,0,0,0,0,0,0,0,0,0,0,0,0,0,0,0,0,0,0,0,0,0,0,0,0,0,0,0,0,0,0,0,0,0,0,0,0,0,0,0,,34.68750774369043,,62.5334462054823,
2022/05/31,Lanus Final,FINALLANUS_ACCIONES2,15:56:23,18:39:23,duelo,,00:28:18,00:28:18,0.0,"176,138",aereo,,11.0,,,1698.0,0,0,0,0,0,0,0,0,0,0,0,0,0,0,0,0,1,0,0,0,0,0,0,0,0,0,0,0,0,0,0,0,0,0,0,0,0,0,0,0,0,0,0,0,0,0,0,0,0,0,0,0,0,0,0,0,0,0,0,0,,176.0083435384663,,138.12066064360474,
2022/05/31,Lanus Final,FINALLANUS_ACCIONES2,15:56:23,18:39:23,perdida,,00:28:19,00:28:19,0.0,"140,158",intercepcion aereo,,11.0,,,1699.0,0,0,0,0,0,0,0,0,0,0,0,0,0,0,0,0,0,0,0,0,0,0,0,0,0,0,0,0,0,0,0,0,0,0,0,0,0,0,0,0,0,0,0,0,0,0,1,0,0,0,0,0,0,0,0,0,0,0,0,0,,140.4054666566333,,157.93372457830247,
2022/05/31,Lanus Final,FINALLANUS_ACCIONES2,15:56:23,18:39:23,pelota parada,,00:28:41,00:28:41,0.0,"169,157",lateral corto,2,4.0,"115,120",,1721.0,0,0,0,0,0,0,0,0,0,0,0,0,0,0,0,0,0,0,0,0,0,0,0,0,0,0,0,0,0,0,0,0,0,0,0,0,0,0,0,1,0,0,0,0,0,0,0,0,0,0,0,0,0,0,0,0,0,0,0,0,12.0,169.3135521076753,114.94549101125862,156.9979001714123,119.94729044610827
2022/05/31,Lanus Final,FINALLANUS_ACCIONES2,15:56:23,18:39:23,perdida,,00:29:00,00:29:00,0.0,"264,76",balon afuera fondo,,9.0,,,1740.0,0,0,0,0,0,0,0,0,0,0,0,0,0,0,0,0,0,0,0,0,0,0,0,0,0,0,0,0,0,0,0,0,0,0,0,0,0,0,0,0,0,0,0,0,0,0,0,0,1,0,0,0,0,0,0,0,0,0,0,0,,264.1585872803375,,76.48632026143198,
2022/05/31,Lanus Final,FINALLANUS_ACCIONES2,15:56:23,18:39:23,duelo,,00:31:30,00:31:30,0.0,"143,12",gambeta a favor,,7.0,,,1890.0,0,0,0,0,0,0,0,0,0,0,0,0,0,0,0,0,0,0,0,0,0,0,1,0,0,0,0,0,0,0,0,0,0,0,0,0,0,0,0,0,0,0,0,0,0,0,0,0,0,0,0,0,0,0,0,0,0,0,0,0,,143.26381651163146,,11.77384134175913,
2022/05/31,Lanus Final,FINALLANUS_ACCIONES2,15:56:23,18:39:23,pelota parada,,00:32:23,00:32:23,0.0,"214,38",tiro libre,9,10.0,"255,82",,1943.0,0,0,0,0,0,0,0,0,0,0,0,0,0,0,0,0,0,0,0,0,0,0,0,0,0,0,0,0,0,0,0,0,0,0,0,0,0,0,0,0,0,0,1,0,0,0,0,0,0,0,0,0,0,0,0,0,0,0,0,0,21.0,213.53405688433136,254.9413311444871,38.04049082897977,82.02037678516496
2022/05/31,Lanus Final,FINALLANUS_ACCIONES2,15:56:23,18:39:23,perdida,,00:33:22,00:33:22,0.0,"240,36",atajada,,11.0,,,2002.0,0,0,0,0,0,0,0,0,0,0,0,0,0,0,0,0,0,0,0,0,0,0,0,0,0,0,0,0,0,0,0,0,0,0,0,0,0,0,0,0,0,0,0,0,0,0,0,0,0,0,1,0,0,0,0,0,0,0,0,0,,239.60633133622474,,36.2573020880341,
2022/05/31,Lanus Final,FINALLANUS_ACCIONES2,15:56:23,18:39:23,recuperacion,,00:34:02,00:34:02,0.0,"164,22",intercepcion,,5.0,,,2042.0,0,0,0,0,0,0,0,0,0,0,0,0,0,0,0,0,0,0,0,0,0,0,0,0,0,0,0,0,0,0,0,0,0,0,1,0,0,0,0,0,0,0,0,0,0,0,0,0,0,0,0,0,0,0,0,0,0,0,0,0,,164.2921506544065,,22.392907492352702,
2022/05/31,Lanus Final,FINALLANUS_ACCIONES2,15:56:23,18:39:23,perdida,,00:34:09,00:34:09,0.0,"146,36",error tecnico,,3.0,,,2049.0,0,0,0,0,0,0,0,0,0,0,0,0,0,0,0,0,0,0,0,0,0,0,0,0,0,0,0,0,0,0,0,0,0,0,0,0,0,0,0,0,0,0,0,0,0,0,0,1,0,0,0,0,0,0,0,0,0,0,0,0,,146.13711909059037,,35.82400072691464,
2022/05/31,Lanus Final,FINALLANUS_ACCIONES2,15:56:23,18:39:23,recuperacion,,00:34:13,00:34:13,0.0,"164,67",intercepcion,,2.0,,,2053.0,0,0,0,0,0,0,0,0,0,0,0,0,0,0,0,0,0,0,0,0,0,0,0,0,0,0,0,0,0,0,0,0,0,0,1,0,0,0,0,0,0,0,0,0,0,0,0,0,0,0,0,0,0,0,0,0,0,0,0,0,,164.28604081893843,,66.99020984573535,
2022/05/31,Lanus Final,FINALLANUS_ACCIONES2,15:56:23,18:39:23,perdida,,00:34:23,00:34:23,0.0,"121,63",error tecnico,,6.0,,,2063.0,0,0,0,0,0,0,0,0,0,0,0,0,0,0,0,0,0,0,0,0,0,0,0,0,0,0,0,0,0,0,0,0,0,0,0,0,0,0,0,0,0,0,0,0,0,0,0,1,0,0,0,0,0,0,0,0,0,0,0,0,,120.58837127829815,,62.740469010393895,
2022/05/31,Lanus Final,FINALLANUS_ACCIONES2,15:56:23,18:39:23,perdida,,00:36:09,00:36:09,0.0,"242,56",atajada,,11.0,,,2169.0,0,0,0,0,0,0,0,0,0,0,0,0,0,0,0,0,0,0,0,0,0,0,0,0,0,0,0,0,0,0,0,0,0,0,0,0,0,0,0,0,0,0,0,0,0,0,0,0,0,0,1,0,0,0,0,0,0,0,0,0,,242.3766330923735,,55.7849212817017,
2022/05/31,Lanus Final,FINALLANUS_ACCIONES2,15:56:23,18:39:23,recuperacion,,00:36:21,00:36:21,0.0,"175,156",intercepcion anticipo,,2.0,,,2181.0,0,0,0,0,0,0,0,0,0,0,0,0,0,0,0,0,0,0,0,0,0,0,0,0,0,0,0,0,0,0,0,0,0,0,0,0,1,0,0,0,0,0,0,0,0,0,0,0,0,0,0,0,0,0,0,0,0,0,0,0,,174.95775800818052,,156.07065693659433,
2022/05/31,Lanus Final,FINALLANUS_ACCIONES2,15:56:23,18:39:23,duelo,,00:36:24,00:36:24,0.0,"170,150",aereo,,11.0,,,2184.0,0,0,0,0,0,0,0,0,0,0,0,0,0,0,0,0,1,0,0,0,0,0,0,0,0,0,0,0,0,0,0,0,0,0,0,0,0,0,0,0,0,0,0,0,0,0,0,0,0,0,0,0,0,0,0,0,0,0,0,0,,170.35294300347707,,149.95309276877558,
2022/05/31,Lanus Final,FINALLANUS_ACCIONES2,15:56:23,18:39:23,pelota parada,,00:37:31,00:37:31,0.0,"185,123",tiro libre,2,8.0,"256,29",,2251.0,0,0,0,0,0,0,0,0,0,0,0,0,0,0,0,0,0,0,0,0,0,0,0,0,0,0,0,0,0,0,0,0,0,0,0,0,0,0,0,0,0,0,1,0,0,0,0,0,0,0,0,0,0,0,0,0,0,0,0,0,20.0,185.07202463122835,256.3273751329907,123.47850869309224,28.718873535641045
2022/05/31,Lanus Final,FINALLANUS_ACCIONES2,15:56:23,18:39:23,perdida,,00:37:33,00:37:33,0.0,"201,160",balon afuera fondo,2,8.0,"244,64",,2253.0,0,0,0,0,0,0,0,0,0,0,0,0,0,0,0,0,0,0,0,0,0,0,0,0,0,0,0,0,0,0,0,0,0,0,0,0,0,0,0,0,0,0,0,0,0,0,0,0,1,0,0,0,0,0,0,0,0,0,0,0,20.0,200.99131255107454,243.5205880345373,160.39808489893707,64.43540137276361
2022/05/31,Lanus Final,FINALLANUS_ACCIONES2,15:56:23,18:39:23,recuperacion,,00:37:56,00:37:56,0.0,"150,27",intercepcion,,8.0,,,2276.0,0,0,0,0,0,0,0,0,0,0,0,0,0,0,0,0,0,0,0,0,0,0,0,0,0,0,0,0,0,0,0,0,0,0,1,0,0,0,0,0,0,0,0,0,0,0,0,0,0,0,0,0,0,0,0,0,0,0,0,0,,150.29545213000816,,26.61071599210994,
2022/05/31,Lanus Final,FINALLANUS_ACCIONES2,15:56:23,18:39:23,perdida,,00:38:31,00:38:31,0.0,"155,98",error tecnico,,6.0,,,2311.0,0,0,0,0,0,0,0,0,0,0,0,0,0,0,0,0,0,0,0,0,0,0,0,0,0,0,0,0,0,0,0,0,0,0,0,0,0,0,0,0,0,0,0,0,0,0,0,1,0,0,0,0,0,0,0,0,0,0,0,0,,154.76263710986152,,97.91939288872393,
2022/05/31,Lanus Final,FINALLANUS_ACCIONES2,15:56:23,18:39:23,recuperacion,,00:38:54,00:38:54,0.0,"104,122",encontrada,,2.0,,,2334.0,0,0,0,0,0,0,0,0,0,0,0,0,0,0,0,0,0,0,0,0,0,0,0,0,0,0,0,0,0,0,0,0,0,1,0,0,0,0,0,0,0,0,0,0,0,0,0,0,0,0,0,0,0,0,0,0,0,0,0,0,,104.46064981984844,,122.47596825764644,
2022/05/31,Lanus Final,FINALLANUS_ACCIONES2,15:56:23,18:39:23,duelo,,00:39:02,00:39:02,0.0,"144,159",aereo,,11.0,,,2342.0,0,0,0,0,0,0,0,0,0,0,0,0,0,0,0,0,1,0,0,0,0,0,0,0,0,0,0,0,0,0,0,0,0,0,0,0,0,0,0,0,0,0,0,0,0,0,0,0,0,0,0,0,0,0,0,0,0,0,0,0,,143.80010813867077,,158.9944750717416,
2022/05/31,Lanus Final,FINALLANUS_ACCIONES2,15:56:23,18:39:23,duelo,,00:39:17,00:39:17,0.0,"189,124",disputa suelo,,11.0,,,2357.0,0,0,0,0,0,0,0,0,0,0,0,0,0,0,0,0,0,1,0,0,0,0,0,0,0,0,0,0,0,0,0,0,0,0,0,0,0,0,0,0,0,0,0,0,0,0,0,0,0,0,0,0,0,0,0,0,0,0,0,0,,188.78963847195462,,123.55672949716535,
2022/05/31,Lanus Final,FINALLANUS_ACCIONES2,15:56:23,18:39:23,perdida,,00:39:18,00:39:18,0.0,"212,152",duelo,,11.0,,,2358.0,0,0,0,0,0,0,0,0,0,0,0,0,0,0,0,0,0,0,0,0,0,0,0,0,0,0,0,0,0,0,0,0,0,0,0,0,0,0,0,0,0,0,0,0,0,0,0,0,0,0,0,0,0,0,0,0,0,0,0,0,,212.01107514378867,,152.10783518634793,
2022/05/31,Lanus Final,FINALLANUS_ACCIONES2,15:56:23,18:39:23,duelo,,00:40:40,00:40:40,0.0,"32,38",aereo,,8.0,,,2440.0,0,0,0,0,0,0,0,0,0,0,0,0,0,0,0,0,1,0,0,0,0,0,0,0,0,0,0,0,0,0,0,0,0,0,0,0,0,0,0,0,0,0,0,0,0,0,0,0,0,0,0,0,0,0,0,0,0,0,0,0,,32.00071485178838,,38.111325689993826,
2022/05/31,Lanus Final,FINALLANUS_ACCIONES2,15:56:23,18:39:23,recuperacion,,00:40:40,00:40:40,0.0,"32,52",duelo,,8.0,,,2440.0,0,0,0,0,0,0,0,0,0,0,0,0,0,0,0,0,0,0,0,0,0,0,0,0,0,0,0,0,0,0,0,0,0,0,0,0,0,0,0,0,0,0,0,0,0,0,0,0,0,0,0,0,0,0,0,0,0,0,0,0,,32.02258892198993,,51.72121047610347,
2022/05/31,Lanus Final,FINALLANUS_ACCIONES2,15:56:23,18:39:23,perdida,,00:40:48,00:40:48,0.0,"70,136",duelo,,10.0,,,2448.0,0,0,0,0,0,0,0,0,0,0,0,0,0,0,0,0,0,0,0,0,0,0,0,0,0,0,0,0,0,0,0,0,0,0,0,0,0,0,0,0,0,0,0,0,0,0,0,0,0,0,0,0,0,0,0,0,0,0,0,0,,70.37905198125961,,136.42450368143315,
2022/05/31,Lanus Final,FINALLANUS_ACCIONES2,15:56:23,18:39:23,duelo,,00:42:24,00:42:24,0.0,"71,86",disputa suelo,,5.0,,,2544.0,0,0,0,0,0,0,0,0,0,0,0,0,0,0,0,0,0,0,1,0,0,0,0,0,0,0,0,0,0,0,0,0,0,0,0,0,0,0,0,0,0,0,0,0,0,0,0,0,0,0,0,0,0,0,0,0,0,0,0,0,,70.93915076447587,,85.89022631324673,
2022/05/31,Lanus Final,FINALLANUS_ACCIONES2,15:56:23,18:39:23,recuperacion,,00:42:24,00:42:24,0.0,"73,94",robo,,5.0,,,2544.0,0,0,0,0,0,0,0,0,0,0,0,0,0,0,0,0,0,0,0,0,0,0,0,0,0,0,0,0,0,0,0,0,1,0,0,0,0,0,0,0,0,0,0,0,0,0,0,0,0,0,0,0,0,0,0,0,0,0,0,0,,72.52886263016197,,94.24185939252422,
2022/05/31,Lanus Final,FINALLANUS_ACCIONES2,15:56:23,18:39:23,perdida,,00:43:12,00:43:12,0.0,"179,28",duelo,,7.0,,,2592.0,0,0,0,0,0,0,0,0,0,0,0,0,0,0,0,0,0,0,0,0,0,0,0,0,0,0,0,0,0,0,0,0,0,0,0,0,0,0,0,0,0,0,0,0,0,0,0,0,0,0,0,0,0,0,0,0,0,0,0,0,,179.17146830143577,,28.084021761752034,
2022/05/31,Lanus Final,FINALLANUS_ACCIONES2,15:56:23,18:39:23,pelota parada,,00:49:06,00:49:06,0.0,"91,156",lateral largo,8,4.0,"152,129",,2946.0,0,0,0,0,0,0,0,0,0,0,0,0,0,0,0,0,0,0,0,0,0,0,0,0,0,0,0,0,0,0,0,0,0,0,0,0,0,0,0,1,0,0,0,0,0,0,0,0,0,0,0,0,0,0,0,0,0,0,0,0,15.0,90.90408255863176,152.19777170474273,155.63921106917138,128.96000356683567
2022/05/31,Lanus Final,FINALLANUS_ACCIONES2,15:56:23,18:39:23,duelo,,00:49:15,00:49:15,0.0,"161,39",gambeta a favor,,3.0,,,2955.0,0,0,0,0,0,0,0,0,0,0,0,0,0,0,0,0,0,0,0,0,0,1,0,0,0,0,0,0,0,0,0,0,0,0,0,0,0,0,0,0,0,0,0,0,0,0,0,0,0,0,0,0,0,0,0,0,0,0,0,0,,161.40728633976588,,39.307171310467226,
2022/05/31,Lanus Final,FINALLANUS_ACCIONES2,15:56:23,18:39:23,perdida,,00:49:23,00:49:23,0.0,"205,25",balon afuera lateral,,7.0,,,2963.0,0,0,0,0,0,0,0,0,0,0,0,0,0,0,0,0,0,0,0,0,0,0,0,0,0,0,0,0,0,0,0,0,0,0,0,0,0,0,0,0,0,0,0,0,0,0,0,0,1,0,0,0,0,0,0,0,0,0,0,0,,205.44050749811944,,25.021768882742837,
2022/05/31,Lanus Final,FINALLANUS_ACCIONES2,15:56:23,18:39:23,recuperacion,,00:49:40,00:49:40,0.0,"66,85",intercepcion,,4.0,,,2980.0,0,0,0,0,0,0,0,0,0,0,0,0,0,0,0,0,0,0,0,0,0,0,0,0,0,0,0,0,0,0,0,0,0,0,1,0,0,0,0,0,0,0,0,0,0,0,0,0,0,0,0,0,0,0,0,0,0,0,0,0,,65.7452977620556,,84.5447752806751,
2022/05/31,Lanus Final,FINALLANUS_ACCIONES2,15:56:23,18:39:23,pelota parada,,00:50:20,00:50:20,0.0,"248,10",lateral largo,Rival,3.0,"248,40",,3020.0,0,0,0,0,0,0,0,0,0,0,0,0,0,0,0,0,0,0,0,0,0,0,0,0,0,0,0,0,0,0,0,0,0,0,0,0,0,0,0,1,0,0,0,0,0,0,0,0,0,0,0,0,0,0,0,0,0,0,0,0,20.0,247.7016844548561,248.09483456036213,9.848691744259202,40.1101728708838
2022/05/31,Lanus Final,FINALLANUS_ACCIONES2,15:56:23,18:39:23,perdida,,00:50:22,00:50:22,0.0,"235,3",interceptado,Rival,3.0,"254,65",,3022.0,0,0,0,0,0,0,0,0,0,0,0,0,0,0,0,0,0,0,0,0,0,0,0,0,0,0,0,0,0,0,0,0,0,0,0,0,0,0,0,0,0,0,0,0,0,0,1,0,0,0,0,0,0,0,0,0,0,0,0,0,20.0,234.82996795852478,253.9430612946909,2.542908307947144,64.67867430267091
2022/05/31,Lanus Final,FINALLANUS_ACCIONES2,15:56:23,18:39:23,recuperacion,,00:50:24,00:50:24,0.0,"216,29",encontrada,,5.0,,,3024.0,0,0,0,0,0,0,0,0,0,0,0,0,0,0,0,0,0,0,0,0,0,0,0,0,0,0,0,0,0,0,0,0,0,1,0,0,0,0,0,0,0,0,0,0,0,0,0,0,0,0,0,0,0,0,0,0,0,0,0,0,,215.99602348459635,,29.36251359360444,
2022/05/31,Lanus Final,FINALLANUS_ACCIONES2,15:56:23,18:39:23,pelota parada,,00:50:43,00:50:43,0.0,"268,30",lateral largo,9,3.0,"254,75",,3043.0,0,0,0,0,0,0,0,0,0,0,0,0,0,0,0,0,0,0,0,0,0,0,0,0,0,0,0,0,0,0,0,0,0,0,0,0,0,0,1,0,0,0,0,0,0,0,0,0,0,0,0,0,0,0,0,0,0,0,0,0,21.0,268.10180649787594,254.45009705529446,30.40269293898994,74.9870691297722
2022/05/31,Lanus Final,FINALLANUS_ACCIONES2,15:56:23,18:39:23,duelo,,00:50:48,00:50:48,0.0,"189,73",aereo,,4.0,,,3048.0,0,0,0,0,0,0,0,0,0,0,0,0,0,0,0,1,0,0,0,0,0,0,0,0,0,0,0,0,0,0,0,0,0,0,0,0,0,0,0,0,0,0,0,0,0,0,0,0,0,0,0,0,0,0,0,0,0,0,0,0,,189.3744736770061,,73.3260598551408,
2022/05/31,Lanus Final,FINALLANUS_ACCIONES2,15:56:23,18:39:23,perdida,,00:50:48,00:50:48,0.0,"222,83",duelo,,4.0,,,3048.0,0,0,0,0,0,0,0,0,0,0,0,0,0,0,0,0,0,0,0,0,0,0,0,0,0,0,0,0,0,0,0,0,0,0,0,0,0,0,0,0,0,0,0,0,0,0,0,0,0,0,0,0,0,0,0,0,0,0,0,0,,221.5151843852771,,82.69470160703199,
2022/05/31,Lanus Final,FINALLANUS_ACCIONES2,15:56:23,18:39:23,duelo,,00:52:06,00:52:06,0.0,"175,88",aereo,,5.0,,,3126.0,0,0,0,0,0,0,0,0,0,0,0,0,0,0,0,0,1,0,0,0,0,0,0,0,0,0,0,0,0,0,0,0,0,0,0,0,0,0,0,0,0,0,0,0,0,0,0,0,0,0,0,0,0,0,0,0,0,0,0,0,,174.8544000927373,,88.22256597600636,
2022/05/31,Lanus Final,FINALLANUS_ACCIONES2,15:56:23,18:39:23,recuperacion,,00:52:07,00:52:07,0.0,"176,98",intercepcion aereo,,5.0,,,3127.0,0,0,0,0,0,0,0,0,0,0,0,0,0,0,0,0,0,0,0,0,0,0,0,0,0,0,0,0,0,0,0,0,0,0,0,1,0,0,0,0,0,0,0,0,0,0,0,0,0,0,0,0,0,0,0,0,0,0,0,0,,176.23198883631477,,98.05207170715659,
2022/05/31,Lanus Final,FINALLANUS_ACCIONES2,15:56:23,18:39:23,duelo,,00:53:03,00:53:03,0.0,"225,40",disputa suelo,,7.0,,,3183.0,0,0,0,0,0,0,0,0,0,0,0,0,0,0,0,0,0,1,0,0,0,0,0,0,0,0,0,0,0,0,0,0,0,0,0,0,0,0,0,0,0,0,0,0,0,0,0,0,0,0,0,0,0,0,0,0,0,0,0,0,,224.7354510184085,,40.16797177296732,
2022/05/31,Lanus Final,FINALLANUS_ACCIONES2,15:56:23,18:39:23,perdida,,00:53:03,00:53:03,0.0,"211,28",duelo,,7.0,,,3183.0,0,0,0,0,0,0,0,0,0,0,0,0,0,0,0,0,0,0,0,0,0,0,0,0,0,0,0,0,0,0,0,0,0,0,0,0,0,0,0,0,0,0,0,0,0,0,0,0,0,0,0,0,0,0,0,0,0,0,0,0,,210.99036833508592,,28.111995696968158,
2022/05/31,Lanus Final,FINALLANUS_ACCIONES2,15:56:23,18:39:23,recuperacion,,00:53:13,00:53:13,0.0,"159,4",intercepcion,,3.0,,,3193.0,0,0,0,0,0,0,0,0,0,0,0,0,0,0,0,0,0,0,0,0,0,0,0,0,0,0,0,0,0,0,0,0,0,0,1,0,0,0,0,0,0,0,0,0,0,0,0,0,0,0,0,0,0,0,0,0,0,0,0,0,,158.5747617897318,,4.281478175501032,
2022/05/31,Lanus Final,FINALLANUS_ACCIONES2,15:56:23,18:39:23,perdida,,00:53:41,00:53:41,0.0,"236,72",balon afuera fondo,,9.0,,,3221.0,0,0,0,0,0,0,0,0,0,0,0,0,0,0,0,0,0,0,0,0,0,0,0,0,0,0,0,0,0,0,0,0,0,0,0,0,0,0,0,0,0,0,0,0,0,0,0,0,1,0,0,0,0,0,0,0,0,0,0,0,,235.88242430392626,,72.18615894850713,
2022/05/31,Lanus Final,FINALLANUS_ACCIONES2,15:56:23,18:39:23,pelota parada,,00:52:40,00:52:40,0.0,"191,157",lateral corto,2,4.0,"167,150",,3160.0,0,0,0,0,0,0,0,0,0,0,0,0,0,0,0,0,0,0,0,0,0,0,0,0,0,0,0,0,0,0,0,0,0,0,0,0,0,0,0,1,0,0,0,0,0,0,0,0,0,0,0,0,0,0,0,0,0,0,0,0,15.0,190.59882620741166,167.26325027303798,157.17095423181885,149.61035246674408
2022/05/31,Lanus Final,FINALLANUS_ACCIONES2,15:56:23,18:39:23,pelota parada,,00:56:30,00:56:30,0.0,"170,127",lateral corto,5,4.0,"175,138",,3390.0,0,0,0,0,0,0,0,0,0,0,0,0,0,0,0,0,0,0,0,0,0,0,0,0,0,0,0,0,0,0,0,0,0,0,0,0,0,0,0,1,0,0,0,0,0,0,0,0,0,0,0,0,0,0,0,0,0,0,0,0,15.0,170.41967423970127,174.8715509918544,127.27646105459065,137.73546099030733
2022/05/31,Lanus Final,FINALLANUS_ACCIONES2,15:56:23,18:39:23,pelota parada,,00:57:13,00:57:13,0.0,"214,157",tiro libre,Rival,8.0,"239,79",,3433.0,0,0,0,0,0,0,0,0,0,0,0,0,0,0,0,0,0,0,0,0,0,0,0,0,0,0,0,0,0,0,0,0,0,0,0,0,0,0,0,0,0,0,1,0,0,0,0,0,0,0,0,0,0,0,0,0,0,0,0,0,21.0,213.81632093957128,238.78856514053462,157.00538746730982,78.86585312682142
2022/05/31,Lanus Final,FINALLANUS_ACCIONES2,15:56:23,18:39:23,perdida,,00:57:14,00:57:14,0.0,"192,141",intercepcion aereo,Rival,8.0,"220,91",,3434.0,0,0,0,0,0,0,0,0,0,0,0,0,0,0,0,0,0,0,0,0,0,0,0,0,0,0,0,0,0,0,0,0,0,0,0,0,0,0,0,0,0,0,0,0,0,0,1,0,0,0,0,0,0,0,0,0,0,0,0,0,21.0,192.12612831563126,220.05555959958807,141.48046084299938,90.5465701276037
2022/05/31,Lanus Final,FINALLANUS_ACCIONES2,15:56:23,18:39:23,pelota parada,,00:58:50,00:58:50,0.0,"68,153",lateral corto,6,4.0,"65,153",,3530.0,0,0,0,0,0,0,0,0,0,0,0,0,0,0,0,0,0,0,0,0,0,0,0,0,0,0,0,0,0,0,0,0,0,0,0,0,0,0,0,1,0,0,0,0,0,0,0,0,0,0,0,0,0,0,0,0,0,0,0,0,9.0,68.20869079553975,64.99006704667521,152.79066269596686,152.95172432567503
2022/05/31,Lanus Final,FINALLANUS_ACCIONES2,15:56:23,18:39:23,pelota parada,,00:59:25,00:59:25,0.0,"243,142",lateral largo,Rival,4.0,"259,116",,3565.0,0,0,0,0,0,0,0,0,0,0,0,0,0,0,0,0,0,0,0,0,0,0,0,0,0,0,0,0,0,0,0,0,0,0,0,0,0,0,0,1,0,0,0,0,0,0,0,0,0,0,0,0,0,0,0,0,0,0,0,0,23.0,243.40031071485697,258.8744990626565,141.66353287360943,116.2952080370506
2022/05/31,Lanus Final,FINALLANUS_ACCIONES2,15:56:23,18:39:23,duelo,,00:59:25,00:59:25,0.0,"256,106",aereo,,9.0,,,3565.0,0,0,0,0,0,0,0,0,0,0,0,0,0,0,0,0,1,0,0,0,0,0,0,0,0,0,0,0,0,0,0,0,0,0,0,0,0,0,0,0,0,0,0,0,0,0,0,0,0,0,0,0,0,0,0,0,0,0,0,0,,256.2869727092818,,105.67490680174575,
2022/05/31,Lanus Final,FINALLANUS_ACCIONES2,15:56:23,18:39:23,perdida,,00:59:26,00:59:26,0.0,"262,122",intercepcion aereo,,9.0,,,3566.0,0,0,0,0,0,0,0,0,0,0,0,0,0,0,0,0,0,0,0,0,0,0,0,0,0,0,0,0,0,0,0,0,0,0,0,0,0,0,0,0,0,0,0,0,0,0,1,0,0,0,0,0,0,0,0,0,0,0,0,0,,261.8650766234249,,121.52752238682245,
2022/05/31,Lanus Final,FINALLANUS_ACCIONES2,15:56:23,18:39:23,recuperacion,,00:59:29,00:59:29,0.0,"196,146",encontrada,,4.0,,,3569.0,0,0,0,0,0,0,0,0,0,0,0,0,0,0,0,0,0,0,0,0,0,0,0,0,0,0,0,0,0,0,0,0,0,1,0,0,0,0,0,0,0,0,0,0,0,0,0,0,0,0,0,0,0,0,0,0,0,0,0,0,,195.62559665869455,,146.002786632246,
2022/05/31,Lanus Final,FINALLANUS_ACCIONES2,15:56:23,18:39:23,perdida,,00:59:56,00:59:56,0.0,"255,75",balon afuera fondo,,9.0,,,3596.0,0,0,0,0,0,0,0,0,0,0,0,0,0,0,0,0,0,0,0,0,0,0,0,0,0,0,0,0,0,0,0,0,0,0,0,0,0,0,0,0,0,0,0,0,0,0,0,0,1,0,0,0,0,0,0,0,0,0,0,0,,254.90199707695197,,74.97585480049227,
2022/05/31,Lanus Final,FINALLANUS_ACCIONES2,15:56:23,18:39:23,duelo,,01:02:17,01:02:17,0.0,"53,90",aereo,,11.0,,,3737.0,0,0,0,0,0,0,0,0,0,0,0,0,0,0,0,0,1,0,0,0,0,0,0,0,0,0,0,0,0,0,0,0,0,0,0,0,0,0,0,0,0,0,0,0,0,0,0,0,0,0,0,0,0,0,0,0,0,0,0,0,,52.84788892232388,,89.55363113611314,
2022/05/31,Lanus Final,FINALLANUS_ACCIONES2,15:56:23,18:39:23,perdida,,01:02:47,01:02:47,0.0,"92,9",interceptado,9,6.0,"163,17",,3767.0,0,0,0,0,0,0,0,0,0,0,0,0,0,0,0,0,0,0,0,0,0,0,0,0,0,0,0,0,0,0,0,0,0,0,0,0,0,0,0,0,0,0,0,0,0,0,1,0,0,0,0,0,0,0,0,0,0,0,0,0,13.0,91.87489600655071,162.51957160793026,9.345628218994884,17.022691852686606
2022/05/31,Lanus Final,FINALLANUS_ACCIONES2,15:56:23,18:39:23,duelo,,01:03:07,01:03:07,0.0,"90,99",disputa suelo,,8.0,,,3787.0,0,0,0,0,0,0,0,0,0,0,0,0,0,0,0,0,0,0,1,0,0,0,0,0,0,0,0,0,0,0,0,0,0,0,0,0,0,0,0,0,0,0,0,0,0,0,0,0,0,0,0,0,0,0,0,0,0,0,0,0,,90.46450813051196,,98.65116014217267,
2022/05/31,Lanus Final,FINALLANUS_ACCIONES2,15:56:23,18:39:23,recuperacion,,01:03:08,01:03:08,0.0,"94,89",robo,,8.0,,,3788.0,0,0,0,0,0,0,0,0,0,0,0,0,0,0,0,0,0,0,0,0,0,0,0,0,0,0,0,0,0,0,0,0,1,0,0,0,0,0,0,0,0,0,0,0,0,0,0,0,0,0,0,0,0,0,0,0,0,0,0,0,,94.25847930669221,,88.53214662842521,
2022/05/31,Lanus Final,FINALLANUS_ACCIONES2,15:56:23,18:39:23,perdida,,01:03:11,01:03:11,0.0,"113,83",error tecnico,,2.0,,,3791.0,0,0,0,0,0,0,0,0,0,0,0,0,0,0,0,0,0,0,0,0,0,0,0,0,0,0,0,0,0,0,0,0,0,0,0,0,0,0,0,0,0,0,0,0,0,0,0,1,0,0,0,0,0,0,0,0,0,0,0,0,,112.91096212320723,,83.18614557746025,
2022/05/31,Lanus Final,FINALLANUS_ACCIONES2,15:56:23,18:39:23,pelota parada,,01:03:57,01:03:57,0.0,"46,99",tiro libre,Rival,1.0,"147,3",,3837.0,0,0,0,0,0,0,0,0,0,0,0,0,0,0,0,0,0,0,0,0,0,0,0,0,0,0,0,0,0,0,0,0,0,0,0,0,0,0,0,0,0,0,1,0,0,0,0,0,0,0,0,0,0,0,0,0,0,0,0,0,13.0,46.40932000914117,147.1911532202871,98.84824919854285,2.82234813006189
2022/05/31,Lanus Final,FINALLANUS_ACCIONES2,15:56:23,18:39:23,perdida,,01:03:58,01:03:58,0.0,"37,71",interceptado,Rival,1.0,"162,7",,3838.0,0,0,0,0,0,0,0,0,0,0,0,0,0,0,0,0,0,0,0,0,0,0,0,0,0,0,0,0,0,0,0,0,0,0,0,0,0,0,0,0,0,0,0,0,0,0,1,0,0,0,0,0,0,0,0,0,0,0,0,0,13.0,37.40614989465534,161.85768980866112,71.2702645713091,7.295869248034233
2022/05/31,Lanus Final,FINALLANUS_ACCIONES2,15:56:23,18:39:23,recuperacion,,01:03:59,01:03:59,0.0,"144,29",intercepcion anticipo,,3.0,,,3839.0,0,0,0,0,0,0,0,0,0,0,0,0,0,0,0,0,0,0,0,0,0,0,0,0,0,0,0,0,0,0,0,0,0,0,0,0,1,0,0,0,0,0,0,0,0,0,0,0,0,0,0,0,0,0,0,0,0,0,0,0,,143.6936701880569,,28.791802205891386,
2022/05/31,Lanus Final,FINALLANUS_ACCIONES2,15:56:23,18:39:23,recuperacion,,01:04:41,01:04:41,0.0,"109,86",encontrada,,3.0,,,3881.0,0,0,0,0,0,0,0,0,0,0,0,0,0,0,0,0,0,0,0,0,0,0,0,0,0,0,0,0,0,0,0,0,0,1,0,0,0,0,0,0,0,0,0,0,0,0,0,0,0,0,0,0,0,0,0,0,0,0,0,0,,108.75016970011676,,86.39230903026879,
2022/05/31,Lanus Final,FINALLANUS_ACCIONES2,15:56:23,18:39:23,perdida,,01:04:55,01:04:55,0.0,"212,141",duelo,,7.0,,,3895.0,0,0,0,0,0,0,0,0,0,0,0,0,0,0,0,0,0,0,0,0,0,0,0,0,0,0,0,0,0,0,0,0,0,0,0,0,0,0,0,0,0,0,0,0,0,0,0,0,0,0,0,0,0,0,0,0,0,0,0,0,,211.79351611117238,,141.32234951547514,
2022/05/31,Lanus Final,FINALLANUS_ACCIONES2,15:56:23,18:39:23,recuperacion,,01:05:18,01:05:18,0.0,"76,31",intercepcion,,10.0,,,3918.0,0,0,0,0,0,0,0,0,0,0,0,0,0,0,0,0,0,0,0,0,0,0,0,0,0,0,0,0,0,0,0,0,0,0,1,0,0,0,0,0,0,0,0,0,0,0,0,0,0,0,0,0,0,0,0,0,0,0,0,0,,75.99452348242764,,30.700810556127493,
2022/05/31,Lanus Final,FINALLANUS_ACCIONES2,15:56:23,18:39:23,perdida,,01:05:22,01:05:22,0.0,"94,99",error tecnico,,5.0,,,3922.0,0,0,0,0,0,0,0,0,0,0,0,0,0,0,0,0,0,0,0,0,0,0,0,0,0,0,0,0,0,0,0,0,0,0,0,0,0,0,0,0,0,0,0,0,0,0,0,1,0,0,0,0,0,0,0,0,0,0,0,0,,94.11474161690276,,98.83199781556306,
2022/05/31,Lanus Final,FINALLANUS_ACCIONES2,15:56:23,18:39:23,recuperacion,,01:05:32,01:05:32,0.0,"95,5",intercepcion,,3.0,,,3932.0,0,0,0,0,0,0,0,0,0,0,0,0,0,0,0,0,0,0,0,0,0,0,0,0,0,0,0,0,0,0,0,0,0,0,1,0,0,0,0,0,0,0,0,0,0,0,0,0,0,0,0,0,0,0,0,0,0,0,0,0,,95.39585620155304,,4.881604357028479,
2022/05/31,Lanus Final,FINALLANUS_ACCIONES2,15:56:23,18:39:23,perdida,,01:05:45,01:05:45,0.0,"263,146",interceptado,,4.0,,,3945.0,0,0,0,0,0,0,0,0,0,0,0,0,0,0,0,0,0,0,0,0,0,0,0,0,0,0,0,0,0,0,0,0,0,0,0,0,0,0,0,0,0,0,0,0,0,0,1,0,0,0,0,0,0,0,0,0,0,0,0,0,,263.0623215529239,,146.29785587132008,
2022/05/31,Lanus Final,FINALLANUS_ACCIONES2,15:56:23,18:39:23,pelota parada,,01:06:00,01:06:00,0.0,"75,152",lateral corto,1,2.0,"11,131",,3960.0,0,0,0,0,0,0,0,0,0,0,0,0,0,0,0,0,0,0,0,0,0,0,0,0,0,0,0,0,0,0,0,0,0,0,0,0,0,0,0,1,0,0,0,0,0,0,0,0,0,0,0,0,0,0,0,0,0,0,0,0,5.0,75.41302517405812,11.498880728368603,152.02898983479815,131.15922568927624
2022/05/31,Lanus Final,FINALLANUS_ACCIONES2,15:56:23,18:39:23,perdida,,01:06:27,01:06:27,0.0,"212,146",error tecnico,,7.0,,,3987.0,0,0,0,0,0,0,0,0,0,0,0,0,0,0,0,0,0,0,0,0,0,0,0,0,0,0,0,0,0,0,0,0,0,0,0,0,0,0,0,0,0,0,0,0,0,0,0,1,0,0,0,0,0,0,0,0,0,0,0,0,,211.9439161447307,,146.16789873455363,
2022/05/31,Lanus Final,FINALLANUS_ACCIONES2,15:56:23,18:39:23,pelota parada,,01:06:41,01:06:41,0.0,"46,147",lateral corto,2,4.0,"57,139",,4001.0,0,0,0,0,0,0,0,0,0,0,0,0,0,0,0,0,0,0,0,0,0,0,0,0,0,0,0,0,0,0,0,0,0,0,0,0,0,0,0,1,0,0,0,0,0,0,0,0,0,0,0,0,0,0,0,0,0,0,0,0,9.0,45.79747032800341,57.35716096271766,147.09494363408487,139.2916363096192
2022/05/31,Lanus Final,FINALLANUS_ACCIONES2,15:56:23,18:39:23,perdida,,01:06:56,01:06:56,0.0,"163,125",duelo,,8.0,,,4016.0,0,0,0,0,0,0,0,0,0,0,0,0,0,0,0,0,0,0,0,0,0,0,0,0,0,0,0,0,0,0,0,0,0,0,0,0,0,0,0,0,0,0,0,0,0,0,0,0,0,0,0,0,0,0,0,0,0,0,0,0,,163.21919351188166,,125.0628490408003,
2022/05/31,Lanus Final,FINALLANUS_ACCIONES2,15:56:23,18:39:23,duelo,,01:07:52,01:07:52,0.0,"211,69",disputa suelo,,10.0,,,4072.0,0,0,0,0,0,0,0,0,0,0,0,0,0,0,0,0,0,1,0,0,0,0,0,0,0,0,0,0,0,0,0,0,0,0,0,0,0,0,0,0,0,0,0,0,0,0,0,0,0,0,0,0,0,0,0,0,0,0,0,0,,210.97121491846366,,68.95550269566209,
2022/05/31,Lanus Final,FINALLANUS_ACCIONES2,15:56:23,18:39:23,perdida,,01:07:53,01:07:53,0.0,"220,65",duelo,,10.0,,,4073.0,0,0,0,0,0,0,0,0,0,0,0,0,0,0,0,0,0,0,0,0,0,0,0,0,0,0,0,0,0,0,0,0,0,0,0,0,0,0,0,0,0,0,0,0,0,0,0,0,0,0,0,0,0,0,0,0,0,0,0,0,,219.6357961559468,,64.54044197159571,
2022/05/31,Lanus Final,FINALLANUS_ACCIONES2,15:56:23,18:39:23,perdida,,01:26:14,01:26:14,0.0,"222,23",atajada,,15.0,,,5174.0,0,0,0,0,0,0,0,0,0,0,0,0,0,0,0,0,0,0,0,0,0,0,0,0,0,0,0,0,0,0,0,0,0,0,0,0,0,0,0,0,0,0,0,0,0,0,0,0,0,0,1,0,0,0,0,0,0,0,0,0,,222.35954710370564,,22.68184919985996,
2022/05/31,Lanus Final,FINALLANUS_ACCIONES2,15:56:23,18:39:23,recuperacion,,01:27:02,01:27:02,0.0,"153,84",intercepcion anticipo,,10.0,,,5222.0,0,0,0,0,0,0,0,0,0,0,0,0,0,0,0,0,0,0,0,0,0,0,0,0,0,0,0,0,0,0,0,0,0,0,0,0,1,0,0,0,0,0,0,0,0,0,0,0,0,0,0,0,0,0,0,0,0,0,0,0,,153.26443578646064,,83.54293551191674,
2022/05/31,Lanus Final,FINALLANUS_ACCIONES2,15:56:23,18:39:23,perdida,,01:27:06,01:27:06,0.0,"158,34",robo,,15.0,,,5226.0,0,0,0,0,0,0,0,0,0,0,0,0,0,0,0,0,0,0,0,0,0,0,0,0,0,0,0,0,0,0,0,0,0,0,0,0,0,0,0,0,0,0,0,0,0,1,0,0,0,0,0,0,0,0,0,0,0,0,0,0,,157.6462837482826,,34.242567433373,
2022/05/31,Lanus Final,FINALLANUS_ACCIONES2,15:56:23,18:39:23,perdida,,01:27:58,01:27:58,0.0,"247,35",intercepcion aereo,7,15.0,"236,70",,5278.0,0,0,0,0,0,0,0,0,0,0,0,0,0,0,0,0,0,0,0,0,0,0,0,0,0,0,0,0,0,0,0,0,0,0,0,0,0,0,0,0,0,0,0,0,0,0,1,0,0,0,0,0,0,0,0,0,0,0,0,0,21.0,246.67910142639928,235.6328869828018,34.60616984631819,69.89286319151289
2022/05/31,Lanus Final,FINALLANUS_ACCIONES2,15:56:23,18:39:23,recuperacion,,01:30:20,01:30:20,0.0,"27,115",intercepcion anticipo,,6.0,,,5420.0,0,0,0,0,0,0,0,0,0,0,0,0,0,0,0,0,0,0,0,0,0,0,0,0,0,0,0,0,0,0,0,0,0,0,0,0,1,0,0,0,0,0,0,0,0,0,0,0,0,0,0,0,0,0,0,0,0,0,0,0,,27.154633386197283,,114.5465547508986,
2022/05/31,Lanus Final,FINALLANUS_ACCIONES2,15:56:23,18:39:23,pelota parada,,01:30:34,01:30:34,0.0,"10,162",lateral corto,5,4.0,"20,133",,5434.0,0,0,0,0,0,0,0,0,0,0,0,0,0,0,0,0,0,0,0,0,0,0,0,0,0,0,0,0,0,0,0,0,0,0,0,0,0,0,0,1,0,0,0,0,0,0,0,0,0,0,0,0,0,0,0,0,0,0,0,0,6.0,10.212274896222118,20.012589865900008,162.0,132.96093826199706
2022/05/31,Lanus Final,FINALLANUS_ACCIONES2,15:56:23,18:39:23,perdida,,01:30:59,01:30:59,0.0,"191,80",atajada,,7.0,,,5459.0,0,0,0,0,0,0,0,0,0,0,0,0,0,0,0,0,0,0,0,0,0,0,0,0,0,0,0,0,0,0,0,0,0,0,0,0,0,0,0,0,0,0,0,0,0,0,0,0,0,0,1,0,0,0,0,0,0,0,0,0,,190.68380673523325,,79.97566594405187,
2022/05/31,Lanus Final,FINALLANUS_ACCIONES2,15:56:23,18:39:23,recuperacion,,01:31:31,01:31:31,0.0,"111,26",intercepcion anticipo,,15.0,,,5491.0,0,0,0,0,0,0,0,0,0,0,0,0,0,0,0,0,0,0,0,0,0,0,0,0,0,0,0,0,0,0,0,0,0,0,0,0,1,0,0,0,0,0,0,0,0,0,0,0,0,0,0,0,0,0,0,0,0,0,0,0,,110.66350584667889,,25.548375573033084,
2022/05/31,Lanus Final,FINALLANUS_ACCIONES2,15:56:23,18:39:23,pelota parada,,01:32:17,01:32:17,0.0,"258,8",tiro de esquina,Rival,10.0,"230,37",,5537.0,0,0,0,0,0,0,0,0,0,0,0,0,0,0,0,0,0,0,0,0,0,0,0,0,0,0,0,0,0,0,0,0,0,0,0,0,0,0,0,0,0,1,0,0,0,0,0,0,0,0,0,0,0,0,0,0,0,0,0,0,20.0,258.33073301139655,230.24858051847048,8.325996160154343,36.71350298093469
2022/05/31,Lanus Final,FINALLANUS_ACCIONES2,15:56:23,18:39:23,pelota parada,,01:34:04,01:34:04,0.0,"202,33",tiro libre,Rival,8.0,"247,69",,5644.0,0,0,0,0,0,0,0,0,0,0,0,0,0,0,0,0,0,0,0,0,0,0,0,0,0,0,0,0,0,0,0,0,0,0,0,0,0,0,0,0,0,0,1,0,0,0,0,0,0,0,0,0,0,0,0,0,0,0,0,0,21.0,201.6726835486482,246.8018779856049,32.76447630201841,69.45787538375271
2022/05/31,Lanus Final,FINALLANUS_ACCIONES2,15:56:23,18:39:23,perdida,,01:34:04,01:34:04,0.0,"207,13",interceptado,Rival,8.0,"226,87",,5644.0,0,0,0,0,0,0,0,0,0,0,0,0,0,0,0,0,0,0,0,0,0,0,0,0,0,0,0,0,0,0,0,0,0,0,0,0,0,0,0,0,0,0,0,0,0,0,1,0,0,0,0,0,0,0,0,0,0,0,0,0,21.0,206.92990268628012,225.83027753060856,13.359224520111754,86.65257769225045
2022/05/31,Lanus Final,FINALLANUS_ACCIONES2,15:56:23,18:39:23,duelo,,01:35:01,01:35:01,0.0,"93,129",aereo,,4.0,,,5701.0,0,0,0,0,0,0,0,0,0,0,0,0,0,0,0,0,1,0,0,0,0,0,0,0,0,0,0,0,0,0,0,0,0,0,0,0,0,0,0,0,0,0,0,0,0,0,0,0,0,0,0,0,0,0,0,0,0,0,0,0,,93.13635214583606,,128.93915535539614,
2022/05/31,Lanus Final,FINALLANUS_ACCIONES2,15:56:23,18:39:23,recuperacion,,01:35:06,01:35:06,0.0,"85,148",encontrada,,2.0,,,5706.0,0,0,0,0,0,0,0,0,0,0,0,0,0,0,0,0,0,0,0,0,0,0,0,0,0,0,0,0,0,0,0,0,0,1,0,0,0,0,0,0,0,0,0,0,0,0,0,0,0,0,0,0,0,0,0,0,0,0,0,0,,84.52995736992496,,147.70115328406112,
2022/05/31,Lanus Final,FINALLANUS_ACCIONES2,15:56:23,18:39:23,duelo,,01:35:08,01:35:08,0.0,"97,127",gambeta a favor,,5.0,,,5708.0,0,0,0,0,0,0,0,0,0,0,0,0,0,0,0,0,0,0,0,0,0,1,0,0,0,0,0,0,0,0,0,0,0,0,0,0,0,0,0,0,0,0,0,0,0,0,0,0,0,0,0,0,0,0,0,0,0,0,0,0,,97.11316677967582,,126.6435200117579,
2022/05/31,Lanus Final,FINALLANUS_ACCIONES2,15:56:23,18:39:23,perdida,,01:35:50,01:35:50,0.0,"219,94",balon afuera fondo,,8.0,,,5750.0,0,0,0,0,0,0,0,0,0,0,0,0,0,0,0,0,0,0,0,0,0,0,0,0,0,0,0,0,0,0,0,0,0,0,0,0,0,0,0,0,0,0,0,0,0,0,0,0,1,0,0,0,0,0,0,0,0,0,0,0,,218.89104452277243,,94.20768952970958,
2022/05/31,Lanus Final,FINALLANUS_ACCIONES2,15:56:23,18:39:23,perdida,,01:37:30,01:37:30,0.0,"222,158",interceptado,11,4.0,"263,132",,5850.0,0,0,0,0,0,0,0,0,0,0,0,0,0,0,0,0,0,0,0,0,0,0,0,0,0,0,0,0,0,0,0,0,0,0,0,0,0,0,0,0,0,0,0,0,0,0,1,0,0,0,0,0,0,0,0,0,0,0,0,0,23.0,222.27306176137654,262.5861724713335,157.6124391618687,131.98364675642878
2022/05/31,Lanus Final,FINALLANUS_ACCIONES2,15:56:23,18:39:23,recuperacion,,01:38:03,01:38:03,0.0,"174,150",duelo,,2.0,,,5883.0,0,0,0,0,0,0,0,0,0,0,0,0,0,0,0,0,0,0,0,0,0,0,0,0,0,0,0,0,0,0,0,0,0,0,0,0,0,0,0,0,0,0,0,0,0,0,0,0,0,0,0,0,0,0,0,0,0,0,0,0,,173.92503656104677,,150.474844483295,
2022/05/31,Lanus Final,FINALLANUS_ACCIONES2,15:56:23,18:39:23,pelota parada,,01:39:10,01:39:10,0.0,"173,134",tiro libre,Rival,10.0,"256,89",,5950.0,0,0,0,0,0,0,0,0,0,0,0,0,0,0,0,0,0,0,0,0,0,0,0,0,0,0,0,0,0,0,0,0,0,0,0,0,0,0,0,0,0,0,1,0,0,0,0,0,0,0,0,0,0,0,0,0,0,0,0,0,21.0,172.5391206155708,256.1465235064651,134.1848671784636,88.51923424112893
2022/05/31,Lanus Final,FINALLANUS_ACCIONES2,15:56:23,18:39:23,perdida,,01:39:13,01:39:13,0.0,"151,141",intercepcion aereo,Rival,10.0,"226,77",,5953.0,0,0,0,0,0,0,0,0,0,0,0,0,0,0,0,0,0,0,0,0,0,0,0,0,0,0,0,0,0,0,0,0,0,0,0,0,0,0,0,0,0,0,0,0,0,0,1,0,0,0,0,0,0,0,0,0,0,0,0,0,21.0,151.27269986877607,226.03462329594097,140.56734379178977,76.77263793909786
2022/05/31,Lanus Final,FINALLANUS_ACCIONES2,15:56:23,18:39:23,pelota parada,,01:40:41,01:40:41,0.0,"114,23",lateral corto,6,15.0,"65,6",,6041.0,0,0,0,0,0,0,0,0,0,0,0,0,0,0,0,0,0,0,0,0,0,0,0,0,0,0,0,0,0,0,0,0,0,0,0,0,0,0,0,1,0,0,0,0,0,0,0,0,0,0,0,0,0,0,0,0,0,0,0,0,7.0,113.74588565962344,64.9254884474677,23.403695173558486,5.910403354102417
2022/05/31,Lanus Final,FINALLANUS_ACCIONES2,15:56:23,18:39:23,perdida,,01:40:59,01:40:59,0.0,"268,39",balon afuera fondo,,10.0,,,6059.0,0,0,0,0,0,0,0,0,0,0,0,0,0,0,0,0,0,0,0,0,0,0,0,0,0,0,0,0,0,0,0,0,0,0,0,0,0,0,0,0,0,0,0,0,0,0,0,0,1,0,0,0,0,0,0,0,0,0,0,0,,268.26810881080894,,38.64524855992126,
2022/05/31,Lanus Final,FINALLANUS_ACCIONES2,15:56:23,18:39:23,pelota parada,,01:41:38,01:41:38,0.0,"74,148",lateral largo,Rival,4.0,"160,128",,6098.0,0,0,0,0,0,0,0,0,0,0,0,0,0,0,0,0,0,0,0,0,0,0,0,0,0,0,0,0,0,0,0,0,0,0,0,0,0,0,0,1,0,0,0,0,0,0,0,0,0,0,0,0,0,0,0,0,0,0,0,0,15.0,74.00733880168576,160.30357181087587,147.74896080576607,127.82727128955054
2022/05/31,Lanus Final,FINALLANUS_ACCIONES2,15:56:23,18:39:23,perdida,,01:41:43,01:41:43,0.0,"67,160",interceptado,Rival,4.0,"142,148",,6103.0,0,0,0,0,0,0,0,0,0,0,0,0,0,0,0,0,0,0,0,0,0,0,0,0,0,0,0,0,0,0,0,0,0,0,0,0,0,0,0,0,0,0,0,0,0,0,1,0,0,0,0,0,0,0,0,0,0,0,0,0,15.0,66.85818059851995,141.80091034972745,160.42788356710216,148.2768956375425
2022/05/31,Lanus Final,FINALLANUS_ACCIONES2,15:56:23,18:39:23,duelo,,01:41:48,01:41:48,0.0,"53,68",disputa suelo,,6.0,,,6108.0,0,0,0,0,0,0,0,0,0,0,0,0,0,0,0,0,0,0,1,0,0,0,0,0,0,0,0,0,0,0,0,0,0,0,0,0,0,0,0,0,0,0,0,0,0,0,0,0,0,0,0,0,0,0,0,0,0,0,0,0,,52.93439875715773,,68.06858489355267,
2022/05/31,Lanus Final,FINALLANUS_ACCIONES2,15:56:23,18:39:23,recuperacion,,01:41:49,01:41:49,0.0,"65,88",robo,,6.0,,,6109.0,0,0,0,0,0,0,0,0,0,0,0,0,0,0,0,0,0,0,0,0,0,0,0,0,0,0,0,0,0,0,0,0,1,0,0,0,0,0,0,0,0,0,0,0,0,0,0,0,0,0,0,0,0,0,0,0,0,0,0,0,,65.066627090391,,87.77308871328677,
2022/05/31,Lanus Final,FINALLANUS_ACCIONES2,15:56:23,18:39:23,perdida,,01:41:54,01:41:54,0.0,"58,2",interceptado,18,15.0,"54,23",,6114.0,0,0,0,0,0,0,0,0,0,0,0,0,0,0,0,0,0,0,0,0,0,0,0,0,0,0,0,0,0,0,0,0,0,0,0,0,0,0,0,0,0,0,0,0,0,0,1,0,0,0,0,0,0,0,0,0,0,0,0,0,7.0,57.83267590069616,54.139713158956845,2.2028254024831284,23.05176441441746
2022/05/31,Lanus Final,FINALLANUS_ACCIONES2,15:56:23,18:39:23,recuperacion,,01:42:09,01:42:09,0.0,"43,76",intercepcion aereo,,6.0,,,6129.0,0,0,0,0,0,0,0,0,0,0,0,0,0,0,0,0,0,0,0,0,0,0,0,0,0,0,0,0,0,0,0,0,0,0,0,1,0,0,0,0,0,0,0,0,0,0,0,0,0,0,0,0,0,0,0,0,0,0,0,0,,43.06557405409845,,75.83162850846028,
2022/05/31,Lanus Final,FINALLANUS_ACCIONES2,15:56:23,18:39:23,perdida,,01:42:15,01:42:15,0.0,"120,80",error tecnico,,9.0,,,6135.0,0,0,0,0,0,0,0,0,0,0,0,0,0,0,0,0,0,0,0,0,0,0,0,0,0,0,0,0,0,0,0,0,0,0,0,0,0,0,0,0,0,0,0,0,0,0,0,1,0,0,0,0,0,0,0,0,0,0,0,0,,120.08857266805654,,79.61831914871166,
2022/05/31,Lanus Final,FINALLANUS_ACCIONES2,15:56:23,18:39:23,recuperacion,,01:42:20,01:42:20,0.0,"115,86",intercepcion,,8.0,,,6140.0,0,0,0,0,0,0,0,0,0,0,0,0,0,0,0,0,0,0,0,0,0,0,0,0,0,0,0,0,0,0,0,0,0,0,1,0,0,0,0,0,0,0,0,0,0,0,0,0,0,0,0,0,0,0,0,0,0,0,0,0,,115.26875384357123,,86.36673912175075,
2022/05/31,Lanus Final,FINALLANUS_ACCIONES2,15:56:23,18:39:23,duelo,,01:42:26,01:42:26,0.0,"214,142",gambeta a favor,,18.0,,,6146.0,0,0,0,0,0,0,0,0,0,0,0,0,0,0,0,0,0,0,0,0,0,0,1,0,0,0,0,0,0,0,0,0,0,0,0,0,0,0,0,0,0,0,0,0,0,0,0,0,0,0,0,0,0,0,0,0,0,0,0,0,,214.09395066493025,,142.44483909639496,
2022/05/31,Lanus Final,FINALLANUS_ACCIONES2,15:56:23,18:39:23,perdida,,01:42:27,01:42:27,0.0,"193,124",robo,,18.0,,,6147.0,0,0,0,0,0,0,0,0,0,0,0,0,0,0,0,0,0,0,0,0,0,0,0,0,0,0,0,0,0,0,0,0,0,0,0,0,0,0,0,0,0,0,0,0,0,1,0,0,0,0,0,0,0,0,0,0,0,0,0,0,,193.23738174841213,,124.01004240671321,
2022/05/31,Lanus Final,FINALLANUS_ACCIONES2,15:56:23,18:39:23,pelota parada,,01:44:07,01:44:07,0.0,"15,26",lateral largo,Rival,15.0,"78,3",,6247.0,0,0,0,0,0,0,0,0,0,0,0,0,0,0,0,0,0,0,0,0,0,0,0,0,0,0,0,0,0,0,0,0,0,0,0,0,0,0,0,1,0,0,0,0,0,0,0,0,0,0,0,0,0,0,0,0,0,0,0,0,7.0,15.208968859588882,78.16221797434673,25.770109540601048,2.7291267960761836
2022/05/31,Lanus Final,FINALLANUS_ACCIONES2,15:56:23,18:39:23,pelota parada,,01:44:23,01:44:23,0.0,"74,6",lateral largo,11,15.0,"149,24",,6263.0,0,0,0,0,0,0,0,0,0,0,0,0,0,0,0,0,0,0,0,0,0,0,0,0,0,0,0,0,0,0,0,0,0,0,0,0,0,0,0,1,0,0,0,0,0,0,0,0,0,0,0,0,0,0,0,0,0,0,0,0,13.0,74.29874113184448,149.07125343021167,6.209307564029054,23.808507179587064
2022/05/31,Lanus Final,FINALLANUS_ACCIONES2,15:56:23,18:39:23,perdida,,01:44:24,01:44:24,0.0,"177,24",interceptado,9,11.0,"176,6",,6264.0,0,0,0,0,0,0,0,0,0,0,0,0,0,0,0,0,0,0,0,0,0,0,0,0,0,0,0,0,0,0,0,0,0,0,0,0,0,0,0,0,0,0,0,0,0,0,1,0,0,0,0,0,0,0,0,0,0,0,0,0,13.0,177.39827476296267,176.0084078664213,24.218715003540705,5.571661300524328
2022/05/31,Lanus Final,FINALLANUS_ACCIONES2,15:56:23,18:39:23,duelo,,01:44:32,01:44:32,0.0,"126,39",aereo,,6.0,,,6272.0,0,0,0,0,0,0,0,0,0,0,0,0,0,0,0,0,1,0,0,0,0,0,0,0,0,0,0,0,0,0,0,0,0,0,0,0,0,0,0,0,0,0,0,0,0,0,0,0,0,0,0,0,0,0,0,0,0,0,0,0,,125.83510570961215,,38.84677264981088,
2022/05/31,Lanus Final,FINALLANUS_ACCIONES2,15:56:23,18:39:23,recuperacion,,01:44:33,01:44:33,0.0,"122,24",intercepcion aereo,,6.0,,,6273.0,0,0,0,0,0,0,0,0,0,0,0,0,0,0,0,0,0,0,0,0,0,0,0,0,0,0,0,0,0,0,0,0,0,0,0,1,0,0,0,0,0,0,0,0,0,0,0,0,0,0,0,0,0,0,0,0,0,0,0,0,,122.29109290724925,,24.27088716916128,
2022/05/31,Lanus Final,FINALLANUS_ACCIONES2,15:56:23,18:39:23,duelo,,01:44:40,01:44:40,0.0,"161,18",gambeta a favor,,11.0,,,6280.0,0,0,0,0,0,0,0,0,0,0,0,0,0,0,0,0,0,0,0,0,0,0,1,0,0,0,0,0,0,0,0,0,0,0,0,0,0,0,0,0,0,0,0,0,0,0,0,0,0,0,0,0,0,0,0,0,0,0,0,0,,160.77277259218235,,17.719216861115356,
2022/05/31,Lanus Final,FINALLANUS_ACCIONES2,15:56:23,18:39:23,pelota parada,,01:45:25,01:45:25,0.0,"249,4",lateral corto,9,15.0,"267,24",,6325.0,0,0,0,0,0,0,0,0,0,0,0,0,0,0,0,0,0,0,0,0,0,0,0,0,0,0,0,0,0,0,0,0,0,0,0,0,0,0,0,1,0,0,0,0,0,0,0,0,0,0,0,0,0,0,0,0,0,0,0,0,19.0,249.32941571297374,266.58295142333884,3.8824407083226866,24.027336782381784
2022/05/31,Lanus Final,FINALLANUS_ACCIONES2,15:56:23,18:39:23,pelota parada,,01:45:45,01:45:45,0.0,"255,28",lateral corto,10,15.0,"263,33",,6345.0,0,0,0,0,0,0,0,0,0,0,0,0,0,0,0,0,0,0,0,0,0,0,0,0,0,0,0,0,0,0,0,0,0,0,0,0,0,0,0,1,0,0,0,0,0,0,0,0,0,0,0,0,0,0,0,0,0,0,0,0,19.0,255.2779026241882,262.6071915073162,27.6396797098164,33.4104623625548
2022/05/31,Lanus Final,FINALLANUS_ACCIONES2,15:56:23,18:39:23,pelota parada,,01:46:09,01:46:09,0.0,"242,19",tiro de esquina,6,10.0,"244,128",,6369.0,0,0,0,0,0,0,0,0,0,0,0,0,0,0,0,0,0,0,0,0,0,0,0,0,0,0,0,0,0,0,0,0,0,0,0,0,0,0,0,0,1,0,0,0,0,0,0,0,0,0,0,0,0,0,0,0,0,0,0,0,23.0,242.04902729997397,243.55434752908909,19.37801764520717,128.4825881839991
2022/05/31,Lanus Final,FINALLANUS_ACCIONES2,15:56:23,18:39:23,recuperacion,,01:47:15,01:47:15,0.0,"90,73",intercepcion anticipo aereo,,6.0,,,6435.0,0,0,0,0,0,0,0,0,0,0,0,0,0,0,0,0,0,0,0,0,0,0,0,0,0,0,0,0,0,0,0,0,0,0,0,0,1,0,0,0,0,0,0,0,0,0,0,0,0,0,0,0,0,0,0,0,0,0,0,0,,89.56297358215672,,72.63701865072241,
2022/05/31,Lanus Final,FINALLANUS_ACCIONES2,15:56:23,18:39:23,perdida,,01:47:19,01:47:19,0.0,"159,67",error tecnico,,9.0,,,6439.0,0,0,0,0,0,0,0,0,0,0,0,0,0,0,0,0,0,0,0,0,0,0,0,0,0,0,0,0,0,0,0,0,0,0,0,0,0,0,0,0,0,0,0,0,0,0,0,1,0,0,0,0,0,0,0,0,0,0,0,0,,158.52379067932114,,66.54608022863242,
2022/05/31,Lanus Final,FINALLANUS_ACCIONES2,15:56:23,18:39:23,recuperacion,,01:47:30,01:47:30,0.0,"26,40",duelo,,2.0,,,6450.0,0,0,0,0,0,0,0,0,0,0,0,0,0,0,0,0,0,0,0,0,0,0,0,0,0,0,0,0,0,0,0,0,0,0,0,0,0,0,0,0,0,0,0,0,0,0,0,0,0,0,0,0,0,0,0,0,0,0,0,0,,25.666790652172736,,39.967513683578275,
2022/05/31,Lanus Final,FINALLANUS_ACCIONES2,15:56:23,18:39:23,duelo,,01:48:45,01:48:45,0.0,"215,92",aereo,,9.0,,,6525.0,0,0,0,0,0,0,0,0,0,0,0,0,0,0,0,1,0,0,0,0,0,0,0,0,0,0,0,0,0,0,0,0,0,0,0,0,0,0,0,0,0,0,0,0,0,0,0,0,0,0,0,0,0,0,0,0,0,0,0,0,,215.05311972803844,,91.90648734591764,
2022/05/31,Lanus Final,FINALLANUS_ACCIONES2,15:56:23,18:39:23,perdida,,01:49:02,01:49:02,0.0,"217,19",duelo,,10.0,,,6542.0,0,0,0,0,0,0,0,0,0,0,0,0,0,0,0,0,0,0,0,0,0,0,0,0,0,0,0,0,0,0,0,0,0,0,0,0,0,0,0,0,0,0,0,0,0,0,0,0,0,0,0,0,0,0,0,0,0,0,0,0,,216.76130378163253,,19.38872024300875,
2022/05/31,Lanus Final,FINALLANUS_ACCIONES2,15:56:23,18:39:23,recuperacion,,01:49:12,01:49:12,0.0,"118,3",robo,,18.0,,,6552.0,0,0,0,0,0,0,0,0,0,0,0,0,0,0,0,0,0,0,0,0,0,0,0,0,0,0,0,0,0,0,0,0,1,0,0,0,0,0,0,0,0,0,0,0,0,0,0,0,0,0,0,0,0,0,0,0,0,0,0,0,,118.34410820068621,,3.112029476630507,
2022/05/31,Lanus Final,FINALLANUS_ACCIONES2,15:56:23,18:39:23,pelota parada,,01:50:44,01:50:44,0.0,"243,31",tiro libre,Rival,11.0,"259,100",,6644.0,0,0,0,0,0,0,0,0,0,0,0,0,0,0,0,0,0,0,0,0,0,0,0,0,0,0,0,0,0,0,0,0,0,0,0,0,0,0,0,0,0,0,1,0,0,0,0,0,0,0,0,0,0,0,0,0,0,0,0,0,22.0,242.52164897042857,258.93741607618597,31.215398389961948,99.65869948134474
2022/05/31,Lanus Final,FINALLANUS_ACCIONES2,15:56:23,18:39:23,perdida,,01:50:52,01:50:52,0.0,"218,86",balon afuera fondo,,15.0,,,6652.0,0,0,0,0,0,0,0,0,0,0,0,0,0,0,0,0,0,0,0,0,0,0,0,0,0,0,0,0,0,0,0,0,0,0,0,0,0,0,0,0,0,0,0,0,0,0,0,0,1,0,0,0,0,0,0,0,0,0,0,0,,217.64402451719263,,86.39868468552463,
2022/05/31,Lanus Final,FINALLANUS_ACCIONES2,15:56:23,18:39:23,pelota parada,,01:52:26,01:52:26,0.0,"160,97",tiro libre,Rival,10.0,"255,103",,6746.0,0,0,0,0,0,0,0,0,0,0,0,0,0,0,0,0,0,0,0,0,0,0,0,0,0,0,0,0,0,0,0,0,0,0,0,0,0,0,0,0,0,0,0,1,0,0,0,0,0,0,0,0,0,0,0,0,0,0,0,0,23.0,160.28275251090363,254.5158263000687,96.85501462189515,102.68433382059324
2022/05/31,Lanus Final,FINALLANUS_ACCIONES2,15:56:23,18:39:23,duelo,,01:52:27,01:52:27,0.0,"257,119",aereo,,2.0,,,6747.0,0,0,0,0,0,0,0,0,0,0,0,0,0,0,0,1,0,0,0,0,0,0,0,0,0,0,0,0,0,0,0,0,0,0,0,0,0,0,0,0,0,0,0,0,0,0,0,0,0,0,0,0,0,0,0,0,0,0,0,0,,256.84776485526487,,119.15796566437102,
2022/05/31,Lanus Final,FINALLANUS_ACCIONES2,15:56:23,18:39:23,perdida,,01:52:28,01:52:28,0.0,"231,133",duelo,,2.0,,,6748.0,0,0,0,0,0,0,0,0,0,0,0,0,0,0,0,0,0,0,0,0,0,0,0,0,0,0,0,0,0,0,0,0,0,0,0,0,0,0,0,0,0,0,0,0,0,0,0,0,0,0,0,0,0,0,0,0,0,0,0,0,,230.8017764978777,,133.34895457476108,
2022/05/31,Lanus Final,FINALLANUS_ACCIONES2,15:56:23,18:39:23,duelo,,01:52:44,01:52:44,0.0,"63,147",disputa suelo,,8.0,,,6764.0,0,0,0,0,0,0,0,0,0,0,0,0,0,0,0,0,0,0,1,0,0,0,0,0,0,0,0,0,0,0,0,0,0,0,0,0,0,0,0,0,0,0,0,0,0,0,0,0,0,0,0,0,0,0,0,0,0,0,0,0,,62.90918448969883,,147.0632921564984,
2022/05/31,Lanus Final,FINALLANUS_ACCIONES2,15:56:23,18:39:23,recuperacion,,01:52:46,01:52:46,0.0,"54,152",robo,,8.0,,,6766.0,0,0,0,0,0,0,0,0,0,0,0,0,0,0,0,0,0,0,0,0,0,0,0,0,0,0,0,0,0,0,0,0,1,0,0,0,0,0,0,0,0,0,0,0,0,0,0,0,0,0,0,0,0,0,0,0,0,0,0,0,,54.12046988208596,,152.4266500249331,
2022/05/31,Lanus Final,FINALLANUS_ACCIONES2,15:56:23,18:39:23,perdida,,01:54:16,01:54:16,0.0,"169,131",error tecnico,,4.0,,,6856.0,0,0,0,0,0,0,0,0,0,0,0,0,0,0,0,0,0,0,0,0,0,0,0,0,0,0,0,0,0,0,0,0,0,0,0,0,0,0,0,0,0,0,0,0,0,0,0,1,0,0,0,0,0,0,0,0,0,0,0,0,,168.77561504144214,,131.24840421651632,
2022/05/31,Lanus Final,FINALLANUS_ACCIONES2,15:56:23,18:39:23,recuperacion,,01:54:27,01:54:27,0.0,"70,138",intercepcion,,5.0,,,6867.0,0,0,0,0,0,0,0,0,0,0,0,0,0,0,0,0,0,0,0,0,0,0,0,0,0,0,0,0,0,0,0,0,0,0,1,0,0,0,0,0,0,0,0,0,0,0,0,0,0,0,0,0,0,0,0,0,0,0,0,0,,69.78819818852003,,137.67371213960828,
2022/05/31,Lanus Final,FINALLANUS_ACCIONES2,15:56:23,18:39:23,recuperacion,,01:55:34,01:55:34,0.0,"183,77",encontrada,,10.0,,,6934.0,0,0,0,0,0,0,0,0,0,0,0,0,0,0,0,0,0,0,0,0,0,0,0,0,0,0,0,0,0,0,0,0,0,1,0,0,0,0,0,0,0,0,0,0,0,0,0,0,0,0,0,0,0,0,0,0,0,0,0,0,,183.41072034938614,,76.89183255663244,
2022/05/31,Lanus Final,FINALLANUS_ACCIONES2,15:56:23,18:39:23,duelo,,01:55:44,01:55:44,0.0,"204,128",disputa suelo,,18.0,,,6944.0,0,0,0,0,0,0,0,0,0,0,0,0,0,0,0,0,0,1,0,0,0,0,0,0,0,0,0,0,0,0,0,0,0,0,0,0,0,0,0,0,0,0,0,0,0,0,0,0,0,0,0,0,0,0,0,0,0,0,0,0,,204.0913590914682,,127.5326294716229,
2022/05/31,Lanus Final,FINALLANUS_ACCIONES2,15:56:23,18:39:23,perdida,,01:55:44,01:55:44,0.0,"184,130",duelo,,18.0,,,6944.0,0,0,0,0,0,0,0,0,0,0,0,0,0,0,0,0,0,0,0,0,0,0,0,0,0,0,0,0,0,0,0,0,0,0,0,0,0,0,0,0,0,0,0,0,0,0,0,0,0,0,0,0,0,0,0,0,0,0,0,0,,184.42456332759176,,129.9835703938253,
2022/05/31,Lanus Final,FINALLANUS_ACCIONES2,15:56:23,18:39:23,duelo,,01:56:00,01:56:00,0.0,"43,68",disputa suelo,,2.0,,,6960.0,0,0,0,0,0,0,0,0,0,0,0,0,0,0,0,0,0,0,1,0,0,0,0,0,0,0,0,0,0,0,0,0,0,0,0,0,0,0,0,0,0,0,0,0,0,0,0,0,0,0,0,0,0,0,0,0,0,0,0,0,,43.2734584490579,,68.39891285505782,
2022/05/31,Lanus Final,FINALLANUS_ACCIONES2,15:56:23,18:39:23,recuperacion,,01:56:02,01:56:02,0.0,"52,74",robo,,2.0,,,6962.0,0,0,0,0,0,0,0,0,0,0,0,0,0,0,0,0,0,0,0,0,0,0,0,0,0,0,0,0,0,0,0,0,1,0,0,0,0,0,0,0,0,0,0,0,0,0,0,0,0,0,0,0,0,0,0,0,0,0,0,0,,52.31143790449917,,73.96277031926948,
2022/05/31,Lanus Final,FINALLANUS_ACCIONES2,15:56:23,18:39:23,perdida,,01:56:30,01:56:30,0.0,"187,31",balon afuera lateral,,15.0,,,6990.0,0,0,0,0,0,0,0,0,0,0,0,0,0,0,0,0,0,0,0,0,0,0,0,0,0,0,0,0,0,0,0,0,0,0,0,0,0,0,0,0,0,0,0,0,0,0,0,0,1,0,0,0,0,0,0,0,0,0,0,0,,187.02039187412132,,30.540192871852494,
2022/05/31,Lanus Final,FINALLANUS_ACCIONES2,15:56:23,18:39:23,recuperacion,,01:56:52,01:56:52,0.0,"209,15",robo,,15.0,,,7012.0,0,0,0,0,0,0,0,0,0,0,0,0,0,0,0,0,0,0,0,0,0,0,0,0,0,0,0,0,0,0,0,0,1,0,0,0,0,0,0,0,0,0,0,0,0,0,0,0,0,0,0,0,0,0,0,0,0,0,0,0,,209.1838218467086,,14.706854708571889,
2022/05/31,Lanus Final,FINALLANUS_ACCIONES2,15:56:23,18:39:23,duelo,,01:57:03,01:57:03,0.0,"224,40",gambeta a favor,,10.0,,,7023.0,0,0,0,0,0,0,0,0,0,0,0,0,0,0,0,0,0,0,0,0,0,0,1,0,0,0,0,0,0,0,0,0,0,0,0,0,0,0,0,0,0,0,0,0,0,0,0,0,0,0,0,0,0,0,0,0,0,0,0,0,,223.90516296206772,,39.6851940020137,
2022/05/31,Lanus Final,FINALLANUS_ACCIONES2,15:56:23,18:39:23,perdida,,01:57:08,01:57:08,0.0,"229,86",interceptado,9,11.0,"251,83",,7028.0,0,0,0,0,0,0,0,0,0,0,0,0,0,0,0,0,0,0,0,0,0,0,0,0,0,0,0,0,0,0,0,0,0,0,0,0,0,0,0,0,0,0,0,0,0,0,1,0,0,0,0,0,0,0,0,0,0,0,0,0,21.0,228.5369287870857,250.63205027135297,85.88166896199311,83.09775276669839
2022/05/31,Lanus Final,FINALLANUS_ACCIONES2,15:56:23,18:39:23,pelota parada,,01:58:44,01:58:44,0.0,"190,141",tiro libre,2,8.0,"228,85",,7124.0,0,0,0,0,0,0,0,0,0,0,0,0,0,0,0,0,0,0,0,0,0,0,0,0,0,0,0,0,0,0,0,0,0,0,0,0,0,0,0,0,0,0,0,1,0,0,0,0,0,0,0,0,0,0,0,0,0,0,0,0,21.0,190.3116855257963,227.64982500885358,140.9768587363912,84.94543007283158
2022/05/31,Lanus Final,FINALLANUS_ACCIONES2,15:56:23,18:39:23,pelota parada,,01:58:59,01:58:59,0.0,"162,32",lateral corto,5,15.0,"158,11",,7139.0,0,0,0,0,0,0,0,0,0,0,0,0,0,0,0,0,0,0,0,0,0,0,0,0,0,0,0,0,0,0,0,0,0,0,0,0,0,0,1,0,0,0,0,0,0,0,0,0,0,0,0,0,0,0,0,0,0,0,0,0,13.0,162.16300014401995,157.8902715924956,31.94288260200551,10.691902352143922
2022/05/31,Lanus Final,FINALLANUS_ACCIONES2,15:56:23,18:39:23,duelo,,01:59:01,01:59:01,0.0,"156,34",disputa suelo,,5.0,,,7141.0,0,0,0,0,0,0,0,0,0,0,0,0,0,0,0,0,0,1,0,0,0,0,0,0,0,0,0,0,0,0,0,0,0,0,0,0,0,0,0,0,0,0,0,0,0,0,0,0,0,0,0,0,0,0,0,0,0,0,0,0,,156.47525579603516,,34.07425369834493,
2022/05/31,Lanus Final,FINALLANUS_ACCIONES2,15:56:23,18:39:23,perdida,,01:59:02,01:59:02,0.0,"151,11",duelo,,5.0,,,7142.0,0,0,0,0,0,0,0,0,0,0,0,0,0,0,0,0,0,0,0,0,0,0,0,0,0,0,0,0,0,0,0,0,0,0,0,0,0,0,0,0,0,0,0,0,0,0,0,0,0,0,0,0,0,0,0,0,0,0,0,0,,150.56003337825925,,10.928847704242516,
2022/05/31,Lanus Final,FINALLANUS_ACCIONES2,15:56:23,18:39:23,duelo,,01:59:28,01:59:28,0.0,"150,9",aereo,,8.0,,,7168.0,0,0,0,0,0,0,0,0,0,0,0,0,0,0,0,0,1,0,0,0,0,0,0,0,0,0,0,0,0,0,0,0,0,0,0,0,0,0,0,0,0,0,0,0,0,0,0,0,0,0,0,0,0,0,0,0,0,0,0,0,,150.00142030886386,,8.526861682860915,
2022/05/31,Lanus Final,FINALLANUS_ACCIONES2,15:56:23,18:39:23,recuperacion,,01:59:29,01:59:29,0.0,"145,21",intercepcion aereo,,8.0,,,7169.0,0,0,0,0,0,0,0,0,0,0,0,0,0,0,0,0,0,0,0,0,0,0,0,0,0,0,0,0,0,0,0,0,0,0,0,1,0,0,0,0,0,0,0,0,0,0,0,0,0,0,0,0,0,0,0,0,0,0,0,0,,144.813154698537,,20.823892397624135,
2022/05/31,Lanus Final,FINALLANUS_ACCIONES2,15:56:23,18:39:23,duelo,,01:59:32,01:59:32,0.0,"152,4",gambeta a favor,,8.0,,,7172.0,0,0,0,0,0,0,0,0,0,0,0,0,0,0,0,0,0,0,0,0,0,1,0,0,0,0,0,0,0,0,0,0,0,0,0,0,0,0,0,0,0,0,0,0,0,0,0,0,0,0,0,0,0,0,0,0,0,0,0,0,,152.14349337686207,,4.149318303978461,
2022/05/31,Lanus Final,FINALLANUS_ACCIONES2,15:56:23,18:39:23,perdida,,02:00:29,02:00:29,0.0,"212,25",balon afuera fondo,9,8.0,"249,91",,7229.0,0,0,0,0,0,0,0,0,0,0,0,0,0,0,0,0,0,0,0,0,0,0,0,0,0,0,0,0,0,0,0,0,0,0,0,0,0,0,0,0,0,0,0,0,0,0,0,0,1,0,0,0,0,0,0,0,0,0,0,0,21.0,211.6008968795254,249.24847957935552,25.341935293699557,90.78210230286511
2022/05/31,Lanus Final,FINALLANUS_ACCIONES2,15:56:23,18:39:23,recuperacion,,02:00:55,02:00:55,0.0,"59,20",intercepcion,,6.0,,,7255.0,0,0,0,0,0,0,0,0,0,0,0,0,0,0,0,0,0,0,0,0,0,0,0,0,0,0,0,0,0,0,0,0,0,0,1,0,0,0,0,0,0,0,0,0,0,0,0,0,0,0,0,0,0,0,0,0,0,0,0,0,,58.803862454512696,,20.25040325066197,
2022/05/31,Lanus Final,FINALLANUS_ACCIONES2,15:56:23,18:39:23,duelo,,02:01:07,02:01:07,0.0,"145,154",gambeta a favor,,4.0,,,7267.0,0,0,0,0,0,0,0,0,0,0,0,0,0,0,0,0,0,0,0,0,0,1,0,0,0,0,0,0,0,0,0,0,0,0,0,0,0,0,0,0,0,0,0,0,0,0,0,0,0,0,0,0,0,0,0,0,0,0,0,0,,145.13531648117154,,153.58054872318706,
2022/05/31,Lanus Final,FINALLANUS_ACCIONES2,15:56:23,18:39:23,perdida,,02:01:17,02:01:17,0.0,"218,73",balon afuera fondo,,8.0,,,7277.0,0,0,0,0,0,0,0,0,0,0,0,0,0,0,0,0,0,0,0,0,0,0,0,0,0,0,0,0,0,0,0,0,0,0,0,0,0,0,0,0,0,0,0,0,0,0,0,0,1,0,0,0,0,0,0,0,0,0,0,0,,218.41015611637673,,72.76891240437271,
2022/05/31,Lanus Final,FINALLANUS_ACCIONES2,15:56:23,18:39:23,perdida,,02:01:17,02:01:17,0.0,"206,85",balon afuera fondo,,10.0,,,7277.0,0,0,0,0,0,0,0,0,0,0,0,0,0,0,0,0,0,0,0,0,0,0,0,0,0,0,0,0,0,0,0,0,0,0,0,0,0,0,0,0,0,0,0,0,0,0,0,0,1,0,0,0,0,0,0,0,0,0,0,0,,206.00330396171918,,85.08712083811568,
2022/05/31,Lanus Final,FINALLANUS_ACCIONES2,15:56:23,18:39:23,duelo,,02:02:01,02:02:01,0.0,"93,94",aereo,,6.0,,,7321.0,0,0,0,0,0,0,0,0,0,0,0,0,0,0,0,1,0,0,0,0,0,0,0,0,0,0,0,0,0,0,0,0,0,0,0,0,0,0,0,0,0,0,0,0,0,0,0,0,0,0,0,0,0,0,0,0,0,0,0,0,,92.70922015673656,,93.86906341810591,
2022/05/31,Lanus Final,FINALLANUS_ACCIONES2,15:56:23,18:39:23,perdida,,02:02:02,02:02:02,0.0,"125,87",duelo,,6.0,,,7322.0,0,0,0,0,0,0,0,0,0,0,0,0,0,0,0,0,0,0,0,0,0,0,0,0,0,0,0,0,0,0,0,0,0,0,0,0,0,0,0,0,0,0,0,0,0,0,0,0,0,0,0,0,0,0,0,0,0,0,0,0,,125.48385058506594,,87.2835859878069,
2022/05/31,Lanus Final,FINALLANUS_ACCIONES2,15:56:23,18:39:23,recuperacion,,02:02:13,02:02:13,0.0,"32,87",encontrada,,2.0,,,7333.0,0,0,0,0,0,0,0,0,0,0,0,0,0,0,0,0,0,0,0,0,0,0,0,0,0,0,0,0,0,0,0,0,0,1,0,0,0,0,0,0,0,0,0,0,0,0,0,0,0,0,0,0,0,0,0,0,0,0,0,0,,32.29288292945384,,86.59020760347296,
2022/05/31,Lanus Final,FINALLANUS_ACCIONES2,15:56:23,18:39:23,duelo,,02:02:18,02:02:18,0.0,"176,68",aereo,,22.0,,,7338.0,0,0,0,0,0,0,0,0,0,0,0,0,0,0,0,0,1,0,0,0,0,0,0,0,0,0,0,0,0,0,0,0,0,0,0,0,0,0,0,0,0,0,0,0,0,0,0,0,0,0,0,0,0,0,0,0,0,0,0,0,,176.46937934977626,,68.31736151887178,
2022/05/31,Lanus Final,FINALLANUS_ACCIONES2,15:56:23,18:39:23,perdida,,02:02:22,02:02:22,0.0,"200,75",error tecnico,,9.0,,,7342.0,0,0,0,0,0,0,0,0,0,0,0,0,0,0,0,0,0,0,0,0,0,0,0,0,0,0,0,0,0,0,0,0,0,0,0,0,0,0,0,0,0,0,0,0,0,0,0,1,0,0,0,0,0,0,0,0,0,0,0,0,,199.52363265137424,,75.28850811146413,
2022/05/31,Lanus Final,FINALLANUS_ACCIONES2,15:56:23,18:39:23,duelo,,02:02:39,02:02:39,0.0,"126,93",aereo,,2.0,,,7359.0,0,0,0,0,0,0,0,0,0,0,0,0,0,0,0,1,0,0,0,0,0,0,0,0,0,0,0,0,0,0,0,0,0,0,0,0,0,0,0,0,0,0,0,0,0,0,0,0,0,0,0,0,0,0,0,0,0,0,0,0,,125.9921018423972,,92.8674014125946,
2022/05/31,Lanus Final,FINALLANUS_ACCIONES2,15:56:23,18:39:23,perdida,,02:02:40,02:02:40,0.0,"60,88",duelo,,2.0,,,7360.0,0,0,0,0,0,0,0,0,0,0,0,0,0,0,0,0,0,0,0,0,0,0,0,0,0,0,0,0,0,0,0,0,0,0,0,0,0,0,0,0,0,0,0,0,0,0,0,0,0,0,0,0,0,0,0,0,0,0,0,0,,60.23085298443312,,87.90025656892311,
2022/05/31,Lanus Final,FINALLANUS_ACCIONES2,15:56:23,18:39:23,duelo,,02:02:47,02:02:47,0.0,"59,123",disputa suelo,,20.0,,,7367.0,0,0,0,0,0,0,0,0,0,0,0,0,0,0,0,0,0,0,1,0,0,0,0,0,0,0,0,0,0,0,0,0,0,0,0,0,0,0,0,0,0,0,0,0,0,0,0,0,0,0,0,0,0,0,0,0,0,0,0,0,,59.455019680925744,,123.06992882793209,
2022/05/31,Lanus Final,FINALLANUS_ACCIONES2,15:56:23,18:39:23,recuperacion,,02:02:48,02:02:48,0.0,"54,123",robo,,20.0,,,7368.0,0,0,0,0,0,0,0,0,0,0,0,0,0,0,0,0,0,0,0,0,0,0,0,0,0,0,0,0,0,0,0,0,1,0,0,0,0,0,0,0,0,0,0,0,0,0,0,0,0,0,0,0,0,0,0,0,0,0,0,0,,54.25358236281397,,122.97295491472372,
2022/05/31,Lanus Final,FINALLANUS_ACCIONES2,15:56:23,18:39:23,perdida,,02:03:01,02:03:01,0.0,"217,143",robo,,9.0,,,7381.0,0,0,0,0,0,0,0,0,0,0,0,0,0,0,0,0,0,0,0,0,0,0,0,0,0,0,0,0,0,0,0,0,0,0,0,0,0,0,0,0,0,0,0,0,0,1,0,0,0,0,0,0,0,0,0,0,0,0,0,0,,217.39780656370382,,142.67605381134098,
2022/05/31,Lanus Final,FINALLANUS_ACCIONES2,15:56:23,18:39:23,recuperacion,,02:03:15,02:03:15,0.0,"79,131",duelo,,6.0,,,7395.0,0,0,0,0,0,0,0,0,0,0,0,0,0,0,0,0,0,0,0,0,0,0,0,0,0,0,0,0,0,0,0,0,0,0,0,0,0,0,0,0,0,0,0,0,0,0,0,0,0,0,0,0,0,0,0,0,0,0,0,0,,79.25361827988338,,131.4650272391804,
2022/05/31,Lanus Final,FINALLANUS_ACCIONES2,15:56:23,18:39:23,pelota parada,,02:03:23,02:03:23,0.0,"32,141",lateral corto,18,6.0,"78,123",,7403.0,0,0,0,0,0,0,0,0,0,0,0,0,0,0,0,0,0,0,0,0,0,0,0,0,0,0,0,0,0,0,0,0,0,0,0,0,0,0,0,1,0,0,0,0,0,0,0,0,0,0,0,0,0,0,0,0,0,0,0,0,9.0,32.3163279065115,77.69942307091634,140.61505922045612,122.86464055587535
2022/05/31,Lanus Final,FINALLANUS_ACCIONES2,15:56:23,18:39:23,pelota parada,,02:03:30,02:03:30,0.0,"76,143",tiro libre,5,6.0,"76,157",,7410.0,0,0,0,0,0,0,0,0,0,0,0,0,0,0,0,0,0,0,0,0,0,0,0,0,0,0,0,0,0,0,0,0,0,0,0,0,0,0,0,0,0,0,1,0,0,0,0,0,0,0,0,0,0,0,0,0,0,0,0,0,9.0,75.90892945717917,76.24483705454715,143.0210982461898,157.36445676014608
2022/05/31,Lanus Final,FINALLANUS_ACCIONES2,15:56:23,18:39:23,perdida,,02:04:00,02:04:00,0.0,"177,72",atajada,,8.0,,,7440.0,0,0,0,0,0,0,0,0,0,0,0,0,0,0,0,0,0,0,0,0,0,0,0,0,0,0,0,0,0,0,0,0,0,0,0,0,0,0,0,0,0,0,0,0,0,0,0,0,0,0,1,0,0,0,0,0,0,0,0,0,,177.26693605141037,,71.52660377424397,
2022/05/31,Lanus Final,FINALLANUS_ACCIONES2,15:56:23,18:39:23,recuperacion,,02:04:20,02:04:20,0.0,"65,129",encontrada,,6.0,,,7460.0,0,0,0,0,0,0,0,0,0,0,0,0,0,0,0,0,0,0,0,0,0,0,0,0,0,0,0,0,0,0,0,0,0,1,0,0,0,0,0,0,0,0,0,0,0,0,0,0,0,0,0,0,0,0,0,0,0,0,0,0,,64.75913758018953,,129.204789350683,
2022/05/31,Lanus Final,FINALLANUS_ACCIONES2,15:56:23,18:39:23,duelo,,02:04:32,02:04:32,0.0,"187,98",gambeta a favor,,11.0,,,7472.0,0,0,0,0,0,0,0,0,0,0,0,0,0,0,0,0,0,0,0,0,0,0,1,0,0,0,0,0,0,0,0,0,0,0,0,0,0,0,0,0,0,0,0,0,0,0,0,0,0,0,0,0,0,0,0,0,0,0,0,0,,187.2233285133939,,98.13070195699328,
2022/05/31,Lanus Final,FINALLANUS_ACCIONES2,15:56:23,18:39:23,duelo,,02:04:37,02:04:37,0.0,"244,20",disputa suelo,,15.0,,,7477.0,0,0,0,0,0,0,0,0,0,0,0,0,0,0,0,0,0,0,1,0,0,0,0,0,0,0,0,0,0,0,0,0,0,0,0,0,0,0,0,0,0,0,0,0,0,0,0,0,0,0,0,0,0,0,0,0,0,0,0,0,,243.52975858169273,,19.55417015534938,
2022/05/31,Lanus Final,FINALLANUS_ACCIONES2,15:56:23,18:39:23,perdida,,02:04:38,02:04:38,0.0,"257,6",robo,,15.0,,,7478.0,0,0,0,0,0,0,0,0,0,0,0,0,0,0,0,0,0,0,0,0,0,0,0,0,0,0,0,0,0,0,0,0,0,0,0,0,0,0,0,0,0,0,0,0,0,1,0,0,0,0,0,0,0,0,0,0,0,0,0,0,,256.9342110750159,,5.930671673656924,
2022/05/31,Lanus Final,FINALLANUS_ACCIONES2,15:56:23,18:39:23,duelo,,02:04:47,02:04:47,0.0,"95,34",disputa suelo,,6.0,,,7487.0,0,0,0,0,0,0,0,0,0,0,0,0,0,0,0,0,0,0,1,0,0,0,0,0,0,0,0,0,0,0,0,0,0,0,0,0,0,1,0,0,0,0,0,0,0,0,0,0,0,0,0,0,0,0,0,0,0,0,0,0,,94.64840968251907,,33.58410904513592,
2022/05/31,Lanus Final,FINALLANUS_ACCIONES2,15:56:23,18:39:23,recuperacion,,02:04:48,02:04:48,0.0,"106,17",duelo,,6.0,,,7488.0,0,0,0,0,0,0,0,0,0,0,0,0,0,0,0,0,0,0,0,0,0,0,0,0,0,0,0,0,0,0,0,0,0,0,0,0,0,0,0,0,0,0,0,0,0,0,0,0,0,0,0,0,0,0,0,0,0,0,0,0,,105.68656999819055,,16.90119060430687,
2022/05/31,Lanus Final,FINALLANUS_ACCIONES2,15:56:23,18:39:23,pelota parada,,02:04:55,02:04:55,0.0,"116,31",lateral corto,2,6.0,"101,73",,7495.0,0,0,0,0,0,0,0,0,0,0,0,0,0,0,0,0,0,0,0,0,0,0,0,0,0,0,0,0,0,0,0,0,0,0,0,0,0,0,0,1,0,0,0,0,0,0,0,0,0,0,0,0,0,0,0,0,0,0,0,0,11.0,115.65568861123403,101.12368202735546,30.618856266561494,72.86458818250227
2022/05/31,Lanus Final,FINALLANUS_ACCIONES2,15:56:23,18:39:23,perdida,,02:05:07,02:05:07,0.0,"185,159",error tecnico,,20.0,,,7507.0,0,0,0,0,0,0,0,0,0,0,0,0,0,0,0,0,0,0,0,0,0,0,0,0,0,0,0,0,0,0,0,0,0,0,0,0,0,0,0,0,0,0,0,0,0,0,0,1,0,0,0,0,0,0,0,0,0,0,0,0,,184.6770886685224,,159.152814409302,
2022/05/31,Lanus Final,FINALLANUS_ACCIONES2,15:56:23,18:39:23,recuperacion,,02:05:30,02:05:30,0.0,"170,84",intercepcion anticipo,,5.0,,,7530.0,0,0,0,0,0,0,0,0,0,0,0,0,0,0,0,0,0,0,0,0,0,0,0,0,0,0,0,0,0,0,0,0,0,0,0,0,1,0,0,0,0,0,0,0,0,0,0,0,0,0,0,0,0,0,0,0,0,0,0,0,,169.51398124011038,,84.3669403905778,
2022/05/31,Lanus Final,FINALLANUS_ACCIONES2,15:56:23,18:39:23,pelota parada,,02:06:27,02:06:27,0.0,"214,90",tiro libre,Rival,15.0,"226,78",,7587.0,0,0,0,0,0,0,0,0,0,0,0,0,0,0,0,0,0,0,0,0,0,0,0,0,0,0,0,0,0,0,0,0,0,0,0,0,0,0,0,0,0,0,0,1,0,0,0,0,0,0,0,0,0,0,0,0,0,0,0,0,21.0,213.9242417448279,225.52030617400982,90.4131132591194,78.410821882105
2022/05/31,Lanus Final,FINALLANUS_ACCIONES2,15:56:23,18:39:23,duelo,,02:07:22,02:07:22,0.0,"114,129",disputa suelo,,20.0,,,7642.0,0,0,0,0,0,0,0,0,0,0,0,0,0,0,0,0,0,0,1,0,0,0,0,0,0,0,0,0,0,0,0,0,0,0,0,0,0,0,0,0,0,0,0,0,0,0,0,0,0,0,0,0,0,0,0,0,0,0,0,0,,114.18989306786918,,129.33098559861304,
2022/05/31,Lanus Final,FINALLANUS_ACCIONES2,15:56:23,18:39:23,recuperacion,,02:07:24,02:07:24,0.0,"121,132",robo,,20.0,,,7644.0,0,0,0,0,0,0,0,0,0,0,0,0,0,0,0,0,0,0,0,0,0,0,0,0,0,0,0,0,0,0,0,0,1,0,0,0,0,0,0,0,0,0,0,0,0,0,0,0,0,0,0,0,0,0,0,0,0,0,0,0,,121.00849259288267,,131.84541990467255,
2022/05/31,Lanus Final,FINALLANUS_ACCIONES2,15:56:23,18:39:23,perdida,,02:07:29,02:07:29,0.0,"168,134",interceptado,5,8.0,"171,140",,7649.0,0,0,0,0,0,0,0,0,0,0,0,0,0,0,0,0,0,0,0,0,0,0,0,0,0,0,0,0,0,0,0,0,0,0,0,0,0,0,0,0,0,0,0,0,0,0,1,0,0,0,0,0,0,0,0,0,0,0,0,0,15.0,168.2314350611254,171.30769416115353,134.06765005445195,139.90208683358415
2022/05/31,Lanus Final,FINALLANUS_ACCIONES2,15:56:23,18:39:23,duelo,,02:07:40,02:07:40,0.0,"153,24",disputa suelo,,11.0,,,7660.0,0,0,0,0,0,0,0,0,0,0,0,0,0,0,0,0,0,0,1,0,0,0,0,0,0,0,0,0,0,0,0,0,0,0,0,0,0,1,0,0,0,0,0,0,0,0,0,0,0,0,0,0,0,0,0,0,0,0,0,0,,153.04092564870763,,24.232595014976383,
2022/05/31,Lanus Final,FINALLANUS_ACCIONES2,15:56:23,18:39:23,recuperacion,,02:07:41,02:07:41,0.0,"143,20",duelo,,11.0,,,7661.0,0,0,0,0,0,0,0,0,0,0,0,0,0,0,0,0,0,0,0,0,0,0,0,0,0,0,0,0,0,0,0,0,0,0,0,0,0,0,0,0,0,0,0,0,0,0,0,0,0,0,0,0,0,0,0,0,0,0,0,0,,142.96895068377756,,19.907550286616782,
2022/05/31,Lanus Final,FINALLANUS_ACCIONES2,15:56:23,18:39:23,pelota parada,,02:07:45,02:07:45,0.0,"107,19",lateral corto,11,15.0,"159,11",,7665.0,0,0,0,0,0,0,0,0,0,0,0,0,0,0,0,0,0,0,0,0,0,0,0,0,0,0,0,0,0,0,0,0,0,0,0,0,0,0,0,1,0,0,0,0,0,0,0,0,0,0,0,0,0,0,0,0,0,0,0,0,13.0,106.8976108532291,158.82191209487218,19.269439909934956,10.851556680702075
2022/05/31,Lanus Final,FINALLANUS_ACCIONES2,15:56:23,18:39:23,pelota parada,,02:08:34,02:08:34,0.0,"249,16",tiro libre,8,15.0,"221,98",,7714.0,0,0,0,0,0,0,0,0,0,0,0,0,0,0,0,0,0,0,0,0,0,0,0,0,0,0,0,0,0,0,0,0,0,0,0,0,0,0,0,0,0,0,0,1,0,0,0,0,0,0,0,0,0,0,0,0,0,0,0,0,21.0,248.9036719820589,220.56661605808523,16.478876466473835,98.19104974548873
2022/05/31,Lanus Final,FINALLANUS_ACCIONES2,15:56:23,18:39:23,pelota parada,,02:09:18,02:09:18,0.0,"234,132",lateral largo,Rival,20.0,"254,114",,7758.0,0,0,0,0,0,0,0,0,0,0,0,0,0,0,0,0,0,0,0,0,0,0,0,0,0,0,0,0,0,0,0,0,0,0,0,0,0,0,0,1,0,0,0,0,0,0,0,0,0,0,0,0,0,0,0,0,0,0,0,0,23.0,234.36923999068128,254.08374472021993,131.50554078283247,114.03964039889853
2022/05/31,Lanus Final,FINALLANUS_ACCIONES2,15:56:23,18:39:23,perdida,,02:09:24,02:09:24,0.0,"184,147",balon afuera lateral,,8.0,,,7764.0,0,0,0,0,0,0,0,0,0,0,0,0,0,0,0,0,0,0,0,0,0,0,0,0,0,0,0,0,0,0,0,0,0,0,0,0,0,0,0,0,0,0,0,0,0,0,0,0,1,0,0,0,0,0,0,0,0,0,0,0,,184.12147095829812,,147.38895250681762,
2022/05/31,Lanus Final,FINALLANUS_ACCIONES2,15:56:23,18:39:23,duelo,,02:10:37,02:10:37,0.0,"20,132",disputa suelo,,11.0,,,7837.0,0,0,0,0,0,0,0,0,0,0,0,0,0,0,0,0,0,0,1,0,0,0,0,0,0,0,0,0,0,0,0,0,0,0,0,0,0,0,0,0,0,0,0,0,0,0,0,0,0,0,0,0,0,0,0,0,0,0,0,0,,19.699586493159146,,131.67840636082784,
2022/05/31,Lanus Final,FINALLANUS_ACCIONES2,15:56:23,18:39:23,recuperacion,,02:10:38,02:10:38,0.0,"18,120",intercepcion anticipo,,11.0,,,7838.0,0,0,0,0,0,0,0,0,0,0,0,0,0,0,0,0,0,0,0,0,0,0,0,0,0,0,0,0,0,0,0,0,0,0,0,0,1,0,0,0,0,0,0,0,0,0,0,0,0,0,0,0,0,0,0,0,0,0,0,0,,17.912850141896236,,120.40825037732456,
2022/05/31,Lanus Final,FINALLANUS_ACCIONES2,15:56:23,18:39:23,perdida,,02:10:41,02:10:41,0.0,"78,128",robo,,8.0,,,7841.0,0,0,0,0,0,0,0,0,0,0,0,0,0,0,0,0,0,0,0,0,0,0,0,0,0,0,0,0,0,0,0,0,0,0,0,0,0,0,0,0,0,0,0,0,0,1,0,0,0,0,0,0,0,0,0,0,0,0,0,0,,77.66654594972437,,127.50281110526082,
2022/05/31,Lanus Final,FINALLANUS_ACCIONES2,15:56:23,18:39:23,duelo,,02:10:45,02:10:45,0.0,"47,147",disputa suelo,,20.0,,,7845.0,0,0,0,0,0,0,0,0,0,0,0,0,0,0,0,0,0,0,1,0,0,0,0,0,0,0,0,0,0,0,0,0,0,0,0,0,0,0,0,0,0,0,0,0,0,0,0,0,0,0,0,0,0,0,0,0,0,0,0,0,,46.583853451987736,,147.45350762986345,
2022/05/31,Lanus Final,FINALLANUS_ACCIONES2,15:56:23,18:39:23,recuperacion,,02:10:46,02:10:46,0.0,"77,141",robo,,20.0,,,7846.0,0,0,0,0,0,0,0,0,0,0,0,0,0,0,0,0,0,0,0,0,0,0,0,0,0,0,0,0,0,0,0,0,1,0,0,0,0,0,0,0,0,0,0,0,0,0,0,0,0,0,0,0,0,0,0,0,0,0,0,0,,76.59815671302258,,140.64988324712957,
2022/05/31,Lanus Final,FINALLANUS_ACCIONES2,15:56:23,18:39:23,duelo,,02:10:59,02:10:59,0.0,"200,35",gambeta a favor,,18.0,,,7859.0,0,0,0,0,0,0,0,0,0,0,0,0,0,0,0,0,0,0,0,0,0,0,1,0,0,0,0,0,0,0,0,0,0,0,0,0,0,0,0,0,0,0,0,0,0,0,0,0,0,0,0,0,0,0,0,0,0,0,0,0,,199.8062557361959,,35.11983974917719,
2022/05/31,Lanus Final,FINALLANUS_ACCIONES2,15:56:23,18:39:23,pelota parada,,02:11:50,02:11:50,0.0,"263,135",tiro de esquina,Rival,8.0,"254,75",,7910.0,0,0,0,0,0,0,0,0,0,0,0,0,0,0,0,0,0,0,0,0,0,0,0,0,0,0,0,0,0,0,0,0,0,0,0,0,0,0,0,0,0,1,0,0,0,0,0,0,0,0,0,0,0,0,0,0,0,0,0,0,21.0,263.3848143340783,253.686723269202,135.31437719856126,75.30686560510489
2022/05/31,Lanus Final,FINALLANUS_ACCIONES2,15:56:23,18:39:23,duelo,,02:11:56,02:11:56,0.0,"250,62",aereo,,11.0,,,7916.0,0,0,0,0,0,0,0,0,0,0,0,0,0,0,0,0,1,0,0,0,0,0,0,0,0,0,0,0,0,0,0,0,0,0,0,0,0,0,0,0,0,0,0,0,0,0,0,0,0,0,0,0,0,0,0,0,0,0,0,0,,250.32812919974265,,62.43857873212484,
2022/05/31,Lanus Final,FINALLANUS_ACCIONES2,15:56:23,18:39:23,perdida,,02:11:58,02:11:58,0.0,"255,93",intercepcion aereo,,11.0,,,7918.0,0,0,0,0,0,0,0,0,0,0,0,0,0,0,0,0,0,0,0,0,0,0,0,0,0,0,0,0,0,0,0,0,0,0,0,0,0,0,0,0,0,0,0,0,0,0,1,0,0,0,0,0,0,0,0,0,0,0,0,0,,255.43235488500954,,92.98393143809443,
2022/05/31,Lanus Final,FINALLANUS_ACCIONES2,15:56:23,18:39:23,recuperacion,,02:12:35,02:12:35,0.0,"34,102",duelo,,6.0,,,7955.0,0,0,0,0,0,0,0,0,0,0,0,0,0,0,0,0,0,0,0,0,0,0,0,0,0,0,0,0,0,0,0,0,0,0,0,0,0,0,0,0,0,0,0,0,0,0,0,0,0,0,0,0,0,0,0,0,0,0,0,0,,33.739711929527566,,101.8460940005959,
2022/05/31,Lanus Final,FINALLANUS_ACCIONES2,15:56:23,18:39:23,perdida,,02:12:49,02:12:49,0.0,"194,31",interceptado,11,15.0,"216,20",,7969.0,0,0,0,0,0,0,0,0,0,0,0,0,0,0,0,0,0,0,0,0,0,0,0,0,0,0,0,0,0,0,0,0,0,0,0,0,0,0,0,0,0,0,0,0,0,0,1,0,0,0,0,0,0,0,0,0,0,0,0,0,16.0,194.17661929922852,215.89025477488667,31.402525686548977,19.95167918654796
2022/05/31,Lanus Final,FINALLANUS_ACCIONES2,15:56:23,18:39:23,pelota parada,,02:13:17,02:13:17,0.0,"181,32",lateral largo,22,15.0,"195,29",,7997.0,0,0,0,0,0,0,0,0,0,0,0,0,0,0,0,0,0,0,0,0,0,0,0,0,0,0,0,0,0,0,0,0,0,0,0,0,0,0,0,1,0,0,0,0,0,0,0,0,0,0,0,0,0,0,0,0,0,0,0,0,16.0,181.0515645927032,195.43428413129743,31.86243276040387,29.04042715045678
2022/05/31,Lanus Final,FINALLANUS_ACCIONES2,15:56:23,18:39:23,perdida,,02:13:32,02:13:32,0.0,"245,88",interceptado,11,9.0,"251,78",,8012.0,0,0,0,0,0,0,0,0,0,0,0,0,0,0,0,0,0,0,0,0,0,0,0,0,0,0,0,0,0,0,0,0,0,0,0,0,0,0,0,0,0,0,0,0,0,0,1,0,0,0,0,0,0,0,0,0,0,0,0,0,21.0,244.69102041430253,251.00859626153812,87.78071405106432,77.86650881953986
2022/05/31,Lanus Final,FINALLANUS_ACCIONES2,15:56:23,18:39:23,pelota parada,,02:13:44,02:13:44,0.0,"167,34",lateral corto,5,6.0,"154,3",,8024.0,0,0,0,0,0,0,0,0,0,0,0,0,0,0,0,0,0,0,0,0,0,0,0,0,0,0,0,0,0,0,0,0,0,0,0,0,0,0,0,1,0,0,0,0,0,0,0,0,0,0,0,0,0,0,0,0,0,0,0,0,13.0,167.4814703281492,154.3697726348015,34.376413396880984,2.783517226984447
2022/05/31,Lanus Final,FINALLANUS_ACCIONES2,15:56:23,18:39:23,perdida,,02:13:46,02:13:46,0.0,"177,21",robo,,6.0,,,8026.0,0,0,0,0,0,0,0,0,0,0,0,0,0,0,0,0,0,0,0,0,0,0,0,0,0,0,0,0,0,0,0,0,0,0,0,0,0,0,0,0,0,0,0,0,0,1,0,0,0,0,0,0,0,0,0,0,0,0,0,0,,177.33257807479697,,21.14538267568355,
