Session.Start.Date,partido,tiempo,Session.Start,Session.End,Evento,Tag.Notes,Tag.Start,Tag.End,Tag.Duration.(secs),coord.inicial,Subevento,Jugador.2,Jugador.1,coord.final,Calificaciondelevento,Optional.Column,segundos,remate-Gol,remate-Fuera,remate-Al-arco,remate-Interceptado,remate-Cabeza,pase-Asistencia,pase-Completado,pase-Interceptado,pase-Fuera,pase-Inteligente,centro-Asistencia,centro-Completado,centro-Interceptado,centro-Bloqueado,centro-Fuera,duelo-Aereo-Perdido,duelo-Aereo-Ganado,duelo-Disputa-suelo-Perdida,duelo-Disputa-suelo-Ganada,duelo-Gambeta-contra-Ganada,duelo-Gambeta-contra-Perdida,duelo-Gambeta-favor-Perdida,duelo-Gambeta-favor-Ganada,duelo-Pivote-Perdido,duelo-Pivote-Ganado,falta-Cometida,falta-Recibida,falta-Penal-cometido,falta-Penal-recibido,falta-Offside,falta-Tarjeta-amarilla,falta-Tarjeta-roja,recuperacion-Robo,recuperacion-Encontrada,recuperacion-Intercepcion-suelo,recuperacion-Intercepcion-aereo,recuperacion-Intercepcion-anticipo,recuperacion-Disputa-suelo,parado-Lateral-interceptado,parado-Lateral-completado,parado-Corner-interceptado,parado-Corner-completado,parado-Tiro-libre-incompleto,parado-Tiro-libre-completado,perdida-Gambeta-favor,perdida-Robo,perdida-Intercepcion,perdida-Error-tecnico,perdida-Balon-fuera,perdida-Situacion-rival,perdida-Atajada,arquero-Gol-rival,arquero-Gol-rival-atajable,arquero-Atajada,arquero-Intercepcion-aerea,arquero-Intercepcion,arquero-Anticipo,arquero-Saque-mano,arquero-Saque-pie,arquero-Saque-meta,coord.final.num,coord.inicial.x,coord.final.x,coord.inicial.y,coord.final.y
2022/02/21,Fecha 1 vs Independiente,Primer tiempo,14:00:19,16:03:54,pase,,00:06:12,00:06:18,6.0,"92,30",corto,10,3.0,"152,16",,,372.0,0,0,0,0,0,0,1,0,0,0,0,0,0,0,0,0,0,0,0,0,0,0,0,0,0,0,0,0,0,0,0,0,0,0,0,0,0,0,0,0,0,0,0,0,0,0,0,0,0,0,0,0,0,0,0,0,0,0,0,0,13.0,92.39721319776343,152.11898685639517,29.808505369842464,15.945521971459277
2022/02/21,Fecha 1 vs Independiente,Primer tiempo,14:00:19,16:03:54,perdida,,00:06:24,00:06:30,6.0,"269,3",duelo,,10.0,,,,384.0,0,0,0,0,0,0,0,0,0,0,0,0,0,0,0,0,0,0,0,0,0,0,0,0,0,0,0,0,0,0,0,0,0,0,0,0,0,0,0,0,0,0,0,0,0,0,0,0,0,0,0,0,0,0,0,0,0,0,0,0,,268.589076006751,,3.3357370296661024,
2022/02/21,Fecha 1 vs Independiente,Primer tiempo,14:00:19,16:03:54,pelota parada,,00:06:33,00:06:39,6.0,"199,35",lateral corto,11,3.0,"216,25",,,393.0,0,0,0,0,0,0,0,0,0,0,0,0,0,0,0,0,0,0,0,0,0,0,0,0,0,0,0,0,0,0,0,0,0,0,0,0,0,0,0,1,0,0,0,0,0,0,0,0,0,0,0,0,0,0,0,0,0,0,0,0,16.0,199.149221460185,216.09623337856289,35.313667139966114,24.892157500728302
2022/02/21,Fecha 1 vs Independiente,Primer tiempo,14:00:19,16:03:54,perdida,,00:06:38,00:06:44,6.0,"183,93",duelo,,8.0,,,,398.0,0,0,0,0,0,0,0,0,0,0,0,0,0,0,0,0,0,0,0,0,0,0,0,0,0,0,0,0,0,0,0,0,0,0,0,0,0,0,0,0,0,0,0,0,0,0,0,0,0,0,0,0,0,0,0,0,0,0,0,0,,183.4296794725142,,92.72664283585785,
2022/02/21,Fecha 1 vs Independiente,Primer tiempo,14:00:19,16:03:54,pelota parada,,00:07:25,00:07:31,6.0,"109,145",lateral corto,9,4.0,"90,134",,,445.0,0,0,0,0,0,0,0,0,0,0,0,0,0,0,0,0,0,0,0,0,0,0,0,0,0,0,0,0,0,0,0,0,0,0,0,0,0,0,0,1,0,0,0,0,0,0,0,0,0,0,0,0,0,0,0,0,0,0,0,0,12.0,108.84644395869186,89.69544283160344,145.40269833598612,133.9840496320332
2022/02/21,Fecha 1 vs Independiente,Primer tiempo,14:00:19,16:03:54,pelota parada,,00:08:17,00:08:23,6.0,"243,87",penal,,7.0,,,,497.0,0,0,0,0,0,0,0,0,0,0,0,0,0,0,0,0,0,0,0,0,0,0,0,0,0,0,0,0,0,0,0,0,0,0,0,0,0,0,0,0,0,0,0,0,0,0,0,0,0,0,0,0,0,0,0,0,0,0,0,0,,242.73608967947078,,87.3604769707869,
2022/02/21,Fecha 1 vs Independiente,Primer tiempo,14:00:19,16:03:54,remate pie,,00:08:17,00:08:23,6.0,"230,96",corta distancia,,7.0,,,,497.0,0,0,0,0,0,0,0,0,0,0,0,0,0,0,0,0,0,0,0,0,0,0,0,0,0,0,0,0,0,0,0,0,0,0,0,0,0,0,0,0,0,0,0,0,0,0,0,0,0,0,0,0,0,0,0,0,0,0,0,0,,230.4621609174396,,96.0941790954501,
2022/02/21,Fecha 1 vs Independiente,Primer tiempo,14:00:19,16:03:54,pelota parada,,00:08:39,00:08:45,6.0,"90,156",lateral corto,9,4.0,"122,153",,,519.0,0,0,0,0,0,0,0,0,0,0,0,0,0,0,0,0,0,0,0,0,0,0,0,0,0,0,0,0,0,0,0,0,0,0,0,0,0,0,0,1,0,0,0,0,0,0,0,0,0,0,0,0,0,0,0,0,0,0,0,0,12.0,90.49460450772159,121.9976764978889,155.7457824298658,153.2008668287938
2022/02/21,Fecha 1 vs Independiente,Primer tiempo,14:00:19,16:03:54,perdida,,00:08:41,00:08:47,6.0,"112,125",error tecnico,,9.0,,,,521.0,0,0,0,0,0,0,0,0,0,0,0,0,0,0,0,0,0,0,0,0,0,0,0,0,0,0,0,0,0,0,0,0,0,0,0,0,0,0,0,0,0,0,0,0,0,0,0,1,0,0,0,0,0,0,0,0,0,0,0,0,,111.92433550107329,,124.59446892489352,
2022/02/21,Fecha 1 vs Independiente,Primer tiempo,14:00:19,16:03:54,recuperacion,,00:08:49,00:08:55,6.0,"9,154",duelo,,4.0,,,,529.0,0,0,0,0,0,0,0,0,0,0,0,0,0,0,0,0,0,0,0,0,0,0,0,0,0,0,0,0,0,0,0,0,0,0,0,0,0,0,0,0,0,0,0,0,0,0,0,0,0,0,0,0,0,0,0,0,0,0,0,0,,9.37857354253454,,153.81037202735433,
2022/02/21,Fecha 1 vs Independiente,Primer tiempo,14:00:19,16:03:54,pelota parada,,00:09:03,00:09:09,6.0,"11,157",lateral largo,9,4.0,"105,145",,,543.0,0,0,0,0,0,0,0,0,0,0,0,0,0,0,0,0,0,0,0,0,0,0,0,0,0,0,0,0,0,0,0,0,0,0,0,0,0,0,0,1,0,0,0,0,0,0,0,0,0,0,0,0,0,0,0,0,0,0,0,0,12.0,10.624164778343319,104.70715398696449,156.61647320380075,145.05322437983207
2022/02/21,Fecha 1 vs Independiente,Primer tiempo,14:00:19,16:03:54,pase,,00:09:05,00:09:11,6.0,"95,153",corto,8,9.0,"117,123",,,545.0,0,0,0,0,0,0,1,0,0,0,0,0,0,0,0,0,0,0,0,0,0,0,0,0,0,0,0,0,0,0,0,0,0,0,0,0,0,0,0,0,0,0,0,0,0,0,0,0,0,0,0,0,0,0,0,0,0,0,0,0,12.0,95.38818751583395,117.01339325742168,152.95806677674193,123.35783295915554
2022/02/21,Fecha 1 vs Independiente,Primer tiempo,14:00:19,16:03:54,pase,,00:09:11,00:09:17,6.0,"90,121",inteligente,11,9.0,"184,148",,,551.0,0,0,0,0,0,0,1,0,0,1,0,0,0,0,0,0,0,0,0,0,0,0,0,0,0,0,0,0,0,0,0,0,0,0,0,0,0,0,0,0,0,0,0,0,0,0,0,0,0,0,0,0,0,0,0,0,0,0,0,0,18.0,90.21045322280712,183.83983363618302,120.57553556375672,147.510029395076
2022/02/21,Fecha 1 vs Independiente,Primer tiempo,14:00:19,16:03:54,pase,,00:09:15,00:09:21,6.0,"265,151",medio,7,11.0,"252,69",,,555.0,0,0,0,0,0,0,1,0,0,0,0,0,0,0,0,0,0,0,0,0,0,0,0,0,0,0,0,0,0,0,0,0,0,0,0,0,0,0,0,0,0,0,0,0,0,0,0,0,0,0,0,0,0,0,0,0,0,0,0,0,22.0,264.70637096334286,252.39258128235912,150.62737306494873,69.23861125458656
2022/02/21,Fecha 1 vs Independiente,Primer tiempo,14:00:19,16:03:54,remate pie,,00:09:17,00:09:23,6.0,"264,100",corta distancia,,7.0,,,,557.0,0,0,0,0,0,0,0,0,0,0,0,0,0,0,0,0,0,0,0,0,0,0,0,0,0,0,0,0,0,0,0,0,0,0,0,0,0,0,0,0,0,0,0,0,0,0,0,0,0,0,0,0,0,0,0,0,0,0,0,0,,263.85145846319125,,99.64919897636656,
2022/02/21,Fecha 1 vs Independiente,Primer tiempo,14:00:19,16:03:54,falta,,00:09:17,00:09:23,6.0,"272,71",hecha,,7.0,,,,557.0,0,0,0,0,0,0,0,0,0,0,0,0,0,0,0,0,0,0,0,0,0,0,0,0,0,1,0,0,0,0,0,0,0,0,0,0,0,0,0,0,0,0,0,0,0,0,0,0,0,0,0,0,0,0,0,0,0,0,0,0,,272.0,,70.91869998468069,
2022/02/21,Fecha 1 vs Independiente,Primer tiempo,14:00:19,16:03:54,recuperacion,,00:11:29,00:11:35,6.0,"55,38",intercepcion,,6.0,,,,689.0,0,0,0,0,0,0,0,0,0,0,0,0,0,0,0,0,0,0,0,0,0,0,0,0,0,0,0,0,0,0,0,0,0,0,1,0,0,0,0,0,0,0,0,0,0,0,0,0,0,0,0,0,0,0,0,0,0,0,0,0,,54.698295850396434,,38.393307012586,
2022/02/21,Fecha 1 vs Independiente,Primer tiempo,14:00:19,16:03:54,recuperacion,,00:11:36,00:11:42,6.0,"25,162",intercepcion,,5.0,,,,696.0,0,0,0,0,0,0,0,0,0,0,0,0,0,0,0,0,0,0,0,0,0,0,0,0,0,0,0,0,0,0,0,0,0,0,1,0,0,0,0,0,0,0,0,0,0,0,0,0,0,0,0,0,0,0,0,0,0,0,0,0,,25.37974826362497,,162.0,
2022/02/21,Fecha 1 vs Independiente,Primer tiempo,14:00:19,16:03:54,duelo,,00:12:04,00:12:10,6.0,"28,132",aereo,,8.0,,,,724.0,0,0,0,0,0,0,0,0,0,0,0,0,0,0,0,0,1,0,0,0,0,0,0,0,0,0,0,0,0,0,0,0,0,0,0,0,0,0,0,0,0,0,0,0,0,0,0,0,0,0,0,0,0,0,0,0,0,0,0,0,,27.969426898852788,,132.3200030754154,
2022/02/21,Fecha 1 vs Independiente,Primer tiempo,14:00:19,16:03:54,perdida,,00:12:07,00:12:13,6.0,"39,116",error tactico,,8.0,,,,727.0,0,0,0,0,0,0,0,0,0,0,0,0,0,0,0,0,0,0,0,0,0,0,0,0,0,0,0,0,0,0,0,0,0,0,0,0,0,0,0,0,0,0,0,0,0,0,0,0,0,0,0,0,0,0,0,0,0,0,0,0,,39.155985892289436,,116.17132440571888,
2022/02/21,Fecha 1 vs Independiente,Primer tiempo,14:00:19,16:03:54,perdida,,00:12:33,00:12:39,6.0,"50,19",interceptado,,3.0,,,,753.0,0,0,0,0,0,0,0,0,0,0,0,0,0,0,0,0,0,0,0,0,0,0,0,0,0,0,0,0,0,0,0,0,0,0,0,0,0,0,0,0,0,0,0,0,0,0,1,0,0,0,0,0,0,0,0,0,0,0,0,0,,49.77654196579688,,18.542704958595166,
2022/02/21,Fecha 1 vs Independiente,Primer tiempo,14:00:19,16:03:54,pelota parada,,00:12:49,00:12:55,6.0,"64,39",lateral largo,11,3.0,"103,38",,,769.0,0,0,0,0,0,0,0,0,0,0,0,0,0,0,0,0,0,0,0,0,0,0,0,0,0,0,0,0,0,0,0,0,0,0,0,0,0,0,0,1,0,0,0,0,0,0,0,0,0,0,0,0,0,0,0,0,0,0,0,0,10.0,63.514833596074,103.1301706058936,39.37722563612654,38.3428106446362
2022/02/21,Fecha 1 vs Independiente,Primer tiempo,14:00:19,16:03:54,recuperacion,,00:13:00,00:13:06,6.0,"53,9",duelo,,3.0,,,,780.0,0,0,0,0,0,0,0,0,0,0,0,0,0,0,0,0,0,0,0,0,0,0,0,0,0,0,0,0,0,0,0,0,0,0,0,0,0,0,0,0,0,0,0,0,0,0,0,0,0,0,0,0,0,0,0,0,0,0,0,0,,52.75085401135993,,8.62680554090759,
2022/02/21,Fecha 1 vs Independiente,Primer tiempo,14:00:19,16:03:54,pelota parada,,00:13:12,00:13:18,6.0,"113,9",lateral corto,9,3.0,"180,34",,,792.0,0,0,0,0,0,0,0,0,0,0,0,0,0,0,0,0,0,0,0,0,0,0,0,0,0,0,0,0,0,0,0,0,0,0,0,0,0,0,0,1,0,0,0,0,0,0,0,0,0,0,0,0,0,0,0,0,0,0,0,0,13.0,113.25084296171235,180.16936579730205,8.800186159428353,33.88189991694524
2022/02/21,Fecha 1 vs Independiente,Primer tiempo,14:00:19,16:03:54,falta,,00:13:15,00:13:21,6.0,"118,26",recibida,,9.0,,,,795.0,0,0,0,0,0,0,0,0,0,0,0,0,0,0,0,0,0,0,0,0,0,0,0,0,0,0,1,0,0,0,0,0,0,0,0,0,0,0,0,0,0,0,0,0,0,0,0,0,0,0,0,0,0,0,0,0,0,0,0,0,,118.01840261746001,,26.082329115214883,
2022/02/21,Fecha 1 vs Independiente,Primer tiempo,14:00:19,16:03:54,pelota parada,,00:13:29,00:13:35,6.0,"98,11",tiro libre,6,3.0,"72,33",,,809.0,0,0,0,0,0,0,0,0,0,0,0,0,0,0,0,0,0,0,0,0,0,0,0,0,0,0,0,0,0,0,0,0,0,0,0,0,0,0,0,0,0,0,0,1,0,0,0,0,0,0,0,0,0,0,0,0,0,0,0,0,7.0,97.69176313225304,72.4356530810064,10.762719400637122,33.21535791925909
2022/02/21,Fecha 1 vs Independiente,Primer tiempo,14:00:19,16:03:54,pase,,00:13:30,00:13:36,6.0,"59,33",corto,5,6.0,"108,96",,,810.0,0,0,0,0,0,0,1,0,0,0,0,0,0,0,0,0,0,0,0,0,0,0,0,0,0,0,0,0,0,0,0,0,0,0,0,0,0,0,0,0,0,0,0,0,0,0,0,0,0,0,0,0,0,0,0,0,0,0,0,0,11.0,59.48923692174384,107.82170043941608,33.220706764348094,96.27014095747774
2022/02/21,Fecha 1 vs Independiente,Primer tiempo,14:00:19,16:03:54,pase,,00:13:34,00:13:40,6.0,"111,96",largo,2,5.0,"23,113",,,814.0,0,0,0,0,0,0,1,0,1,0,0,0,0,0,0,0,0,0,0,0,0,0,0,0,0,0,0,0,0,0,0,0,0,0,0,0,0,0,0,0,0,0,0,0,0,0,0,0,1,0,0,0,0,0,0,0,0,0,0,0,5.0,111.08229869757226,22.67019401607582,95.61935465994927,113.12607094520229
2022/02/21,Fecha 1 vs Independiente,Primer tiempo,14:00:19,16:03:54,perdida,,00:13:47,00:13:53,6.0,"18,135",balon afuera lateral,,2.0,,,,827.0,0,0,0,0,0,0,0,0,0,0,0,0,0,0,0,0,0,0,0,0,0,0,0,0,0,0,0,0,0,0,0,0,0,0,0,0,0,0,0,0,0,0,0,0,0,0,0,0,0,0,0,0,0,0,0,0,0,0,0,0,,17.834897867931534,,135.42388256412974,
2022/02/21,Fecha 1 vs Independiente,Primer tiempo,14:00:19,16:03:54,despeje,,00:13:47,00:13:53,6.0,"17,122",despeje,,2.0,,,,827.0,0,0,0,0,0,0,0,0,0,0,0,0,0,0,0,0,0,0,0,0,0,0,0,0,0,0,0,0,0,0,0,0,0,0,0,0,0,0,0,0,0,0,0,0,0,0,0,0,0,0,0,0,0,0,0,0,0,0,0,0,,16.77978479506038,,122.1918499398815,
2022/02/21,Fecha 1 vs Independiente,Primer tiempo,14:00:19,16:03:54,duelo,,00:14:11,00:14:17,6.0,"19,140",gambeta en contra,,4.0,,,,851.0,0,0,0,0,0,0,0,0,0,0,0,0,0,0,0,0,0,0,0,0,1,0,0,0,0,0,0,0,0,0,0,0,0,0,0,0,0,0,0,0,0,0,0,0,0,0,0,0,0,0,0,0,0,0,0,0,0,0,0,0,,18.794074939734493,,139.8486788013758,
2022/02/21,Fecha 1 vs Independiente,Primer tiempo,14:00:19,16:03:54,duelo,,00:14:15,00:14:21,6.0,"20,67",aereo,,3.0,,,,855.0,0,0,0,0,0,0,0,0,0,0,0,0,0,0,0,0,1,0,0,0,0,0,0,0,0,0,0,0,0,0,0,0,0,0,0,0,0,0,0,0,0,0,0,0,0,0,0,0,0,0,0,0,0,0,0,0,0,0,0,0,,19.93668277268204,,67.23889068279169,
2022/02/21,Fecha 1 vs Independiente,Primer tiempo,14:00:19,16:03:54,gol rival,,00:14:17,00:14:23,6.0,"34,82",directa,,3.0,,,,857.0,0,0,0,0,0,0,0,0,0,0,0,0,0,0,0,0,0,0,0,0,0,0,0,0,0,0,0,0,0,0,0,0,0,0,0,0,0,0,0,0,0,0,0,0,0,0,0,0,0,0,0,1,0,0,0,0,0,0,0,0,,34.28770165141614,,82.13963244666208,
2022/02/21,Fecha 1 vs Independiente,Primer tiempo,14:00:19,16:03:54,duelo,,00:16:12,00:16:18,6.0,"35,134",disputa suelo,,2.0,,,,972.0,0,0,0,0,0,0,0,0,0,0,0,0,0,0,0,0,0,0,1,0,0,0,0,0,0,0,0,0,0,0,0,0,0,0,0,0,0,0,0,0,0,0,0,0,0,0,0,0,0,0,0,0,0,0,0,0,0,0,0,0,,34.94498293787884,,133.82766696322554,
2022/02/21,Fecha 1 vs Independiente,Primer tiempo,14:00:19,16:03:54,perdida,,00:16:12,00:16:18,6.0,"12,117",error tecnico,,2.0,,,,972.0,0,0,0,0,0,0,0,0,0,0,0,0,0,0,0,0,0,0,0,0,0,0,0,0,0,0,0,0,0,0,0,0,0,0,0,0,0,0,0,0,0,0,0,0,0,0,0,1,0,0,0,0,0,0,0,0,0,0,0,0,,11.739984850159296,,117.17618614061399,
2022/02/21,Fecha 1 vs Independiente,Primer tiempo,14:00:19,16:03:54,despeje,,00:16:17,00:16:23,6.0,"3,100",despeje,,2.0,,,,977.0,0,0,0,0,0,0,0,0,0,0,0,0,0,0,0,0,0,0,0,0,0,0,0,0,0,0,0,0,0,0,0,0,0,0,0,0,0,0,0,0,0,0,0,0,0,0,0,0,0,0,0,0,0,0,0,0,0,0,0,0,,3.0465716698647256,,99.73937698035157,
2022/02/21,Fecha 1 vs Independiente,Primer tiempo,14:00:19,16:03:54,pelota parada,,00:16:38,00:16:44,6.0,"13,160",lateral largo,8,4.0,"121,134",,,998.0,0,0,0,0,0,0,0,0,0,0,0,0,0,0,0,0,0,0,0,0,0,0,0,0,0,0,0,0,0,0,0,0,0,0,0,0,0,0,0,1,0,0,0,0,0,0,0,0,0,0,0,0,0,0,0,0,0,0,0,0,12.0,13.441006837000288,121.43250891911549,159.5063325907836,133.94829953980107
2022/02/21,Fecha 1 vs Independiente,Primer tiempo,14:00:19,16:03:54,pase,,00:16:50,00:16:56,6.0,"174,90",inteligente,8,3.0,"270,40",,,1010.0,0,0,0,0,0,0,1,0,0,1,0,0,0,0,0,0,0,0,0,0,0,0,0,0,0,0,0,0,0,0,0,0,0,0,0,0,0,0,0,0,0,0,0,0,0,0,0,0,0,0,0,0,0,0,0,0,0,0,0,0,19.0,174.3602479891736,270.4649280661623,90.11233809576714,39.902301527547024
2022/02/21,Fecha 1 vs Independiente,Primer tiempo,14:00:19,16:03:54,remate pie,,00:16:57,00:17:03,6.0,"259,111",corta distancia,Rival,4.0,"246,92",,,1017.0,0,0,0,0,0,0,0,0,0,0,0,0,0,0,0,0,0,0,0,0,0,0,0,0,0,0,0,0,0,0,0,0,0,0,0,0,0,0,0,0,0,0,0,0,0,0,0,0,0,0,0,0,0,0,0,0,0,0,0,0,22.0,259.48188611819813,245.93019432050082,110.78481463068053,91.99838267150324
2022/02/21,Fecha 1 vs Independiente,Primer tiempo,14:00:19,16:03:54,pelota parada,,00:17:16,00:17:22,6.0,"244,10",lateral corto,7,3.0,"242,30",,,1036.0,0,0,0,0,0,0,0,0,0,0,0,0,0,0,0,0,0,0,0,0,0,0,0,0,0,0,0,0,0,0,0,0,0,0,0,0,0,0,0,1,0,0,0,0,0,0,0,0,0,0,0,0,0,0,0,0,0,0,0,0,19.0,243.52526567078772,241.7623311628067,9.784471829807826,30.470213583003286
2022/02/21,Fecha 1 vs Independiente,Primer tiempo,14:00:19,16:03:54,pase,,00:17:17,00:17:23,6.0,"253,25",corto,10,7.0,"265,14",,,1037.0,0,0,0,0,0,0,1,0,0,0,0,0,0,0,0,0,0,0,0,0,0,0,0,0,0,0,0,0,0,0,0,0,0,0,0,0,0,0,0,0,0,0,0,0,0,0,0,0,0,0,0,0,0,0,0,0,0,0,0,0,19.0,252.72957088363077,265.10972273724155,24.691021032051303,13.725736603180021
2022/02/21,Fecha 1 vs Independiente,Primer tiempo,14:00:19,16:03:54,perdida,,00:17:24,00:17:30,6.0,"199,29",duelo,,10.0,,,,1044.0,0,0,0,0,0,0,0,0,0,0,0,0,0,0,0,0,0,0,0,0,0,0,0,0,0,0,0,0,0,0,0,0,0,0,0,0,0,0,0,0,0,0,0,0,0,0,0,0,0,0,0,0,0,0,0,0,0,0,0,0,,199.0551431928338,,29.221980586342543,
2022/02/21,Fecha 1 vs Independiente,Primer tiempo,14:00:19,16:03:54,recuperacion,,00:17:27,00:17:33,6.0,"150,92",encontrada,,6.0,,,,1047.0,0,0,0,0,0,0,0,0,0,0,0,0,0,0,0,0,0,0,0,0,0,0,0,0,0,0,0,0,0,0,0,0,0,1,0,0,0,0,0,0,0,0,0,0,0,0,0,0,0,0,0,0,0,0,0,0,0,0,0,0,,150.0838965861967,,92.04700144038873,
2022/02/21,Fecha 1 vs Independiente,Primer tiempo,14:00:19,16:03:54,pase,,00:17:32,00:17:38,6.0,"156,69",corto,11,5.0,"212,69",,,1052.0,0,0,0,0,0,0,1,0,0,0,0,0,0,0,0,0,0,0,0,0,0,0,0,0,0,0,0,0,0,0,0,0,0,0,0,0,0,0,0,0,0,0,0,0,0,0,0,0,0,0,0,0,0,0,0,0,0,0,0,0,17.0,155.9708837055757,212.46535956063403,69.03531204027722,69.24073658015467
2022/02/21,Fecha 1 vs Independiente,Primer tiempo,14:00:19,16:03:54,pase,,00:17:46,00:17:52,6.0,"153,129",largo,1,4.0,"25,75",,,1066.0,0,0,0,0,0,0,1,0,0,0,0,0,0,0,0,0,0,0,0,0,0,0,0,0,0,0,0,0,0,0,0,0,0,0,0,0,0,0,0,0,0,0,0,0,0,0,0,0,0,0,0,0,0,0,0,0,0,0,0,0,4.0,152.86782984594157,24.977860127413017,128.64418740767067,74.5623900969824
2022/02/21,Fecha 1 vs Independiente,Primer tiempo,14:00:19,16:03:54,despeje,,00:17:49,00:17:55,6.0,"37,79",despeje,11,1.0,"177,147",,,1069.0,0,0,0,0,0,0,0,0,0,0,0,0,0,0,0,0,0,0,0,0,0,0,0,0,0,0,0,0,0,0,0,0,0,0,0,0,0,0,0,0,0,0,0,0,0,0,0,0,0,0,0,0,0,0,0,0,0,0,0,0,15.0,36.98262939962811,177.01719070025928,78.85195923131997,147.10883836259544
2022/02/21,Fecha 1 vs Independiente,Primer tiempo,14:00:19,16:03:54,perdida,,00:17:49,00:17:55,6.0,"146,153",interceptado,,11.0,,,,1069.0,0,0,0,0,0,0,0,0,0,0,0,0,0,0,0,0,0,0,0,0,0,0,0,0,0,0,0,0,0,0,0,0,0,0,0,0,0,0,0,0,0,0,0,0,0,0,1,0,0,0,0,0,0,0,0,0,0,0,0,0,,146.02881640908973,,152.60287100947392,
2022/02/21,Fecha 1 vs Independiente,Primer tiempo,14:00:19,16:03:54,pelota parada,,00:18:07,00:18:13,6.0,"112,145",lateral corto,5,4.0,"113,119",,,1087.0,0,0,0,0,0,0,0,0,0,0,0,0,0,0,0,0,0,0,0,0,0,0,0,0,0,0,0,0,0,0,0,0,0,0,0,0,0,0,0,1,0,0,0,0,0,0,0,0,0,0,0,0,0,0,0,0,0,0,0,0,12.0,112.1171709980135,112.72518447944714,144.539203262387,119.45353180977972
2022/02/21,Fecha 1 vs Independiente,Primer tiempo,14:00:19,16:03:54,pase,,00:18:09,00:18:15,6.0,"113,130",bloqueado,Rival,5.0,"122,129",,,1089.0,0,0,0,0,0,0,0,0,0,0,0,0,0,0,0,0,0,0,0,0,0,0,0,0,0,0,0,0,0,0,0,0,0,0,0,0,0,0,0,0,0,0,0,0,0,0,0,0,0,0,0,0,0,0,0,0,0,0,0,0,12.0,113.3539797424407,121.50064599229422,130.37476681108828,128.6077653570592
2022/02/21,Fecha 1 vs Independiente,Primer tiempo,14:00:19,16:03:54,pelota parada,,00:19:27,00:19:33,6.0,"2,129",tiro libre,1,2.0,"24,123",,,1167.0,0,0,0,0,0,0,0,0,0,0,0,0,0,0,0,0,0,0,0,0,0,0,0,0,0,0,0,0,0,0,0,0,0,0,0,0,0,0,0,0,0,0,0,1,0,0,0,0,0,0,0,0,0,0,0,0,0,0,0,0,5.0,2.0903737780766676,24.071573491365736,129.47416043818464,123.0017099971705
2022/02/21,Fecha 1 vs Independiente,Primer tiempo,14:00:19,16:03:54,pase,,00:19:31,00:19:37,6.0,"0,81",corto,6,1.0,"13,30",,,1171.0,0,0,0,0,0,0,1,0,0,0,0,0,0,0,0,0,0,0,0,0,0,0,0,0,0,0,0,0,0,0,0,0,0,0,0,0,0,0,0,0,0,0,0,0,0,0,0,0,0,0,0,0,0,0,0,0,0,0,0,0,2.0,0.0,12.745818741479908,81.31316884735753,29.88931477880329
2022/02/21,Fecha 1 vs Independiente,Primer tiempo,14:00:19,16:03:54,pase,,00:19:40,00:19:46,6.0,"53,83",medio,2,7.0,"51,147",,,1180.0,0,0,0,0,0,0,1,0,0,0,0,0,0,0,0,0,0,0,0,0,0,0,0,0,0,0,0,0,0,0,0,0,0,0,0,0,0,0,0,0,0,0,0,0,0,0,0,0,0,0,0,0,0,0,0,0,0,0,0,0,9.0,53.00225196472883,50.82608808775784,83.2718399266114,146.96266156924656
2022/02/21,Fecha 1 vs Independiente,Primer tiempo,14:00:19,16:03:54,pase,,00:19:51,00:19:57,6.0,"184,156",centro aereo,2,4.0,"256,65",,,1191.0,0,0,0,0,0,0,0,0,0,0,0,1,0,0,0,0,0,0,0,0,0,0,0,0,0,0,0,0,0,0,0,0,0,0,0,0,0,0,0,0,0,0,0,0,0,0,0,0,0,0,0,0,0,0,0,0,0,0,0,0,21.0,184.26033888901148,255.98855446395325,156.096733878759,64.68773163884887
2022/02/21,Fecha 1 vs Independiente,Primer tiempo,14:00:19,16:03:54,falta,,00:19:56,00:20:02,6.0,"254,63",hecha,,2.0,,,,1196.0,0,0,0,0,0,0,0,0,0,0,0,0,0,0,0,0,0,0,0,0,0,0,0,0,0,1,0,0,0,0,0,0,0,0,0,0,0,0,0,0,0,0,0,0,0,0,0,0,0,0,0,0,0,0,0,0,0,0,0,0,,253.63007407161058,,63.231958470950126,
2022/02/21,Fecha 1 vs Independiente,Primer tiempo,14:00:19,16:03:54,recuperacion,,00:20:32,00:20:38,6.0,"127,78",duelo,,2.0,,,,1232.0,0,0,0,0,0,0,0,0,0,0,0,0,0,0,0,0,0,0,0,0,0,0,0,0,0,0,0,0,0,0,0,0,0,0,0,0,0,0,0,0,0,0,0,0,0,0,0,0,0,0,0,0,0,0,0,0,0,0,0,0,,126.80756144862997,,78.0359192932039,
2022/02/21,Fecha 1 vs Independiente,Primer tiempo,14:00:19,16:03:54,pase,,00:20:33,00:20:39,6.0,"80,73",corto,1,5.0,"19,96",,,1233.0,0,0,0,0,0,0,1,0,0,0,0,0,0,0,0,0,0,0,0,0,0,0,0,0,0,0,0,0,0,0,0,0,0,0,0,0,0,0,0,0,0,0,0,0,0,0,0,0,0,0,0,0,0,0,0,0,0,0,0,0,4.0,80.09425420773206,18.52611084019273,73.16546369836723,96.25933086062803
2022/02/21,Fecha 1 vs Independiente,Primer tiempo,14:00:19,16:03:54,despeje,,00:20:37,00:20:43,6.0,"28,82",despeje,7,1.0,"59,64",,,1237.0,0,0,0,0,0,0,0,0,0,0,0,0,0,0,0,0,0,0,0,0,0,0,0,0,0,0,0,0,0,0,0,0,0,0,0,0,0,0,0,0,0,0,0,0,0,0,0,0,0,0,0,0,0,0,0,0,0,0,0,0,8.0,27.972831278313684,58.88112153378999,82.40138980213028,64.02174669968694
2022/02/21,Fecha 1 vs Independiente,Primer tiempo,14:00:19,16:03:54,perdida,,00:20:37,00:20:43,6.0,"126,82",interceptado,,10.0,,,,1237.0,0,0,0,0,0,0,0,0,0,0,0,0,0,0,0,0,0,0,0,0,0,0,0,0,0,0,0,0,0,0,0,0,0,0,0,0,0,0,0,0,0,0,0,0,0,0,1,0,0,0,0,0,0,0,0,0,0,0,0,0,,126.26528874134227,,81.8601639518099,
2022/02/21,Fecha 1 vs Independiente,Primer tiempo,14:00:19,16:03:54,duelo,,00:20:48,00:20:54,6.0,"37,83",aereo,,3.0,,,,1248.0,0,0,0,0,0,0,0,0,0,0,0,0,0,0,0,0,1,0,0,0,0,0,0,0,0,0,0,0,0,0,0,0,0,0,0,0,0,0,0,0,0,0,0,0,0,0,0,0,0,0,0,0,0,0,0,0,0,0,0,0,,36.54954185504939,,82.8143266594494,
2022/02/21,Fecha 1 vs Independiente,Primer tiempo,14:00:19,16:03:54,recuperacion,,00:20:48,00:20:54,6.0,"30,33",duelo,,3.0,,,,1248.0,0,0,0,0,0,0,0,0,0,0,0,0,0,0,0,0,0,0,0,0,0,0,0,0,0,0,0,0,0,0,0,0,0,0,0,0,0,0,0,0,0,0,0,0,0,0,0,0,0,0,0,0,0,0,0,0,0,0,0,0,,29.682457788949876,,33.09543387467268,
2022/02/21,Fecha 1 vs Independiente,Primer tiempo,14:00:19,16:03:54,pase,,00:20:50,00:20:56,6.0,"7,44",corto,1,3.0,"21,76",,,1250.0,0,0,0,0,0,0,1,0,0,0,0,0,0,0,0,0,0,0,0,0,0,0,0,0,0,0,0,0,0,0,0,0,0,0,0,0,0,0,0,0,0,0,0,0,0,0,0,0,0,0,0,0,0,0,0,0,0,0,0,0,3.0,7.2852645692312805,20.804637532947662,43.66275443453283,76.21070059490252
2022/02/21,Fecha 1 vs Independiente,Primer tiempo,14:00:19,16:03:54,despeje,,00:20:54,00:21:00,6.0,"30,92",despeje,7,1.0,"65,26",,,1254.0,0,0,0,0,0,0,0,0,0,0,0,0,0,0,0,0,0,0,0,0,0,0,0,0,0,0,0,0,0,0,0,0,0,0,0,0,0,0,0,0,0,0,0,0,0,0,0,0,1,0,0,0,0,0,0,0,0,0,0,0,7.0,30.29768340462848,64.98315321541406,91.897013374265,25.980605221404417
2022/02/21,Fecha 1 vs Independiente,Primer tiempo,14:00:19,16:03:54,perdida,,00:20:54,00:21:00,6.0,"1,84",balon afuera lateral,7,1.0,"51,14",,,1254.0,0,0,0,0,0,0,0,0,0,0,0,0,0,0,0,0,0,0,0,0,0,0,0,0,0,0,0,0,0,0,0,0,0,0,0,0,0,0,0,0,0,0,0,0,0,0,0,0,0,0,0,0,0,0,0,0,0,0,0,0,7.0,0.797081313963794,51.40135410766298,83.7087409130102,14.350932710427639
2022/02/21,Fecha 1 vs Independiente,Primer tiempo,14:00:19,16:03:54,situacion rival,,00:21:14,00:21:20,6.0,"50,85",indirecta,Rival,,"10,74",,,1274.0,0,0,0,0,0,0,0,0,0,0,0,0,0,0,0,0,0,0,0,0,0,0,0,0,0,0,0,0,0,0,0,0,0,0,0,0,0,0,0,0,0,0,0,0,0,0,0,0,0,0,0,0,0,0,0,0,0,0,0,0,3.0,50.40343330488068,9.899560808992561,85.41400566576263,73.7639066384656
2022/02/21,Fecha 1 vs Independiente,Primer tiempo,14:00:19,16:03:54,pase,,00:21:22,00:21:28,6.0,"14,70",s arquero mano,2,1.0,"45,81",,,1282.0,0,0,0,0,0,0,0,0,0,0,0,0,0,0,0,0,0,0,0,0,0,0,0,0,0,0,0,0,0,0,0,0,0,0,0,0,0,0,0,0,0,0,0,0,0,0,0,0,0,0,0,0,0,0,0,0,0,0,0,0,4.0,13.87017019523508,45.31071221036336,70.49258420082694,80.64690795228526
2022/02/21,Fecha 1 vs Independiente,Primer tiempo,14:00:19,16:03:54,perdida,,00:21:39,00:21:45,6.0,"181,40",robo,,5.0,,,,1299.0,0,0,0,0,0,0,0,0,0,0,0,0,0,0,0,0,0,0,0,0,0,0,0,0,0,0,0,0,0,0,0,0,0,0,0,0,0,0,0,0,0,0,0,0,0,1,0,0,0,0,0,0,0,0,0,0,0,0,0,0,,181.09186201569813,,40.33915043539366,
2022/02/21,Fecha 1 vs Independiente,Primer tiempo,14:00:19,16:03:54,recuperacion,,00:21:44,00:21:50,6.0,"111,21",intercepcion,,6.0,,,,1304.0,0,0,0,0,0,0,0,0,0,0,0,0,0,0,0,0,0,0,0,0,0,0,0,0,0,0,0,0,0,0,0,0,0,0,1,0,0,0,0,0,0,0,0,0,0,0,0,0,0,0,0,0,0,0,0,0,0,0,0,0,,111.01880283214766,,20.62911212896408,
2022/02/21,Fecha 1 vs Independiente,Primer tiempo,14:00:19,16:03:54,pase,,00:21:46,00:21:52,6.0,"120,82",medio,1,6.0,"53,94",,,1306.0,0,0,0,0,0,0,1,0,0,0,0,0,0,0,0,0,0,0,0,0,0,0,0,0,0,0,0,0,0,0,0,0,0,0,0,0,0,0,0,0,0,0,0,0,0,0,0,0,0,0,0,0,0,0,0,0,0,0,0,0,4.0,119.63496725167383,52.71965979951785,82.00275810741977,93.72848274708399
2022/02/21,Fecha 1 vs Independiente,Primer tiempo,14:00:19,16:03:54,pase,,00:21:50,00:21:56,6.0,"47,88",largo,4,1.0,"86,136",,,1310.0,0,0,0,0,0,0,1,0,0,0,0,0,0,0,0,0,0,0,0,0,0,0,0,0,0,0,0,0,0,0,0,0,0,0,0,0,0,0,0,0,0,0,0,0,0,0,0,0,0,0,0,0,0,0,0,0,0,0,0,0,12.0,47.01553742529137,85.80355475849977,87.62019313195108,136.19624124017938
2022/02/21,Fecha 1 vs Independiente,Primer tiempo,14:00:19,16:03:54,pelota parada,,00:22:54,00:23:00,6.0,"5,75",saque de meta,2,1.0,"14,124",,,1374.0,0,0,0,0,0,0,0,0,0,0,0,0,0,0,0,0,0,0,0,0,0,0,0,0,0,0,0,0,0,0,0,0,0,0,0,0,0,0,0,0,0,0,0,0,0,0,0,0,0,0,0,0,0,0,0,0,0,0,0,0,5.0,4.521078367408073,13.577768583537328,74.94915262275296,124.22266212147096
2022/02/21,Fecha 1 vs Independiente,Primer tiempo,14:00:19,16:03:54,pase,,00:22:57,00:23:03,6.0,"6,109",medio,4,2.0,"70,127",,,1377.0,0,0,0,0,0,0,1,0,0,0,0,0,0,0,0,0,0,0,0,0,0,0,0,0,0,0,0,0,0,0,0,0,0,0,0,0,0,0,0,0,0,0,0,0,0,0,0,0,0,0,0,0,0,0,0,0,0,0,0,0,9.0,6.10797650628799,69.67762402543258,109.36136768254244,126.93582132167413
2022/02/21,Fecha 1 vs Independiente,Primer tiempo,14:00:19,16:03:54,pase,,00:23:01,00:23:07,6.0,"64,133",largo,11,4.0,"157,161",,,1381.0,0,0,0,0,0,0,1,0,0,0,0,0,0,0,0,0,0,0,0,0,0,0,0,0,0,0,0,0,0,0,0,0,0,0,0,0,0,0,0,0,0,0,0,0,0,0,0,0,0,0,0,0,0,0,0,0,0,0,0,0,15.0,64.15647473895201,157.03771384213627,133.04473790211682,160.86411517554396
2022/02/21,Fecha 1 vs Independiente,Primer tiempo,14:00:19,16:03:54,perdida,,00:23:03,00:23:09,6.0,"146,137",duelo,,11.0,,,,1383.0,0,0,0,0,0,0,0,0,0,0,0,0,0,0,0,0,0,0,0,0,0,0,0,0,0,0,0,0,0,0,0,0,0,0,0,0,0,0,0,0,0,0,0,0,0,0,0,0,0,0,0,0,0,0,0,0,0,0,0,0,,146.2524601260181,,137.074896026372,
2022/02/21,Fecha 1 vs Independiente,Primer tiempo,14:00:19,16:03:54,recuperacion,,00:23:35,00:23:41,6.0,"50,72",intercepcion anticipo aereo,,3.0,,,,1415.0,0,0,0,0,0,0,0,0,0,0,0,0,0,0,0,0,0,0,0,0,0,0,0,0,0,0,0,0,0,0,0,0,0,0,0,0,1,0,0,0,0,0,0,0,0,0,0,0,0,0,0,0,0,0,0,0,0,0,0,0,,49.92097180833325,,71.56531896871043,
2022/02/21,Fecha 1 vs Independiente,Primer tiempo,14:00:19,16:03:54,pase,,00:23:48,00:23:54,6.0,"58,73",medio,10,6.0,"121,87",,,1428.0,0,0,0,0,0,0,1,0,0,0,0,0,0,0,0,0,0,0,0,0,0,0,0,0,0,0,0,0,0,0,0,0,0,0,0,0,0,0,0,0,0,0,0,0,0,0,0,0,0,0,0,0,0,0,0,0,0,0,0,0,11.0,58.46651717439799,120.70737832551748,72.77480634536126,86.88614671681125
2022/02/21,Fecha 1 vs Independiente,Primer tiempo,14:00:19,16:03:54,pase,,00:23:51,00:23:57,6.0,"156,66",corto,7,10.0,"177,21",,,1431.0,0,0,0,0,0,0,1,0,0,0,0,0,0,0,0,0,0,0,0,0,0,0,0,0,0,0,0,0,0,0,0,0,0,0,0,0,0,0,0,0,0,0,0,0,0,0,0,0,0,0,0,0,0,0,0,0,0,0,0,0,13.0,156.00169751015434,177.3709307070073,65.81987417058266,21.436200863210576
2022/02/21,Fecha 1 vs Independiente,Primer tiempo,14:00:19,16:03:54,duelo,,00:23:55,00:24:01,6.0,"216,10",gambeta a favor,,7.0,,,,1435.0,0,0,0,0,0,0,0,0,0,0,0,0,0,0,0,0,0,0,0,0,0,0,1,0,0,0,0,0,0,0,0,0,0,0,0,0,0,0,0,0,0,0,0,0,0,0,0,0,0,0,0,0,0,0,0,0,0,0,0,0,,215.69378239931223,,10.338898923240773,
2022/02/21,Fecha 1 vs Independiente,Primer tiempo,14:00:19,16:03:54,falta,,00:24:44,00:24:50,6.0,"157,36",recibida,,5.0,,,,1484.0,0,0,0,0,0,0,0,0,0,0,0,0,0,0,0,0,0,0,0,0,0,0,0,0,0,0,1,0,0,0,0,0,0,0,0,0,0,0,0,0,0,0,0,0,0,0,0,0,0,0,0,0,0,0,0,0,0,0,0,0,,157.2061776367813,,36.18064806144561,
2022/02/21,Fecha 1 vs Independiente,Primer tiempo,14:00:19,16:03:54,pase,,00:25:01,00:25:07,6.0,"159,20",corto,2,5.0,"95,63",,,1501.0,0,0,0,0,0,0,1,0,0,0,0,0,0,0,0,0,0,0,0,0,0,0,0,0,0,0,0,0,0,0,0,0,0,0,0,0,0,0,0,0,0,0,0,0,0,0,0,0,0,0,0,0,0,0,0,0,0,0,0,0,11.0,158.65488469603878,94.82774931119945,20.08411662262062,62.54109025248454
2022/02/21,Fecha 1 vs Independiente,Primer tiempo,14:00:19,16:03:54,pase,,00:25:05,00:25:11,6.0,"112,65",medio,4,2.0,"162,123",,,1505.0,0,0,0,0,0,0,1,0,0,0,0,0,0,0,0,0,0,0,0,0,0,0,0,0,0,0,0,0,0,0,0,0,0,0,0,0,0,0,0,0,0,0,0,0,0,0,0,0,0,0,0,0,0,0,0,0,0,0,0,0,15.0,112.47375481296241,162.31839035322997,65.13230994572034,123.21577393771234
2022/02/21,Fecha 1 vs Independiente,Primer tiempo,14:00:19,16:03:54,pase,,00:25:10,00:25:16,6.0,"153,123",inteligente,11,4.0,"258,149",,,1510.0,0,0,0,0,0,0,0,0,1,0,0,0,0,0,0,0,0,0,0,0,0,0,0,0,0,0,0,0,0,0,0,0,0,0,0,0,0,0,0,0,0,0,0,0,0,0,0,0,1,0,0,0,0,0,0,0,0,0,0,0,24.0,152.7218474030192,257.7407143191238,123.38250240013177,149.49296541365874
2022/02/21,Fecha 1 vs Independiente,Primer tiempo,14:00:19,16:03:54,perdida,,00:25:11,00:25:17,6.0,"171,151",balon afuera fondo,11,4.0,"268,101",,,1511.0,0,0,0,0,0,0,0,0,0,0,0,0,0,0,0,0,0,0,0,0,0,0,0,0,0,0,0,0,0,0,0,0,0,0,0,0,0,0,0,0,0,0,0,0,0,0,0,0,0,0,0,0,0,0,0,0,0,0,0,0,23.0,170.50410589721412,268.0243618864556,150.68690741308254,100.98051258624832
2022/02/21,Fecha 1 vs Independiente,Primer tiempo,14:00:19,16:03:54,recuperacion,,00:25:42,00:25:48,6.0,"142,99",intercepcion aereo,,2.0,,,,1542.0,0,0,0,0,0,0,0,0,0,0,0,0,0,0,0,0,0,0,0,0,0,0,0,0,0,0,0,0,0,0,0,0,0,0,0,1,0,0,0,0,0,0,0,0,0,0,0,0,0,0,0,0,0,0,0,0,0,0,0,0,,141.8229850146377,,98.74109364747987,
2022/02/21,Fecha 1 vs Independiente,Primer tiempo,14:00:19,16:03:54,pase,,00:25:42,00:25:48,6.0,"112,67",corto,10,2.0,"122,74",,,1542.0,0,0,0,0,0,0,1,0,0,0,0,0,0,0,0,0,0,0,0,0,0,0,0,0,0,0,0,0,0,0,0,0,0,0,0,0,0,0,0,0,0,0,0,0,0,0,0,0,0,0,0,0,0,0,0,0,0,0,0,0,11.0,111.56863867759773,121.76756213626615,67.40583709036932,74.16058014035738
2022/02/21,Fecha 1 vs Independiente,Primer tiempo,14:00:19,16:03:54,perdida,,00:25:44,00:25:50,6.0,"103,63",robo,,10.0,,,,1544.0,0,0,0,0,0,0,0,0,0,0,0,0,0,0,0,0,0,0,0,0,0,0,0,0,0,0,0,0,0,0,0,0,0,0,0,0,0,0,0,0,0,0,0,0,0,1,0,0,0,0,0,0,0,0,0,0,0,0,0,0,,103.15776533173404,,63.312776801134596,
2022/02/21,Fecha 1 vs Independiente,Primer tiempo,14:00:19,16:03:54,recuperacion,,00:25:52,00:25:58,6.0,"73,67",intercepcion,,2.0,,,,1552.0,0,0,0,0,0,0,0,0,0,0,0,0,0,0,0,0,0,0,0,0,0,0,0,0,0,0,0,0,0,0,0,0,0,0,1,0,0,0,0,0,0,0,0,0,0,0,0,0,0,0,0,0,0,0,0,0,0,0,0,0,,73.40797622365022,,66.76296061463557,
2022/02/21,Fecha 1 vs Independiente,Primer tiempo,14:00:19,16:03:54,perdida,,00:25:56,00:26:02,6.0,"75,68",robo,9,2.0,"187,73",,,1556.0,0,0,0,0,0,0,0,0,0,0,0,0,0,0,0,0,0,0,0,0,0,0,0,0,0,0,0,0,0,0,0,0,0,0,0,0,0,0,0,0,0,0,0,0,0,1,0,0,0,0,0,0,0,0,0,0,0,0,0,0,17.0,74.78971039734063,187.39454865328923,67.55104482128343,72.6806608726672
2022/02/21,Fecha 1 vs Independiente,Primer tiempo,14:00:19,16:03:54,recuperacion,,00:26:13,00:26:19,6.0,"77,96",intercepcion anticipo,,10.0,,,,1573.0,0,0,0,0,0,0,0,0,0,0,0,0,0,0,0,0,0,0,0,0,0,0,0,0,0,0,0,0,0,0,0,0,0,0,0,0,1,0,0,0,0,0,0,0,0,0,0,0,0,0,0,0,0,0,0,0,0,0,0,0,,76.81203686131894,,96.20723258321169,
2022/02/21,Fecha 1 vs Independiente,Primer tiempo,14:00:19,16:03:54,pase,,00:26:15,00:26:21,6.0,"84,77",corto,4,10.0,"62,144",,,1575.0,0,0,0,0,0,0,1,0,0,0,0,0,0,0,0,0,0,0,0,0,0,0,0,0,0,0,0,0,0,0,0,0,0,0,0,0,0,0,0,0,0,0,0,0,0,0,0,0,0,0,0,0,0,0,0,0,0,0,0,0,9.0,83.63251430830502,61.91505561760444,76.90686851482656,143.70532754330884
2022/02/21,Fecha 1 vs Independiente,Primer tiempo,14:00:19,16:03:54,perdida,,00:26:31,00:26:37,6.0,"236,140",robo,Rival,11.0,"249,91",,,1591.0,0,0,0,0,0,0,0,0,0,0,0,0,0,0,0,0,0,0,0,0,0,0,0,0,0,0,0,0,0,0,0,0,0,0,0,0,0,0,0,0,0,0,0,0,0,1,0,0,0,0,0,0,0,0,0,0,0,0,0,0,21.0,235.70920424240114,249.457005437744,140.45841244657544,90.58465830519408
2022/02/21,Fecha 1 vs Independiente,Primer tiempo,14:00:19,16:03:54,pelota parada,,00:26:48,00:26:54,6.0,"191,135",lateral corto,2,4.0,"171,140",,,1608.0,0,0,0,0,0,0,0,0,0,0,0,0,0,0,0,0,0,0,0,0,0,0,0,0,0,0,0,0,0,0,0,0,0,0,0,0,0,0,0,1,0,0,0,0,0,0,0,0,0,0,0,0,0,0,0,0,0,0,0,0,15.0,191.13610995463677,171.25690175539788,134.90373478377657,139.56695642017343
2022/02/21,Fecha 1 vs Independiente,Primer tiempo,14:00:19,16:03:54,pase,,00:26:53,00:26:59,6.0,"154,162",medio,6,2.0,"163,98",,,1613.0,0,0,0,0,0,0,1,0,0,0,0,0,0,0,0,0,0,0,0,0,0,0,0,0,0,0,0,0,0,0,0,0,0,0,0,0,0,0,0,0,0,0,0,0,0,0,0,0,0,0,0,0,0,0,0,0,0,0,0,0,14.0,154.29479496757244,163.0173074927121,161.53283736209806,98.05305308721356
2022/02/21,Fecha 1 vs Independiente,Primer tiempo,14:00:19,16:03:54,pase,,00:27:06,00:27:12,6.0,"108,64",medio,1,5.0,"49,73",,,1626.0,0,0,0,0,0,0,1,0,0,0,0,0,0,0,0,0,0,0,0,0,0,0,0,0,0,0,0,0,0,0,0,0,0,0,0,0,0,0,0,0,0,0,0,0,0,0,0,0,0,0,0,0,0,0,0,0,0,0,0,0,8.0,107.71350633798757,48.747683234066045,63.85201990579223,73.20297401716542
2022/02/21,Fecha 1 vs Independiente,Primer tiempo,14:00:19,16:03:54,pase,,00:27:12,00:27:18,6.0,"60,72",largo,3,1.0,"148,6",,,1632.0,0,0,0,0,0,0,1,1,0,0,0,0,0,0,0,0,0,0,0,0,0,0,0,0,0,0,0,0,0,0,0,0,0,0,0,0,0,0,0,0,0,0,0,0,0,0,0,0,0,0,0,0,0,0,0,0,0,0,0,0,13.0,60.20280685214344,147.95777724004182,71.87394981840222,5.931921209113067
2022/02/21,Fecha 1 vs Independiente,Primer tiempo,14:00:19,16:03:54,perdida,,00:27:13,00:27:19,6.0,"176,15",intercepcion aereo,,3.0,,,,1633.0,0,0,0,0,0,0,0,0,0,0,0,0,0,0,0,0,0,0,0,0,0,0,0,0,0,0,0,0,0,0,0,0,0,0,0,0,0,0,0,0,0,0,0,0,0,0,1,0,0,0,0,0,0,0,0,0,0,0,0,0,,176.30132404849059,,14.506082739107935,
2022/02/21,Fecha 1 vs Independiente,Primer tiempo,14:00:19,16:03:54,pelota parada,,00:27:32,00:27:38,6.0,"200,37",lateral corto,7,3.0,"243,17",,,1652.0,0,0,0,0,0,0,0,0,0,0,0,0,0,0,0,0,0,0,0,0,0,0,0,0,0,0,0,0,0,0,0,0,0,0,0,0,0,0,0,1,0,0,0,0,0,0,0,0,0,0,0,0,0,0,0,0,0,0,0,0,19.0,200.24008178805894,243.49758503334778,37.341640585792184,16.759405031253763
2022/02/21,Fecha 1 vs Independiente,Primer tiempo,14:00:19,16:03:54,pase,,00:27:33,00:27:39,6.0,"264,15",corto,3,7.0,"221,34",,,1653.0,0,0,0,0,0,0,1,0,0,0,0,0,0,0,0,0,0,0,0,0,0,0,0,0,0,0,0,0,0,0,0,0,0,0,0,0,0,0,0,0,0,0,0,0,0,0,0,0,0,0,0,0,0,0,0,0,0,0,0,0,16.0,264.2146649690286,221.32173898160323,15.160067688441949,34.22104381418589
2022/02/21,Fecha 1 vs Independiente,Primer tiempo,14:00:19,16:03:54,perdida,,00:27:36,00:27:42,6.0,"194,29",robo,,3.0,,,,1656.0,0,0,0,0,0,0,0,0,0,0,0,0,0,0,0,0,0,0,0,0,0,0,0,0,0,0,0,0,0,0,0,0,0,0,0,0,0,0,0,0,0,0,0,0,0,1,0,0,0,0,0,0,0,0,0,0,0,0,0,0,,194.39112260385795,,28.558597232558675,
2022/02/21,Fecha 1 vs Independiente,Primer tiempo,14:00:19,16:03:54,pelota parada,,00:27:51,00:27:57,6.0,"97,20",lateral largo,2,3.0,"86,95",,,1671.0,0,0,0,0,0,0,0,0,0,0,0,0,0,0,0,0,0,0,0,0,0,0,0,0,0,0,0,0,0,0,0,0,0,0,0,0,0,0,0,1,0,0,0,0,0,0,0,0,0,0,0,0,0,0,0,0,0,0,0,0,8.0,97.41091660522602,85.68982957594604,20.36999783997814,95.26631861940709
2022/02/21,Fecha 1 vs Independiente,Primer tiempo,14:00:19,16:03:54,pase,,00:27:56,00:28:02,6.0,"60,96",medio,4,2.0,"90,158",,,1676.0,0,0,0,0,0,0,1,0,0,0,0,0,0,0,0,0,0,0,0,0,0,0,0,0,0,0,0,0,0,0,0,0,0,0,0,0,0,0,0,0,0,0,0,0,0,0,0,0,0,0,0,0,0,0,0,0,0,0,0,0,12.0,60.11890835640083,89.58200848410566,95.85439435497548,157.70500110907238
2022/02/21,Fecha 1 vs Independiente,Primer tiempo,14:00:19,16:03:54,pase,,00:28:01,00:28:07,6.0,"177,131",centro bloqueado,Rival,4.0,"193,61",,,1681.0,0,0,0,0,0,0,1,0,0,0,0,0,0,0,0,0,0,0,0,0,0,0,0,0,0,0,0,0,0,0,0,0,0,0,0,0,0,0,0,0,0,0,0,0,0,0,0,0,0,0,0,0,0,0,0,0,0,0,0,0,17.0,176.8425680776966,193.11737857156493,131.12706676483492,61.44094171400215
2022/02/21,Fecha 1 vs Independiente,Primer tiempo,14:00:19,16:03:54,recuperacion,,00:28:03,00:28:09,6.0,"213,67",robo,,9.0,,,,1683.0,0,0,0,0,0,0,0,0,0,0,0,0,0,0,0,0,0,0,0,0,0,0,0,0,0,0,0,0,0,0,0,0,1,0,0,0,0,0,0,0,0,0,0,0,0,0,0,0,0,0,0,0,0,0,0,0,0,0,0,0,,212.67817106952504,,67.3758816478747,
2022/02/21,Fecha 1 vs Independiente,Primer tiempo,14:00:19,16:03:54,falta,,00:28:03,00:28:09,6.0,"218,85",recibida,,9.0,,,,1683.0,0,0,0,0,0,0,0,0,0,0,0,0,0,0,0,0,0,0,0,0,0,0,0,0,0,0,1,0,0,0,0,0,0,0,0,0,0,0,0,0,0,0,0,0,0,0,0,0,0,0,0,0,0,0,0,0,0,0,0,0,,217.56327705027448,,84.86927332202305,
2022/02/21,Fecha 1 vs Independiente,Primer tiempo,14:00:19,16:03:54,pelota parada,,00:29:08,00:29:14,6.0,"201,65",tiro libre,Rival,5.0,"266,101",,,1748.0,0,0,0,0,0,0,0,0,0,0,0,0,0,0,0,0,0,0,0,0,0,0,0,0,0,0,0,0,0,0,0,0,0,0,0,0,0,0,0,0,0,0,0,1,0,0,0,0,0,0,0,0,0,0,0,0,0,0,0,0,22.0,200.6114034177394,265.6629368586544,64.93747978579994,100.6160928703081
2022/02/21,Fecha 1 vs Independiente,Primer tiempo,14:00:19,16:03:54,falta,,00:29:09,00:29:15,6.0,"254,99",recibida,,2.0,,,,1749.0,0,0,0,0,0,0,0,0,0,0,0,0,0,0,0,0,0,0,0,0,0,0,0,0,0,0,1,0,0,0,0,0,0,0,0,0,0,0,0,0,0,0,0,0,0,0,0,0,0,0,0,0,0,0,0,0,0,0,0,0,,253.9241634166492,,99.46410863755418,
2022/02/21,Fecha 1 vs Independiente,Primer tiempo,14:00:19,16:03:54,pelota parada,,00:31:13,00:31:19,6.0,"238,97",penal,,9.0,,,,1873.0,1,0,0,0,0,0,0,0,0,0,0,0,0,0,0,0,0,0,0,0,0,0,0,0,0,0,0,0,0,0,0,0,0,0,0,0,0,0,0,0,0,0,0,0,0,0,0,0,0,0,0,0,0,0,0,0,0,0,0,0,,237.64277475828035,,97.38965603572946,
2022/02/21,Fecha 1 vs Independiente,Primer tiempo,14:00:19,16:03:54,gol,,00:31:13,00:31:19,6.0,"243,92",directa,,9.0,,,,1873.0,0,0,0,0,0,0,0,0,0,0,0,0,0,0,0,0,0,0,0,0,0,0,0,0,0,0,0,0,0,0,0,0,0,0,0,0,0,0,0,0,0,0,0,0,0,0,0,0,0,0,0,0,0,0,0,0,0,0,0,0,,243.43235920822968,,92.34574874483633,
2022/02/21,Fecha 1 vs Independiente,Primer tiempo,14:00:19,16:03:54,pase,,00:32:14,00:32:20,6.0,"246,83",medio,8,9.0,"189,92",,,1934.0,0,0,0,0,0,0,1,1,0,0,0,0,0,0,0,0,0,0,0,0,0,0,0,0,0,0,0,0,0,0,0,0,0,0,0,0,0,0,0,0,0,0,0,0,0,0,0,0,0,0,0,0,0,0,0,0,0,0,0,0,17.0,246.3526125635566,189.12570730095973,82.65152220832972,92.4230024919496
2022/02/21,Fecha 1 vs Independiente,Primer tiempo,14:00:19,16:03:54,perdida,,00:32:15,00:32:21,6.0,"203,87",interceptado,,8.0,,,,1935.0,0,0,0,0,0,0,0,0,0,0,0,0,0,0,0,0,0,0,0,0,0,0,0,0,0,0,0,0,0,0,0,0,0,0,0,0,0,0,0,0,0,0,0,0,0,0,1,0,0,0,0,0,0,0,0,0,0,0,0,0,,203.42832851834729,,86.65750986108134,
2022/02/21,Fecha 1 vs Independiente,Primer tiempo,14:00:19,16:03:54,recuperacion,,00:32:21,00:32:27,6.0,"189,131",robo,,8.0,,,,1941.0,0,0,0,0,0,0,0,0,0,0,0,0,0,0,0,0,0,0,0,0,0,0,0,0,0,0,0,0,0,0,0,0,1,0,0,0,0,0,0,0,0,0,0,0,0,0,0,0,1,0,0,0,0,0,0,0,0,0,0,0,,188.62377506037961,,130.83019357136882,
2022/02/21,Fecha 1 vs Independiente,Primer tiempo,14:00:19,16:03:54,perdida,,00:32:23,00:32:29,6.0,"189,131",balon afuera lateral,,8.0,,,,1943.0,0,0,0,0,0,0,0,0,0,0,0,0,0,0,0,0,0,0,0,0,0,0,0,0,0,0,0,0,0,0,0,0,0,0,0,0,0,0,0,0,0,0,0,0,0,0,0,0,0,0,0,0,0,0,0,0,0,0,0,0,,188.78423058745983,,130.7624403143563,
2022/02/21,Fecha 1 vs Independiente,Primer tiempo,14:00:19,16:03:54,recuperacion,,00:32:45,00:32:51,6.0,"179,152",duelo,,2.0,,,,1965.0,0,0,0,0,0,0,0,0,0,0,0,0,0,0,0,0,0,0,0,0,0,0,0,0,0,0,0,0,0,0,0,0,0,0,0,0,0,0,0,0,0,0,0,0,0,0,0,0,0,0,0,0,0,0,0,0,0,0,0,0,,178.5894234693357,,152.001905712146,
2022/02/21,Fecha 1 vs Independiente,Primer tiempo,14:00:19,16:03:54,pase,,00:32:53,00:32:59,6.0,"257,138",centro bloqueado,Rival,9.0,"257,157",,,1973.0,0,0,0,0,0,0,1,0,0,0,0,0,0,0,0,0,0,0,0,0,0,0,0,0,0,0,0,0,0,0,0,0,0,0,0,0,0,0,0,0,0,0,0,0,0,0,0,0,0,0,0,0,0,0,0,0,0,0,0,0,24.0,256.914532352832,256.99492500772874,138.09606227520305,156.54579364890657
2022/02/21,Fecha 1 vs Independiente,Primer tiempo,14:00:19,16:03:54,pelota parada,,00:33:28,00:33:34,6.0,"267,156",tiro de esquina,6,10.0,"227,99",,,2008.0,0,0,0,0,0,0,0,0,0,0,0,0,0,0,0,0,0,0,0,0,0,0,0,0,0,0,0,0,0,0,0,0,0,0,0,0,0,0,0,0,0,1,0,0,0,0,0,0,0,0,0,0,0,0,0,0,0,0,0,0,21.0,267.0702448710149,226.8043232795394,155.7463037454679,98.81684016293386
2022/02/21,Fecha 1 vs Independiente,Primer tiempo,14:00:19,16:03:54,remate cabeza,,00:33:30,00:33:36,6.0,"225,70",dificil,Rival,6.0,"241,64",,,2010.0,0,0,0,0,1,0,0,0,0,0,0,0,0,0,0,0,0,0,0,0,0,0,0,0,0,0,0,0,0,0,0,0,0,0,0,0,0,0,0,0,0,0,0,0,0,0,0,0,0,0,0,0,0,0,0,0,0,0,0,0,22.0,224.98382350116955,241.4544348697856,70.07014063468756,64.44970809211247
2022/02/21,Fecha 1 vs Independiente,Primer tiempo,14:00:19,16:03:54,pelota parada,,00:34:15,00:34:21,6.0,"253,2",tiro de esquina,2,8.0,"247,95",,,2055.0,0,0,0,0,0,0,0,0,0,0,0,0,0,0,0,0,0,0,0,0,0,0,0,0,0,0,0,0,0,0,0,0,0,0,0,0,0,0,0,0,0,1,0,0,0,0,0,0,0,0,0,0,0,0,0,0,0,0,0,0,21.0,253.49465037541393,247.18045440804727,2.150536225000973,94.75528977476407
2022/02/21,Fecha 1 vs Independiente,Primer tiempo,14:00:19,16:03:54,remate pie,,00:34:16,00:34:22,6.0,"222,62",media distancia,Rival,2.0,"243,64",,,2056.0,0,0,0,0,0,0,0,0,0,0,0,0,0,0,0,0,0,0,0,0,0,0,0,0,0,0,0,0,0,0,0,0,0,0,0,0,0,0,0,0,0,0,0,0,0,0,0,0,0,0,0,0,0,0,0,0,0,0,0,0,20.0,221.5924594583859,243.1149289022231,61.53177644082113,63.74969298070397
2022/02/21,Fecha 1 vs Independiente,Primer tiempo,14:00:19,16:03:54,pelota parada,,00:34:54,00:35:00,6.0,"115,2",lateral largo,9,3.0,"190,38",,,2094.0,0,0,0,0,0,0,0,0,0,0,0,0,0,0,0,0,0,0,0,0,0,0,0,0,0,0,0,0,0,0,0,0,0,0,0,0,0,0,0,1,0,0,0,0,0,0,0,0,0,0,0,0,0,0,0,0,0,0,0,0,16.0,115.4287850167478,189.62379213916006,2.2452964940173565,37.74570413504213
2022/02/21,Fecha 1 vs Independiente,Primer tiempo,14:00:19,16:03:54,perdida,,00:34:54,00:35:00,6.0,"207,13",intercepcion aereo,,9.0,,,,2094.0,0,0,0,0,0,0,0,0,0,0,0,0,0,0,0,0,0,0,0,0,0,0,0,0,0,0,0,0,0,0,0,0,0,0,0,0,0,0,0,0,0,0,0,0,0,0,1,0,0,0,0,0,0,0,0,0,0,0,0,0,,207.27713844093716,,13.288322548680089,
2022/02/21,Fecha 1 vs Independiente,Primer tiempo,14:00:19,16:03:54,falta,,00:34:59,00:35:05,6.0,"192,13",hecha,,9.0,,,,2099.0,0,0,0,0,0,0,0,0,0,0,0,0,0,0,0,0,0,0,0,0,0,0,0,0,0,1,0,0,0,0,0,0,0,0,0,0,0,0,0,0,0,0,0,0,0,0,0,0,0,0,0,0,0,0,0,0,0,0,0,0,,192.05724858250713,,12.753659449682832,
2022/02/21,Fecha 1 vs Independiente,Primer tiempo,14:00:19,16:03:54,duelo,,00:35:33,00:35:39,6.0,"17,0",gambeta en contra,,3.0,,,,2133.0,0,0,0,0,0,0,0,0,0,0,0,0,0,0,0,0,0,0,0,0,1,0,0,0,0,0,0,0,0,0,0,0,0,0,0,0,0,0,0,0,0,0,0,0,0,0,0,0,0,0,0,0,0,0,0,0,0,0,0,0,,17.389729609602256,,0.0,
2022/02/21,Fecha 1 vs Independiente,Primer tiempo,14:00:19,16:03:54,recuperacion,,00:35:36,00:35:42,6.0,"34,49",robo,,5.0,,,,2136.0,0,0,0,0,0,0,0,0,0,0,0,0,0,0,0,0,0,0,0,0,0,0,0,0,0,0,0,0,0,0,0,0,1,0,0,0,0,0,0,0,0,0,0,0,0,0,0,0,0,0,0,0,0,0,0,0,0,0,0,0,,34.38766686016547,,48.86747095321125,
2022/02/21,Fecha 1 vs Independiente,Primer tiempo,14:00:19,16:03:54,despeje,,00:35:37,00:35:43,6.0,"17,42",despeje,,5.0,,,,2137.0,0,0,0,0,0,0,0,0,0,0,0,0,0,0,0,0,0,0,0,0,0,0,0,0,0,0,0,0,0,0,0,0,0,0,0,0,0,0,0,0,0,0,0,0,0,0,0,0,1,0,0,0,0,0,0,0,0,0,0,0,,17.371381426341518,,41.86636182948008,
2022/02/21,Fecha 1 vs Independiente,Primer tiempo,14:00:19,16:03:54,perdida,,00:35:37,00:35:43,6.0,"8,29",balon afuera lateral,Rival,5.0,"60,18",,,2137.0,0,0,0,0,0,0,0,0,0,0,0,0,0,0,0,0,0,0,0,0,0,0,0,0,0,0,0,0,0,0,0,0,0,0,0,0,0,0,0,0,0,0,0,0,0,0,0,0,0,0,0,0,0,0,0,0,0,0,0,0,7.0,8.014021001549896,59.51607433422466,28.766712361489567,18.124650240259815
2022/02/21,Fecha 1 vs Independiente,Primer tiempo,14:00:19,16:03:54,recuperacion,,00:35:55,00:36:01,6.0,"46,79",duelo,,5.0,,,,2155.0,0,0,0,0,0,0,0,0,0,0,0,0,0,0,0,0,0,0,0,0,0,0,0,0,0,0,0,0,0,0,0,0,0,0,0,0,0,0,0,0,0,0,0,0,0,0,0,0,0,0,0,0,0,0,0,0,0,0,0,0,,45.675411949322616,,78.51472386881863,
2022/02/21,Fecha 1 vs Independiente,Primer tiempo,14:00:19,16:03:54,perdida,,00:35:59,00:36:05,6.0,"17,83",robo,Rival,5.0,"149,24",,,2159.0,0,0,0,0,0,0,0,0,0,0,0,0,0,0,0,0,0,0,0,0,0,0,0,0,0,0,0,0,0,0,0,0,0,0,0,0,0,0,0,0,0,0,0,0,0,1,0,0,0,0,0,0,0,0,0,0,0,0,0,0,13.0,17.423522101248242,148.5981120340536,83.01247779569454,24.424221486083606
2022/02/21,Fecha 1 vs Independiente,Primer tiempo,14:00:19,16:03:54,despeje,,00:35:59,00:36:05,6.0,"21,68",despeje,Rival,5.0,"108,9",,,2159.0,0,0,0,0,0,0,0,0,0,0,0,0,0,0,0,0,0,0,0,0,0,0,0,0,0,0,0,0,0,0,0,0,0,0,0,0,0,0,0,0,0,0,0,0,0,0,0,0,0,0,0,0,0,0,0,0,0,0,0,0,10.0,21.040480737151032,107.655706434078,68.47091741759692,8.840883865758226
2022/02/21,Fecha 1 vs Independiente,Primer tiempo,14:00:19,16:03:54,recuperacion,,00:36:46,00:36:52,6.0,"71,10",duelo,,6.0,,,,2206.0,0,0,0,0,0,0,0,0,0,0,0,0,0,0,0,0,0,0,0,0,0,0,0,0,0,0,0,0,0,0,0,0,0,0,0,0,0,0,0,0,0,0,0,0,0,0,0,0,0,0,0,0,0,0,0,0,0,0,0,0,,70.61301101370243,,10.24884964478207,
2022/02/21,Fecha 1 vs Independiente,Primer tiempo,14:00:19,16:03:54,pase,,00:36:59,00:37:05,6.0,"123,76",corto,4,5.0,"91,158",,,2219.0,0,0,0,0,0,0,1,0,0,0,0,0,0,0,0,0,0,0,0,0,0,0,0,0,0,0,0,0,0,0,0,0,0,0,0,0,0,0,0,0,0,0,0,0,0,0,0,0,0,0,0,0,0,0,0,0,0,0,0,0,12.0,123.46773255895053,90.87127445564877,76.19570705364623,157.5651192572231
2022/02/21,Fecha 1 vs Independiente,Primer tiempo,14:00:19,16:03:54,remate cabeza,,00:37:09,00:37:15,6.0,"264,73",dificil,Rival,9.0,"251,86",,,2229.0,0,0,0,0,1,0,0,0,0,0,0,0,0,0,0,0,0,0,0,0,0,0,0,0,0,0,0,0,0,0,0,0,0,0,0,0,0,0,0,0,0,0,0,0,0,0,0,0,0,0,0,0,0,0,0,0,0,0,0,0,22.0,263.5561546082873,251.2943341815117,73.26198627922184,86.06558279356406
2022/02/21,Fecha 1 vs Independiente,Primer tiempo,14:00:19,16:03:54,pelota parada,,00:38:33,00:38:39,6.0,"79,85",tiro libre,2,1.0,"55,126",,,2313.0,0,0,0,0,0,0,0,0,0,0,0,0,0,0,0,0,0,0,0,0,0,0,0,0,0,0,0,0,0,0,0,0,0,0,0,0,0,0,0,0,0,0,0,1,0,0,0,0,0,0,0,0,0,0,0,0,0,0,0,0,9.0,79.34327540786829,55.30904443202685,85.46935831890679,125.75636010570243
2022/02/21,Fecha 1 vs Independiente,Primer tiempo,14:00:19,16:03:54,pase,,00:38:39,00:38:45,6.0,"25,90",largo,3,1.0,"128,30",,,2319.0,0,0,0,0,0,0,1,0,0,0,0,0,0,0,0,0,0,0,0,0,0,0,0,0,0,0,0,0,0,0,0,0,0,0,0,0,0,0,0,0,0,0,0,0,0,0,0,0,0,0,0,0,0,0,0,0,0,0,0,0,10.0,24.86105458184589,128.3293365917459,89.61806858862364,29.79066784231544
2022/02/21,Fecha 1 vs Independiente,Primer tiempo,14:00:19,16:03:54,pase,,00:39:38,00:39:44,6.0,"109,143",largo,9,4.0,"184,158",,,2378.0,0,0,0,0,0,0,1,0,0,0,0,0,0,0,0,0,0,0,0,0,0,0,0,0,0,0,0,0,0,0,0,0,0,0,0,0,0,0,0,0,0,0,0,0,0,0,0,0,0,0,0,0,0,0,0,0,0,0,0,0,18.0,108.7282987412211,183.54903289700758,142.85622140185825,157.94389510404017
2022/02/21,Fecha 1 vs Independiente,Primer tiempo,14:00:19,16:03:54,remate pie,,00:39:42,00:39:48,6.0,"254,135",corta distancia,Rival,9.0,"255,78",,,2382.0,0,0,0,0,0,0,0,0,0,0,0,0,0,0,0,0,0,0,0,0,0,0,0,0,0,0,0,0,0,0,0,0,0,0,0,0,0,0,0,0,0,0,0,0,0,0,0,0,0,0,0,0,0,0,0,0,0,0,0,0,22.0,253.95491190657748,255.31053984967218,135.06213294294355,78.45648538877656
2022/02/21,Fecha 1 vs Independiente,Primer tiempo,14:00:19,16:03:54,falta,,00:40:53,00:40:59,6.0,"117,68",hecha,,9.0,,,,2453.0,0,0,0,0,0,0,0,0,0,0,0,0,0,0,0,0,0,0,0,0,0,0,0,0,0,1,0,0,0,0,0,0,0,0,0,0,0,0,0,0,0,0,0,0,0,0,0,0,0,0,0,0,0,0,0,0,0,0,0,0,,116.82493028627906,,68.00558436115571,
2022/02/21,Fecha 1 vs Independiente,Primer tiempo,14:00:19,16:03:54,recuperacion,,00:41:39,00:41:45,6.0,"84,77",intercepcion anticipo,,8.0,,,,2499.0,0,0,0,0,0,0,0,0,0,0,0,0,0,0,0,0,0,0,0,0,0,0,0,0,0,0,0,0,0,0,0,0,0,0,0,0,1,0,0,0,0,0,0,0,0,0,0,0,0,0,0,0,0,0,0,0,0,0,0,0,,84.09206177639152,,77.06006469732247,
2022/02/21,Fecha 1 vs Independiente,Primer tiempo,14:00:19,16:03:54,perdida,,00:41:41,00:41:47,6.0,"80,66",interceptado,Rival,8.0,"121,71",,,2501.0,0,0,0,0,0,0,0,0,0,0,0,0,0,0,0,0,0,0,0,0,0,0,0,0,0,0,0,0,0,0,0,0,0,0,0,0,0,0,0,0,0,0,0,0,0,0,1,0,0,0,0,0,0,0,0,0,0,0,0,0,11.0,80.41583830337123,121.18323882953553,66.08473574688922,70.51158147131093
2022/02/21,Fecha 1 vs Independiente,Primer tiempo,14:00:19,16:03:54,pase,,00:42:50,00:42:56,6.0,"13,97",s arquero pie,6,1.0,"15,51",,,2570.0,0,0,0,0,0,0,1,0,0,0,0,0,0,0,0,0,0,0,0,0,0,0,0,0,0,0,0,0,0,0,0,0,0,0,0,0,0,0,0,0,0,0,0,0,0,0,0,0,0,0,0,0,0,0,0,0,0,0,0,0,2.0,13.225549778745979,15.469763052054407,97.34086617780731,51.495886343008465
2022/02/21,Fecha 1 vs Independiente,Primer tiempo,14:00:19,16:03:54,pase,,00:42:56,00:43:02,6.0,"3,90",medio,8,6.0,"117,31",,,2576.0,0,0,0,0,0,0,1,0,0,0,0,0,0,0,0,0,0,0,0,0,0,0,0,0,0,0,0,0,0,0,0,0,0,0,0,0,0,0,0,0,0,0,0,0,0,0,0,0,0,0,0,0,0,0,0,0,0,0,0,0,10.0,3.428653366581214,116.75038336528918,90.06185196165855,30.647191220523496
2022/02/21,Fecha 1 vs Independiente,Primer tiempo,14:00:19,16:03:54,perdida,,00:42:56,00:43:02,6.0,"86,76",duelo,,8.0,,,,2576.0,0,0,0,0,0,0,0,0,0,0,0,0,0,0,0,0,0,0,0,0,0,0,0,0,0,0,0,0,0,0,0,0,0,0,0,0,0,0,0,0,0,0,0,0,0,0,0,0,0,0,0,0,0,0,0,0,0,0,0,0,,85.86189234147938,,75.84981448577261,
2022/02/21,Fecha 1 vs Independiente,Primer tiempo,14:00:19,16:03:54,recuperacion,,00:43:00,00:43:06,6.0,"51,32",intercepcion anticipo,,3.0,,,,2580.0,0,0,0,0,0,0,0,0,0,0,0,0,0,0,0,0,0,0,0,0,0,0,0,0,0,0,0,0,0,0,0,0,0,0,0,0,1,0,0,0,0,0,0,0,0,0,0,0,0,0,0,0,0,0,0,0,0,0,0,0,,51.38425951551706,,31.86419832673297,
2022/02/21,Fecha 1 vs Independiente,Primer tiempo,14:00:19,16:03:54,duelo,,00:44:12,00:44:18,6.0,"39,18",disputa suelo,,3.0,,,,2652.0,0,0,0,0,0,0,0,0,0,0,0,0,0,0,0,0,0,0,1,0,0,0,0,0,0,0,0,0,0,0,0,0,0,0,0,0,0,0,0,0,0,0,0,0,0,0,0,0,0,0,0,0,0,0,0,0,0,0,0,0,,38.62746296275039,,18.183205240176765,
2022/02/21,Fecha 1 vs Independiente,Primer tiempo,14:00:19,16:03:54,pelota parada,,00:45:06,00:45:12,6.0,"66,37",lateral largo,9,3.0,"94,28",,,2706.0,0,0,0,0,0,0,0,0,0,0,0,0,0,0,0,0,0,0,0,0,0,0,0,0,0,0,0,0,0,0,0,0,0,0,0,0,0,0,0,1,0,0,0,0,0,0,0,0,0,0,0,0,0,0,0,0,0,0,0,0,10.0,66.31605693532663,93.70476941787479,37.245132803160956,27.64163951414946
2022/02/21,Fecha 1 vs Independiente,Primer tiempo,14:00:19,16:03:54,perdida,,00:45:08,00:45:14,6.0,"105,9",interceptado,11,9.0,"160,19",,,2708.0,0,0,0,0,0,0,0,0,0,0,0,0,0,0,0,0,0,0,0,0,0,0,0,0,0,0,0,0,0,0,0,0,0,0,0,0,0,0,0,0,0,0,0,0,0,0,1,0,0,0,0,0,0,0,0,0,0,0,0,0,13.0,105.24749214105472,160.37867648094462,9.05412319635176,19.28272087680986
2022/02/21,Fecha 1 vs Independiente,Primer tiempo,14:00:19,16:03:54,recuperacion,,00:45:12,00:45:18,6.0,"93,7",intercepcion,,8.0,,,,2712.0,0,0,0,0,0,0,0,0,0,0,0,0,0,0,0,0,0,0,0,0,0,0,0,0,0,0,0,0,0,0,0,0,0,0,1,0,0,0,0,0,0,0,0,0,0,0,0,0,0,0,0,0,0,0,0,0,0,0,0,0,,92.54225436279782,,7.358280139279632,
2022/02/21,Fecha 1 vs Independiente,Primer tiempo,14:00:19,16:03:54,pase,,00:45:15,00:45:21,6.0,"95,10",corto,11,8.0,"166,79",,,2715.0,0,0,0,0,0,0,1,0,0,0,0,0,0,0,0,0,0,0,0,0,0,0,0,0,0,0,0,0,0,0,0,0,0,0,0,0,0,0,0,0,0,0,0,0,0,0,0,0,0,0,0,0,0,0,0,0,0,0,0,0,14.0,95.43903452624222,166.47108527839558,9.661844528300348,78.91167833467568
2022/02/21,Fecha 1 vs Independiente,Primer tiempo,14:00:19,16:03:54,falta,,00:45:19,00:45:25,6.0,"152,89",recibida,,7.0,,,,2719.0,0,0,0,0,0,0,0,0,0,0,0,0,0,0,0,0,0,0,0,0,0,0,0,0,0,0,1,0,0,0,0,0,0,0,0,0,0,0,0,0,0,0,0,0,0,0,0,0,0,0,0,0,0,0,0,0,0,0,0,0,,152.1263100662785,,89.03540008723786,
2022/02/21,Fecha 1 vs Independiente,Primer tiempo,14:00:19,16:03:54,pelota parada,,00:45:42,00:45:48,6.0,"180,27",tiro libre,3,10.0,"107,14",,,2742.0,0,1,0,0,0,0,0,0,0,0,0,0,0,0,0,0,0,0,0,0,0,0,0,0,0,0,0,0,0,0,0,0,0,0,0,0,0,0,0,0,0,0,1,0,0,0,0,0,1,0,0,0,0,0,0,0,0,0,0,0,10.0,180.1814524179063,107.42715896103564,26.60508865738131,13.572465223635486
2022/02/21,Fecha 1 vs Independiente,Primer tiempo,14:00:19,16:03:54,perdida,,00:45:50,00:45:56,6.0,"123,4",balon afuera fondo,Rival,3.0,"255,44",,,2750.0,0,0,0,0,0,0,0,0,0,0,0,0,0,0,0,0,0,0,0,0,0,0,0,0,0,0,0,0,0,0,0,0,0,0,0,0,0,0,0,0,0,0,0,0,0,0,0,0,0,0,0,0,0,0,0,0,0,0,0,0,20.0,123.16630682525944,255.20393230479783,3.717661696695309,44.3012720557965
2022/02/21,Fecha 1 vs Independiente,Primer tiempo,14:00:19,16:03:54,duelo,,00:46:31,00:46:37,6.0,"37,73",aereo,,6.0,,,,2791.0,0,0,0,0,0,0,0,0,0,0,0,0,0,0,0,0,1,0,0,0,0,0,0,0,0,0,0,0,0,0,0,0,0,0,0,0,0,0,0,0,0,0,0,0,0,0,0,0,0,0,0,0,0,0,0,0,0,0,0,0,,36.560619727006525,,73.04972502515449,
2022/02/21,Fecha 1 vs Independiente,Primer tiempo,14:00:19,16:03:54,recuperacion,,00:46:31,00:46:37,6.0,"50,64",intercepcion aereo,,6.0,,,,2791.0,0,0,0,0,0,0,0,0,0,0,0,0,0,0,0,0,0,0,0,0,0,0,0,0,0,0,0,0,0,0,0,0,0,0,0,1,0,0,0,0,0,0,0,0,0,0,0,0,0,0,0,0,0,0,0,0,0,0,0,0,,49.87333375844895,,64.07938569198933,
2022/02/21,Fecha 1 vs Independiente,Primer tiempo,14:00:19,16:03:54,recuperacion,,00:46:48,00:46:54,6.0,"5,25",intercepcion,,6.0,,,,2808.0,0,0,0,0,0,0,0,0,0,0,0,0,0,0,0,0,0,0,0,0,0,0,0,0,0,0,0,0,0,0,0,0,0,0,1,0,0,0,0,0,0,0,0,0,0,0,0,0,0,0,0,0,0,0,0,0,0,0,0,0,,5.310869537105315,,24.89330341060964,
2022/02/21,Fecha 1 vs Independiente,Primer tiempo,14:00:19,16:03:54,pase,,00:46:50,00:46:56,6.0,"3,47",medio,9,6.0,"62,10",,,2810.0,0,0,0,0,0,0,1,0,0,0,0,0,0,0,0,0,0,0,0,0,0,0,0,0,0,0,0,0,0,0,0,0,0,0,0,0,0,0,0,0,0,0,0,0,0,0,0,0,0,0,0,0,0,0,0,0,0,0,0,0,7.0,2.65282038424683,61.94239366105584,47.13522318042656,10.065771898085137
2022/02/21,Fecha 1 vs Independiente,Primer tiempo,14:00:19,16:03:54,falta,,00:46:52,00:46:58,6.0,"63,28",hecha,,9.0,,,,2812.0,0,0,0,0,0,0,0,0,0,0,0,0,0,0,0,0,0,0,0,0,0,0,0,0,0,1,0,0,0,0,0,0,0,0,0,0,0,0,0,0,0,0,0,0,0,0,0,0,0,0,0,0,0,0,0,0,0,0,0,0,,63.30327755780827,,28.42244386554786,
2022/02/21,Fecha 1 vs Independiente,Primer tiempo,14:00:19,16:03:54,falta,,00:47:16,00:47:22,6.0,"70,153",hecha,,2.0,,,,2836.0,0,0,0,0,0,0,0,0,0,0,0,0,0,0,0,0,0,0,0,0,0,0,0,0,0,1,0,0,0,0,0,0,0,0,0,0,0,0,0,0,0,0,0,0,0,0,0,0,0,0,0,0,0,0,0,0,0,0,0,0,,69.81087043383106,,152.689423834516,
2022/02/21,Fecha 1 vs Independiente,Primer tiempo,14:00:19,16:03:54,arquero,,00:48:26,00:48:32,6.0,"6,83",salvada/atajada,,1.0,,Bueno,,2906.0,0,0,0,0,0,0,0,0,0,0,0,0,0,0,0,0,0,0,0,0,0,0,0,0,0,0,0,0,0,0,0,0,0,0,0,0,0,0,0,0,0,0,0,0,0,0,0,0,0,0,0,0,0,1,0,0,0,0,0,0,,6.228020140753049,,83.1107202770313,
2022/02/21,Fecha 1 vs Independiente,Primer tiempo,14:00:19,16:03:54,falta,,00:49:11,00:49:17,6.0,"254,42",hecha,,11.0,,,,2951.0,0,0,0,0,0,0,0,0,0,0,0,0,0,0,0,0,0,0,0,0,0,0,0,0,0,1,0,0,0,0,0,0,0,0,0,0,0,0,0,0,0,0,0,0,0,0,0,0,0,0,0,0,0,0,0,0,0,0,0,0,,254.3313835497112,,42.34965317473684,
2022/02/21,Fecha 1 vs Independiente,Primer tiempo,14:00:19,16:03:54,situacion rival,,00:49:39,00:49:45,6.0,"247,54",directa,,11.0,,,,2979.0,0,0,0,0,0,0,0,0,0,0,0,0,0,0,0,0,0,0,0,0,0,0,0,0,0,0,0,0,0,0,0,0,0,0,0,0,0,0,0,0,0,0,0,0,0,0,0,0,0,1,0,0,0,0,0,0,0,0,0,0,,247.07661362651584,,54.40315848062593,
2022/02/21,Fecha 1 vs Independiente,Primer tiempo,14:00:19,16:03:54,arquero,,00:49:54,00:50:00,6.0,"20,97",salvada/atajada,,1.0,,Bueno,,2994.0,0,0,0,0,0,0,0,0,0,0,0,0,0,0,0,0,0,0,0,0,0,0,0,0,0,0,0,0,0,0,0,0,0,0,0,0,0,0,0,0,0,0,0,0,0,0,0,0,0,0,0,0,0,1,0,0,0,0,0,0,,19.546646603348314,,97.41880188495594,
2022/02/21,Fecha 1 vs Independiente,Primer tiempo,14:00:19,16:03:54,pelota parada,,00:49:54,00:50:00,6.0,"0,99",penal,Rival,1.0,"36,65",,,2994.0,0,0,0,0,0,0,0,0,0,0,0,0,0,0,0,0,0,0,0,0,0,0,0,0,0,0,0,0,0,0,0,0,0,0,0,0,0,0,0,0,0,0,0,0,0,0,0,0,0,0,0,0,0,0,0,0,0,0,0,0,4.0,0.0,35.70944904640966,98.69268448991075,65.28945991631193
2022/02/21,Fecha 1 vs Independiente,Primer tiempo,14:00:19,16:03:54,gol rival,,00:49:58,00:50:04,6.0,"0,67",directa,,1.0,,,,2998.0,0,0,0,0,0,0,0,0,0,0,0,0,0,0,0,0,0,0,0,0,0,0,0,0,0,0,0,0,0,0,0,0,0,0,0,0,0,0,0,0,0,0,0,0,0,0,0,0,0,0,0,1,0,0,0,0,0,0,0,0,,0.0,,66.62046828982658,
2022/02/21,Fecha 1 vs Independiente,Primer tiempo,14:00:19,16:03:54,pelota parada,,00:50:30,00:50:36,6.0,"96,100",saque del medio,5,9.0,"56,84",,,3030.0,0,0,0,0,0,0,0,0,0,0,0,0,0,0,0,0,0,0,0,0,0,0,0,0,0,0,0,0,0,0,0,0,0,0,0,0,0,0,0,0,0,0,0,0,0,0,0,0,0,0,0,0,0,0,0,0,0,0,0,0,8.0,95.8514833517323,55.51393886392988,100.1095537199246,84.43848907779307
2022/02/21,Fecha 1 vs Independiente,Primer tiempo,14:00:19,16:03:54,pase,,00:50:34,00:50:40,6.0,"68,77",corto,3,5.0,"62,37",,,3034.0,0,0,0,0,0,0,1,0,0,0,0,0,0,0,0,0,0,0,0,0,0,0,0,0,0,0,0,0,0,0,0,0,0,0,0,0,0,0,0,0,0,0,0,0,0,0,0,0,0,0,0,0,0,0,0,0,0,0,0,0,7.0,67.66325589613194,61.642465587173106,76.71928291743805,36.79938024495676
2022/02/21,Fecha 1 vs Independiente,Primer tiempo,14:00:19,16:03:54,pase,,00:50:39,00:50:45,6.0,"77,15",largo,10,3.0,"193,22",,,3039.0,0,0,0,0,0,0,1,0,0,0,0,0,0,0,0,0,0,0,0,0,0,0,0,0,0,0,0,0,0,0,0,0,0,0,0,0,0,0,0,0,0,0,0,0,0,0,0,0,0,0,0,0,0,0,0,0,0,0,0,0,16.0,77.48899643153298,193.1815346249983,14.731316660391059,21.84430099923241
2022/02/21,Fecha 1 vs Independiente,Primer tiempo,14:00:19,16:03:54,perdida,,00:50:44,00:50:50,6.0,"250,65",robo,,10.0,,,,3044.0,0,0,0,0,0,0,0,0,0,0,0,0,0,0,0,0,0,0,0,0,0,0,0,0,0,0,0,0,0,0,0,0,0,0,0,0,0,0,0,0,0,0,0,0,0,1,0,0,0,0,0,0,0,0,0,0,0,0,0,0,,249.8009638861024,,64.54141388809789,
2022/02/21,Fecha 1 vs Independiente,Primer tiempo,14:00:19,16:03:54,pelota parada,,00:51:11,00:51:17,6.0,"188,36",lateral corto,9,3.0,"263,0",,,3071.0,0,0,0,0,0,0,0,0,0,0,0,0,0,0,0,0,0,0,0,0,0,0,0,0,0,0,0,0,0,0,0,0,0,0,0,0,0,0,0,1,0,0,0,0,0,0,0,0,0,0,0,0,0,0,0,0,0,0,0,0,19.0,188.18921024643294,262.6644297403083,36.10899258433568,0.39424003465459023
2022/02/21,Fecha 1 vs Independiente,Primer tiempo,14:00:19,16:03:54,perdida,,00:51:17,00:51:23,6.0,"233,17",duelo,,9.0,,,,3077.0,0,0,0,0,0,0,0,0,0,0,0,0,0,0,0,0,0,0,0,0,0,0,0,0,0,0,0,0,0,0,0,0,0,0,0,0,0,0,0,0,0,0,0,0,0,0,0,0,0,0,0,0,0,0,0,0,0,0,0,0,,233.15765914500994,,16.50324787000013,
2022/02/21,Fecha 1 vs Independiente,Primer tiempo,14:00:19,16:03:54,recuperacion,,00:51:34,00:51:40,6.0,"84,93",intercepcion,,3.0,,,,3094.0,0,0,0,0,0,0,0,0,0,0,0,0,0,0,0,0,0,0,0,0,0,0,0,0,0,0,0,0,0,0,0,0,0,0,1,0,0,0,0,0,0,0,0,0,0,0,0,0,0,0,0,0,0,0,0,0,0,0,0,0,,83.64975841066445,,93.09904024053765,
2022/02/21,Fecha 1 vs Independiente,Primer tiempo,14:00:19,16:03:54,pase,,00:51:41,00:51:47,6.0,"103,129",corto,4,8.0,"53,143",,,3101.0,0,0,0,0,0,0,1,0,0,0,0,0,0,0,0,0,0,0,0,0,0,0,0,0,0,0,0,0,0,0,0,0,0,0,0,0,0,0,0,0,0,0,0,0,0,0,0,0,0,0,0,0,0,0,0,0,0,0,0,0,9.0,103.14440853822724,53.46653443550897,129.03326222440828,143.08058897414944
2022/02/21,Fecha 1 vs Independiente,Primer tiempo,14:00:19,16:03:54,despeje,,00:51:43,00:51:49,6.0,"69,135",despeje,Rival,4.0,"186,100",,,3103.0,0,0,0,0,0,0,0,0,0,0,0,0,0,0,0,0,0,0,0,0,0,0,0,0,0,0,0,0,0,0,0,0,0,0,0,0,0,0,0,0,0,0,0,0,0,0,0,0,0,0,0,0,0,0,0,0,0,0,0,0,17.0,68.81065367800639,185.77726128511122,134.90101861965087,99.57477438505734
2022/02/21,Fecha 1 vs Independiente,Primer tiempo,14:00:19,16:03:54,duelo,,00:52:15,00:52:21,6.0,"33,111",disputa suelo,,2.0,,,,3135.0,0,0,0,0,0,0,0,0,0,0,0,0,0,0,0,0,0,0,1,0,0,0,0,0,0,0,0,0,0,0,0,0,0,0,0,0,0,1,0,0,0,0,0,0,0,0,0,0,0,0,0,0,0,0,0,0,0,0,0,0,,32.801130158610476,,111.14002411382712,
2022/02/21,Fecha 1 vs Independiente,Primer tiempo,14:00:19,16:03:54,recuperacion,,00:52:18,00:52:24,6.0,"19,98",duelo,,2.0,,,,3138.0,0,0,0,0,0,0,0,0,0,0,0,0,0,0,0,0,0,0,0,0,0,0,0,0,0,0,0,0,0,0,0,0,0,0,0,0,0,0,0,0,0,0,0,0,0,0,0,0,0,0,0,0,0,0,0,0,0,0,0,0,,18.806852648371134,,98.20913394444607,
2022/02/21,Fecha 1 vs Independiente,Primer tiempo,14:00:19,16:03:54,pase,,00:52:18,00:52:24,6.0,"23,102",largo,9,2.0,"179,143",,,3138.0,0,0,0,0,0,0,1,1,0,0,0,0,0,0,0,0,0,0,0,0,0,0,0,0,0,0,0,0,0,0,0,0,0,0,0,0,0,0,0,0,0,0,0,0,0,0,0,0,0,0,0,0,0,0,0,0,0,0,0,0,15.0,22.981063362383342,178.82155546949087,102.35634270754801,142.52631145494172
2022/02/21,Fecha 1 vs Independiente,Primer tiempo,14:00:19,16:03:54,perdida,,00:52:20,00:52:26,6.0,"151,135",intercepcion aereo,,9.0,,,,3140.0,0,0,0,0,0,0,0,0,0,0,0,0,0,0,0,0,0,0,0,0,0,0,0,0,0,0,0,0,0,0,0,0,0,0,0,0,0,0,0,0,0,0,0,0,0,0,1,0,0,0,0,0,0,0,0,0,0,0,0,0,,150.94175809223992,,134.75878377199763,
2022/02/21,Fecha 1 vs Independiente,Primer tiempo,14:00:19,16:03:54,recuperacion,,00:52:25,00:52:31,6.0,"109,152",robo,,10.0,,,,3145.0,0,0,0,0,0,0,0,0,0,0,0,0,0,0,0,0,0,0,0,0,0,0,0,0,0,0,0,0,0,0,0,0,1,0,0,0,0,0,0,0,0,0,0,0,0,0,0,0,0,0,0,0,0,0,0,0,0,0,0,0,,109.26056436198635,,151.83299071232815,
2022/02/21,Fecha 1 vs Independiente,Primer tiempo,14:00:19,16:03:54,falta,,00:52:29,00:52:35,6.0,"90,136",hecha,,10.0,,,,3149.0,0,0,0,0,0,0,0,0,0,0,0,0,0,0,0,0,0,0,0,0,0,0,0,0,0,1,0,0,0,0,0,0,0,0,0,0,0,0,0,0,0,0,0,0,0,0,0,0,0,0,0,0,0,0,0,0,0,0,0,0,,89.86642125686957,,136.37698252053838,
2022/02/21,Fecha 1 vs Independiente,Primer tiempo,14:00:19,16:03:54,pase,,00:07:39,00:07:39,0.0,"261,131",centro aereo,9,8.0,"259,28",,,459.0,0,0,0,0,0,0,0,0,0,0,0,1,0,0,0,0,0,0,0,0,0,0,0,0,0,0,0,0,0,0,0,0,0,0,0,0,0,0,0,0,0,0,0,0,0,0,0,0,0,0,0,0,0,0,0,0,0,0,0,0,20.0,261.16574613542207,258.9864962600109,130.72955119325118,28.071652717506993
2022/02/21,Fecha 1 vs Independiente,Primer tiempo,14:00:19,16:03:54,pase,,00:07:41,00:07:41,0.0,"243,34",corto,7,9.0,"236,70",,,461.0,0,0,0,0,0,0,1,0,0,0,0,0,0,0,0,0,0,0,0,0,0,0,0,0,0,0,0,0,0,0,0,0,0,0,0,0,0,0,0,0,0,0,0,0,0,0,0,0,0,0,0,0,0,0,0,0,0,0,0,0,21.0,243.37255653753036,235.7520796397245,34.33643678640885,70.21177573764179
2022/02/21,Fecha 1 vs Independiente,Primer tiempo,14:00:19,16:03:54,falta,,00:07:42,00:07:42,0.0,"239,83",penal recibido,,7.0,,,,462.0,0,0,0,0,0,0,0,0,0,0,0,0,0,0,0,0,0,0,0,0,0,0,0,0,0,0,0,0,1,0,0,0,0,0,0,0,0,0,0,0,0,0,0,0,0,0,0,0,0,0,0,0,0,0,0,0,0,0,0,0,,238.60025254012578,,83.03310492547268,
2022/02/21,Fecha 1 vs Independiente,Primer tiempo,14:00:19,16:03:54,pase,,00:12:31,00:12:31,0.0,"4,82",s arquero pie,6,1.0,"37,37",,,751.0,0,0,0,0,0,0,1,0,0,0,0,0,0,0,0,0,0,0,0,0,0,0,0,0,0,0,0,0,0,0,0,0,0,0,0,0,0,0,0,0,0,0,0,0,0,0,0,0,0,0,0,0,0,0,0,0,0,0,0,0,2.0,3.780006171054321,36.905304269753444,81.62835675281528,36.855486772917914
2022/02/21,Fecha 1 vs Independiente,Primer tiempo,14:00:19,16:03:54,pase,,00:12:33,00:12:33,0.0,"32,37",medio,3,6.0,"54,2",,,753.0,0,0,0,0,0,0,1,0,0,0,0,0,0,0,0,0,0,0,0,0,0,0,0,0,0,0,0,0,0,0,0,0,0,0,0,0,0,0,0,0,0,0,0,0,0,0,0,0,0,0,0,0,0,0,0,0,0,0,0,0,7.0,31.927826932407708,53.963376708990424,37.24917164887745,2.318480449852828
2022/02/21,Fecha 1 vs Independiente,Primer tiempo,14:00:19,16:03:54,pase,,00:13:42,00:13:42,0.0,"9,133",corto,5,2.0,"60,138",,,822.0,0,0,0,0,0,0,1,0,0,0,0,0,0,0,0,0,0,0,0,0,0,0,0,0,0,0,0,0,0,0,0,0,0,0,0,0,0,0,0,0,0,0,0,0,0,0,0,0,0,0,0,0,0,0,0,0,0,0,0,0,9.0,8.51308639357731,59.88751777069177,132.59105246754353,137.56419800437948
2022/02/21,Fecha 1 vs Independiente,Primer tiempo,14:00:19,16:03:54,pase,,00:13:44,00:13:44,0.0,"55,129",corto,4,5.0,"35,140",,,824.0,0,0,0,0,0,0,1,0,0,0,0,0,0,0,0,0,0,0,0,0,0,0,0,0,0,0,0,0,0,0,0,0,0,0,0,0,0,0,0,0,0,0,0,0,0,0,0,0,0,0,0,0,0,0,0,0,0,0,0,0,6.0,54.547361945554755,35.30044298456377,129.4011880914405,140.3402089446512
2022/02/21,Fecha 1 vs Independiente,Primer tiempo,14:00:19,16:03:54,pase,,00:13:47,00:13:47,0.0,"18,129",corto,2,4.0,"40,114",,,827.0,0,0,0,0,0,0,1,0,0,0,0,0,0,0,0,0,0,0,0,0,0,0,0,0,0,0,0,0,0,0,0,0,0,0,0,0,0,0,0,0,0,0,0,0,0,0,0,0,0,0,0,0,0,0,0,0,0,0,0,0,5.0,18.465829055840036,39.94420416230815,129.16951453774465,114.14404875347729
2022/02/21,Fecha 1 vs Independiente,Primer tiempo,14:00:19,16:03:54,pase,,00:16:43,00:16:43,0.0,"100,152",corto,11,8.0,"100,71",,,1003.0,0,0,0,0,0,0,1,0,0,0,0,0,0,0,0,0,0,0,0,0,0,0,0,0,0,0,0,0,0,0,0,0,0,0,0,0,0,0,0,0,0,0,0,0,0,0,0,0,0,0,0,0,0,0,0,0,0,0,0,0,11.0,100.46498752118347,99.91365812503473,152.37006478336468,70.9259921674267
2022/02/21,Fecha 1 vs Independiente,Primer tiempo,14:00:19,16:03:54,pase,,00:16:46,00:16:46,0.0,"117,88",corto,3,11.0,"116,20",,,1006.0,0,0,0,0,0,0,1,0,0,0,0,0,0,0,0,0,0,0,0,0,0,0,0,0,0,0,0,0,0,0,0,0,0,0,0,0,0,0,0,0,0,0,0,0,0,0,0,0,0,0,0,0,0,0,0,0,0,0,0,0,10.0,116.96745182066735,115.64925273105152,87.58071157622946,19.64642685595295
2022/02/21,Fecha 1 vs Independiente,Primer tiempo,14:00:19,16:03:54,pase,,00:16:56,00:16:56,0.0,"263,27",centro aereo,11,8.0,"270,112",,,1016.0,0,0,0,0,0,0,0,0,0,0,0,1,0,0,0,0,0,0,0,0,0,0,0,0,0,0,0,0,0,0,0,0,0,0,0,0,0,0,0,0,0,0,0,0,0,0,0,0,0,0,0,0,0,0,0,0,0,0,0,0,23.0,262.86319260253885,269.86494832421477,27.154382662272887,112.37837886744703
2022/02/21,Fecha 1 vs Independiente,Primer tiempo,14:00:19,16:03:54,pase,,00:16:56,00:16:56,0.0,"269,112",corto,4,11.0,"257,113",,,1016.0,0,0,0,0,0,0,1,0,0,0,0,0,0,0,0,0,0,0,0,0,0,0,0,0,0,0,0,0,0,0,0,0,0,0,0,0,0,0,0,0,0,0,0,0,0,0,0,0,0,0,0,0,0,0,0,0,0,0,0,0,23.0,269.23163299348244,256.651247337326,111.68550970050919,112.83364480607669
2022/02/21,Fecha 1 vs Independiente,Primer tiempo,14:00:19,16:03:54,pase,,00:19:47,00:19:47,0.0,"128,79",corto,8,2.0,"163,137",,,1187.0,0,0,0,0,0,0,1,0,0,0,0,0,0,0,0,0,0,0,0,0,0,0,0,0,0,0,0,0,0,0,0,0,0,0,0,0,0,0,0,0,0,0,0,0,0,0,0,0,0,0,0,0,0,0,0,0,0,0,0,0,15.0,127.51697824071277,162.5923864114892,78.95546025888468,136.59132149963494
2022/02/21,Fecha 1 vs Independiente,Primer tiempo,14:00:19,16:03:54,pase,,00:19:50,00:19:50,0.0,"142,138",corto,4,8.0,"195,138",,,1190.0,0,0,0,0,0,0,1,0,0,0,0,0,0,0,0,0,0,0,0,0,0,0,0,0,0,0,0,0,0,0,0,0,0,0,0,0,0,0,0,0,0,0,0,0,0,0,0,0,0,0,0,0,0,0,0,0,0,0,0,0,18.0,142.204780714211,195.43100568984647,137.69755524213102,138.20956364845975
2022/02/21,Fecha 1 vs Independiente,Primer tiempo,14:00:19,16:03:54,remate cabeza,,00:19:54,00:19:54,0.0,"239,62",facil,,2.0,,,,1194.0,0,0,0,0,1,0,0,0,0,0,0,0,0,0,0,0,0,0,0,0,0,0,0,0,0,0,0,0,0,0,0,0,0,0,0,0,0,0,0,0,0,0,0,0,0,0,0,0,0,0,0,0,0,0,0,0,0,0,0,0,,238.50235323041366,,62.13655721663301,
2022/02/21,Fecha 1 vs Independiente,Primer tiempo,14:00:19,16:03:54,pase,,00:17:38,00:17:38,0.0,"159,66",corto,4,11.0,"163,130",,,1058.0,0,0,0,0,0,0,1,0,0,0,0,0,0,0,0,0,0,0,0,0,0,0,0,0,0,0,0,0,0,0,0,0,0,0,0,0,0,0,0,0,0,0,0,0,0,0,0,0,0,0,0,0,0,0,0,0,0,0,0,0,15.0,159.47160765835122,162.80502512277053,65.85223482332356,130.43509253258193
2022/02/21,Fecha 1 vs Independiente,Primer tiempo,14:00:19,16:03:54,pase,,00:17:39,00:17:39,0.0,"143,135",corto,9,4.0,"214,123",,,1059.0,0,0,0,0,0,0,1,0,0,0,0,0,0,0,0,0,0,0,0,0,0,0,0,0,0,0,0,0,0,0,0,0,0,0,0,0,0,0,0,0,0,0,0,0,0,0,0,0,0,0,0,0,0,0,0,0,0,0,0,0,18.0,142.84884931102104,213.60958167869416,135.04696291774664,123.29745800277118
2022/02/21,Fecha 1 vs Independiente,Primer tiempo,14:00:19,16:03:54,pase,,00:17:43,00:17:43,0.0,"159,161",corto,4,9.0,"116,122",,,1063.0,0,0,0,0,0,0,1,0,0,0,0,0,0,0,0,0,0,0,0,0,0,0,0,0,0,0,0,0,0,0,0,0,0,0,0,0,0,0,0,0,0,0,0,0,0,0,0,0,0,0,0,0,0,0,0,0,0,0,0,0,12.0,158.6473220393196,116.33159342182886,161.2454940659629,122.47722969597223
2022/02/21,Fecha 1 vs Independiente,Primer tiempo,14:00:19,16:03:54,pase,,00:21:32,00:21:32,0.0,"48,130",corto,8,2.0,"105,154",,,1292.0,0,0,0,0,0,0,1,0,0,0,0,0,0,0,0,0,0,0,0,0,0,0,0,0,0,0,0,0,0,0,0,0,0,0,0,0,0,0,0,0,0,0,0,0,0,0,0,0,0,0,0,0,0,0,0,0,0,0,0,0,12.0,48.49727479952318,104.70745646176826,130.05344370961515,153.59963830698283
2022/02/21,Fecha 1 vs Independiente,Primer tiempo,14:00:19,16:03:54,pase,,00:21:33,00:21:33,0.0,"121,156",corto,5,8.0,"90,83",,,1293.0,0,0,0,0,0,0,1,0,0,0,0,0,0,0,0,0,0,0,0,0,0,0,0,0,0,0,0,0,0,0,0,0,0,0,0,0,0,0,0,0,0,0,0,0,0,0,0,0,0,0,0,0,0,0,0,0,0,0,0,0,11.0,120.68957171362675,89.54751244530041,155.80695994049725,83.27786468336552
2022/02/21,Fecha 1 vs Independiente,Primer tiempo,14:00:19,16:03:54,pase,,00:21:37,00:21:37,0.0,"104,71",medio,3,5.0,"147,8",,,1297.0,0,0,0,0,0,0,1,0,0,0,0,0,0,0,0,0,0,0,0,0,0,0,0,0,0,0,0,0,0,0,0,0,0,0,0,0,0,0,0,0,0,0,0,0,0,0,0,0,0,0,0,0,0,0,0,0,0,0,0,0,13.0,103.66925029507267,147.38334780441178,71.0348244605768,8.364410292219002
2022/02/21,Fecha 1 vs Independiente,Primer tiempo,14:00:19,16:03:54,pase,,00:21:37,00:21:37,0.0,"174,6",corto,5,3.0,"179,34",,,1297.0,0,0,0,0,0,0,1,0,0,0,0,0,0,0,0,0,0,0,0,0,0,0,0,0,0,0,0,0,0,0,0,0,0,0,0,0,0,0,0,0,0,0,0,0,0,0,0,0,0,0,0,0,0,0,0,0,0,0,0,0,13.0,174.33310777598774,179.14750250507905,6.248292102666667,34.15839512483658
2022/02/21,Fecha 1 vs Independiente,Primer tiempo,14:00:19,16:03:54,pase,,00:21:57,00:21:57,0.0,"98,127",corto,2,4.0,"83,145",,,1317.0,0,0,0,0,0,0,1,0,0,0,0,0,0,0,0,0,0,0,0,0,0,0,0,0,0,0,0,0,0,0,0,0,0,0,0,0,0,0,0,0,0,0,0,0,0,0,0,0,0,0,0,0,0,0,0,0,0,0,0,0,9.0,98.23088086391775,82.79370107233208,127.32743321973498,144.95753316121792
2022/02/21,Fecha 1 vs Independiente,Primer tiempo,14:00:19,16:03:54,pase,,00:21:59,00:21:59,0.0,"58,157",corto,5,2.0,"69,68",,,1319.0,0,0,0,0,0,0,1,0,0,0,0,0,0,0,0,0,0,0,0,0,0,0,0,0,0,0,0,0,0,0,0,0,0,0,0,0,0,0,0,0,0,0,0,0,0,0,0,0,0,0,0,0,0,0,0,0,0,0,0,0,8.0,57.552509127695146,69.06286561339587,157.10996895196834,68.40416257520383
2022/02/21,Fecha 1 vs Independiente,Primer tiempo,14:00:19,16:03:54,pase,,00:22:01,00:22:01,0.0,"73,83",corto,2,5.0,"79,133",,,1321.0,0,0,0,0,0,0,1,0,0,0,0,0,0,0,0,0,0,0,0,0,0,0,0,0,0,0,0,0,0,0,0,0,0,0,0,0,0,0,0,0,0,0,0,0,0,0,0,0,0,0,0,0,0,0,0,0,0,0,0,0,9.0,72.68368157114912,79.15750732771855,83.2484684255434,133.0606580389161
2022/02/21,Fecha 1 vs Independiente,Primer tiempo,14:00:19,16:03:54,pase,,00:22:03,00:22:03,0.0,"59,159",corto,5,2.0,"64,70",,,1323.0,0,0,0,0,0,0,1,0,0,0,0,0,0,0,0,0,0,0,0,0,0,0,0,0,0,0,0,0,0,0,0,0,0,0,0,0,0,0,0,0,0,0,0,0,0,0,0,0,0,0,0,0,0,0,0,0,0,0,0,0,8.0,58.63826983965862,63.65010408686753,159.22101439341859,69.58609300618087
2022/02/21,Fecha 1 vs Independiente,Primer tiempo,14:00:19,16:03:54,pase,,00:22:05,00:22:05,0.0,"79,65",corto,1,5.0,"14,122",,,1325.0,0,0,0,0,0,0,1,0,0,0,0,0,0,0,0,0,0,0,0,0,0,0,0,0,0,0,0,0,0,0,0,0,0,0,0,0,0,0,0,0,0,0,0,0,0,0,0,0,0,0,0,0,0,0,0,0,0,0,0,0,5.0,78.59781439188214,13.500640913315323,64.73109761772257,122.20670823773195
2022/02/21,Fecha 1 vs Independiente,Primer tiempo,14:00:19,16:03:54,pase,,00:22:09,00:22:09,0.0,"27,111",corto,6,1.0,"17,70",,,1329.0,0,0,0,0,0,0,1,0,0,0,0,0,0,0,0,0,0,0,0,0,0,0,0,0,0,0,0,0,0,0,0,0,0,0,0,0,0,0,0,0,0,0,0,0,0,0,0,0,0,0,0,0,0,0,0,0,0,0,0,0,4.0,26.738244206056528,17.048383238437644,110.69622409924986,69.89533063718629
2022/02/21,Fecha 1 vs Independiente,Primer tiempo,14:00:19,16:03:54,pase,,00:22:15,00:22:15,0.0,"53,74",medio,2,6.0,"77,154",,,1335.0,0,0,0,0,0,0,1,0,0,0,0,0,0,0,0,0,0,0,0,0,0,0,0,0,0,0,0,0,0,0,0,0,0,0,0,0,0,0,0,0,0,0,0,0,0,0,0,0,0,0,0,0,0,0,0,0,0,0,0,0,9.0,53.40046070430782,76.56646130508128,73.77675653343101,153.69640915991505
2022/02/21,Fecha 1 vs Independiente,Primer tiempo,14:00:19,16:03:54,pase,,00:22:17,00:22:17,0.0,"48,158",corto,8,2.0,"125,123",,,1337.0,0,0,0,0,0,0,1,0,0,0,0,0,0,0,0,0,0,0,0,0,0,0,0,0,0,0,0,0,0,0,0,0,0,0,0,0,0,0,0,0,0,0,0,0,0,0,0,0,0,0,0,0,0,0,0,0,0,0,0,0,12.0,47.82397636084517,124.89579194050006,158.3170535707839,123.35787854965402
2022/02/21,Fecha 1 vs Independiente,Primer tiempo,14:00:19,16:03:54,perdida,,00:22:19,00:22:19,0.0,"116,146",robo,,8.0,,,,1339.0,0,0,0,0,0,0,0,0,0,0,0,0,0,0,0,0,0,0,0,0,0,0,0,0,0,0,0,0,0,0,0,0,0,0,0,0,0,0,0,0,0,0,0,0,0,1,0,0,0,0,0,0,0,0,0,0,0,0,0,0,,115.58842093228124,,146.045440559972,
2022/02/21,Fecha 1 vs Independiente,Primer tiempo,14:00:19,16:03:54,pase,,00:23:39,00:23:39,0.0,"51,31",corto,6,3.0,"76,89",,,1419.0,0,0,0,0,0,0,1,0,0,0,0,0,0,0,0,0,0,0,0,0,0,0,0,0,0,0,0,0,0,0,0,0,0,0,0,0,0,0,0,0,0,0,0,0,0,0,0,0,0,0,0,0,0,0,0,0,0,0,0,0,8.0,51.33181704117654,76.47562211052778,30.85595211172214,88.9802088750221
2022/02/21,Fecha 1 vs Independiente,Primer tiempo,14:00:19,16:03:54,pase,,00:23:41,00:23:41,0.0,"79,84",corto,1,6.0,"51,79",,,1421.0,0,0,0,0,0,0,1,0,0,0,0,0,0,0,0,0,0,0,0,0,0,0,0,0,0,0,0,0,0,0,0,0,0,0,0,0,0,0,0,0,0,0,0,0,0,0,0,0,0,0,0,0,0,0,0,0,0,0,0,0,4.0,78.50036147053727,50.72588924459261,84.17744797022516,78.62073870016133
2022/02/21,Fecha 1 vs Independiente,Primer tiempo,14:00:19,16:03:54,pase,,00:23:44,00:23:44,0.0,"53,102",corto,6,1.0,"18,76",,,1424.0,0,0,0,0,0,0,1,0,0,0,0,0,0,0,0,0,0,0,0,0,0,0,0,0,0,0,0,0,0,0,0,0,0,0,0,0,0,0,0,0,0,0,0,0,0,0,0,0,0,0,0,0,0,0,0,0,0,0,0,0,4.0,52.94982243937964,18.41768098554838,101.57581614057995,75.62873470582848
2022/02/21,Fecha 1 vs Independiente,Primer tiempo,14:00:19,16:03:54,perdida,,00:23:59,00:23:59,0.0,"210,24",duelo,,7.0,,,,1439.0,0,0,0,0,0,0,0,0,0,0,0,0,0,0,0,0,0,0,0,0,0,0,0,0,0,0,0,0,0,0,0,0,0,0,0,0,0,0,0,0,0,0,0,0,0,0,0,0,0,0,0,0,0,0,0,0,0,0,0,0,,209.79554972994157,,24.369458438077892,
2022/02/21,Fecha 1 vs Independiente,Primer tiempo,14:00:19,16:03:54,pelota parada,,00:24:30,00:24:30,0.0,"255,27",lateral largo,9,3.0,"267,53",,,1470.0,0,0,0,0,0,0,0,0,0,0,0,0,0,0,0,0,0,0,0,0,0,0,0,0,0,0,0,0,0,0,0,0,0,0,0,0,0,0,0,1,0,0,0,0,0,0,0,0,0,0,0,0,0,0,0,0,0,0,0,0,20.0,254.9302412385405,266.98678815493497,27.373929616297005,53.20242112672055
2022/02/21,Fecha 1 vs Independiente,Primer tiempo,14:00:19,16:03:54,pase,,00:24:31,00:24:31,0.0,"263,60",corto,3,9.0,"267,19",,,1471.0,0,0,0,0,0,0,1,0,0,0,0,0,0,0,0,0,0,0,0,0,0,0,0,0,0,0,0,0,0,0,0,0,0,0,0,0,0,0,0,0,0,0,0,0,0,0,0,0,0,0,0,0,0,0,0,0,0,0,0,0,19.0,262.80496461426094,266.63994589312244,60.05803753951035,18.756425150720773
2022/02/21,Fecha 1 vs Independiente,Primer tiempo,14:00:19,16:03:54,pase,,00:24:34,00:24:34,0.0,"267,23",centro aereo,7,3.0,"272,96",,,1474.0,0,0,0,0,0,0,0,0,0,0,0,0,1,0,0,0,0,0,0,0,0,0,0,0,0,0,0,0,0,0,0,0,0,0,0,0,0,0,0,0,0,0,0,0,0,0,0,0,0,0,0,0,0,0,0,0,0,0,0,0,22.0,266.7801352347739,272.0,23.33853797001546,95.81902008316885
2022/02/21,Fecha 1 vs Independiente,Primer tiempo,14:00:19,16:03:54,perdida,,00:24:35,00:24:35,0.0,"265,8",interceptado,7,3.0,"272,70",,,1475.0,0,0,0,0,0,0,0,0,0,0,0,0,0,0,0,0,0,0,0,0,0,0,0,0,0,0,0,0,0,0,0,0,0,0,0,0,0,0,0,0,0,0,0,0,0,0,1,0,0,0,0,0,0,0,0,0,0,0,0,0,22.0,265.45716146191796,272.0,8.256738935777586,69.86255788368281
2022/02/21,Fecha 1 vs Independiente,Primer tiempo,14:00:19,16:03:54,pase,,00:26:21,00:26:21,0.0,"66,155",corto,6,4.0,"31,135",,,1581.0,0,0,0,0,0,0,1,0,0,0,0,0,0,0,0,0,0,0,0,0,0,0,0,0,0,0,0,0,0,0,0,0,0,0,0,0,0,0,0,0,0,0,0,0,0,0,0,0,0,0,0,0,0,0,0,0,0,0,0,0,5.0,65.95719632871683,30.715667879787084,155.46666615540454,134.76915719504947
2022/02/21,Fecha 1 vs Independiente,Primer tiempo,14:00:19,16:03:54,pase,,00:26:23,00:26:23,0.0,"66,151",corto,5,6.0,"66,158",,,1583.0,0,0,0,0,0,0,1,0,0,0,0,0,0,0,0,0,0,0,0,0,0,0,0,0,0,0,0,0,0,0,0,0,0,0,0,0,0,0,0,0,0,0,0,0,0,0,0,0,0,0,0,0,0,0,0,0,0,0,0,0,9.0,66.25752710800347,66.2127268817002,151.4276255588427,157.97186302390244
2022/02/21,Fecha 1 vs Independiente,Primer tiempo,14:00:19,16:03:54,pase,,00:26:26,00:26:26,0.0,"68,99",largo,11,5.0,"192,156",,,1586.0,0,0,0,0,0,0,1,0,0,0,0,0,0,0,0,0,0,0,0,0,0,0,0,0,0,0,0,0,0,0,0,0,0,0,0,0,0,0,0,0,0,0,0,0,0,0,0,0,0,0,0,0,0,0,0,0,0,0,0,0,18.0,67.9390756083649,191.64678445716362,98.67683779667236,155.96716149300687
2022/02/21,Fecha 1 vs Independiente,Primer tiempo,14:00:19,16:03:54,pase,,00:26:28,00:26:28,0.0,"236,145",centro aereo,Rival,11.0,"236,61",,,1588.0,0,0,0,0,0,0,0,0,0,0,0,1,0,0,0,0,0,0,0,0,0,0,0,0,0,0,0,0,0,0,0,0,0,0,0,0,0,0,0,0,0,0,0,0,0,0,0,0,0,0,0,0,0,0,0,0,0,0,0,0,21.0,236.20553369103808,235.75759454735814,144.80696826560208,61.34834286726647
2022/02/21,Fecha 1 vs Independiente,Primer tiempo,14:00:19,16:03:54,pase,,00:27:00,00:27:00,0.0,"101,100",medio,3,6.0,"166,24",,,1620.0,0,0,0,0,0,0,1,0,0,0,0,0,0,0,0,0,0,0,0,0,0,0,0,0,0,0,0,0,0,0,0,0,0,0,0,0,0,0,0,0,0,0,0,0,0,0,0,0,0,0,0,0,0,0,0,0,0,0,0,0,13.0,100.52801452511449,165.8565365168033,99.65894357482904,23.71102130668958
2022/02/21,Fecha 1 vs Independiente,Primer tiempo,14:00:19,16:03:54,pase,,00:27:03,00:27:03,0.0,"150,39",medio,6,3.0,"120,36",,,1623.0,0,0,0,0,0,0,1,0,0,0,0,0,0,0,0,0,0,0,0,0,0,0,0,0,0,0,0,0,0,0,0,0,0,0,0,0,0,0,0,0,0,0,0,0,0,0,0,0,0,0,0,0,0,0,0,0,0,0,0,0,10.0,149.91669154311234,119.98096362799609,39.00590154946918,35.565486949370836
2022/02/21,Fecha 1 vs Independiente,Primer tiempo,14:00:19,16:03:54,pase,,00:27:13,00:27:13,0.0,"57,65",largo,3,1.0,"142,9",,,1633.0,0,0,0,0,0,0,1,0,0,0,0,0,0,0,0,0,0,0,0,0,0,0,0,0,0,0,0,0,0,0,0,0,0,0,0,0,0,0,0,0,0,0,0,0,0,0,0,0,0,0,0,0,0,0,0,0,0,0,0,0,13.0,57.028879576772326,142.3753748850193,64.71661702283554,9.070253961985774
2022/02/21,Fecha 1 vs Independiente,Primer tiempo,14:00:19,16:03:54,pase,,00:32:10,00:32:10,0.0,"143,66",inteligente,7,6.0,"241,33",,,1930.0,0,0,0,0,0,0,1,0,0,1,0,0,0,0,0,0,0,0,0,0,0,0,0,0,0,0,0,0,0,0,0,0,0,0,0,0,0,0,0,0,0,0,0,0,0,0,0,0,0,0,0,0,0,0,0,0,0,0,0,0,19.0,142.71015169421995,240.84963016503383,65.57342403844204,33.10801677193173
2022/02/21,Fecha 1 vs Independiente,Primer tiempo,14:00:19,16:03:54,pase,,00:32:14,00:32:14,0.0,"259,35",medio,9,7.0,"230,62",,,1934.0,0,0,0,0,0,0,1,0,0,0,0,0,0,0,0,0,0,0,0,0,0,0,0,0,0,0,0,0,0,0,0,0,0,0,0,0,0,0,0,0,0,0,0,0,0,0,0,0,0,0,0,0,0,0,0,0,0,0,0,0,21.0,258.89231877864773,230.45073029952874,34.682435181830726,61.658535213809444
2022/02/21,Fecha 1 vs Independiente,Primer tiempo,14:00:19,16:03:54,pase,,00:36:54,00:36:54,0.0,"74,37",corto,8,6.0,"122,36",,,2214.0,0,0,0,0,0,0,1,0,0,0,0,0,0,0,0,0,0,0,0,0,0,0,0,0,0,0,0,0,0,0,0,0,0,0,0,0,0,0,0,0,0,0,0,0,0,0,0,0,0,0,0,0,0,0,0,0,0,0,0,0,10.0,74.02713863511372,121.70308232288522,36.92761112526259,35.552922154958374
2022/02/21,Fecha 1 vs Independiente,Primer tiempo,14:00:19,16:03:54,pase,,00:36:56,00:36:56,0.0,"93,29",corto,5,8.0,"102,77",,,2216.0,0,0,0,0,0,0,1,0,0,0,0,0,0,0,0,0,0,0,0,0,0,0,0,0,0,0,0,0,0,0,0,0,0,0,0,0,0,0,0,0,0,0,0,0,0,0,0,0,0,0,0,0,0,0,0,0,0,0,0,0,11.0,92.56492521123671,102.441724931706,28.708734326695904,76.52536733925935
2022/02/21,Fecha 1 vs Independiente,Primer tiempo,14:00:19,16:03:54,pase,,00:37:06,00:37:06,0.0,"157,133",corto,11,4.0,"221,135",,,2226.0,0,0,0,0,0,0,1,0,0,0,0,0,0,0,0,0,0,0,0,0,0,0,0,0,0,0,0,0,0,0,0,0,0,0,0,0,0,0,0,0,0,0,0,0,0,0,0,0,0,0,0,0,0,0,0,0,0,0,0,0,18.0,157.30630652456207,221.47223364015886,133.4567355550571,134.77521269209097
2022/02/21,Fecha 1 vs Independiente,Primer tiempo,14:00:19,16:03:54,pase,,00:37:06,00:37:06,0.0,"247,136",centro aereo,9,11.0,"255,80",,,2226.0,0,0,0,0,0,0,0,0,0,0,0,1,0,0,0,0,0,0,0,0,0,0,0,0,0,0,0,0,0,0,0,0,0,0,0,0,0,0,0,0,0,0,0,0,0,0,0,0,0,0,0,0,0,0,0,0,0,0,0,0,22.0,247.34554111508837,254.69573114845664,136.28026855357797,80.06105615744443
2022/02/21,Fecha 1 vs Independiente,Primer tiempo,14:00:19,16:03:54,gol,,00:37:11,00:37:11,0.0,"252,100",directa,,9.0,,,,2231.0,0,0,0,0,0,0,0,0,0,0,0,0,0,0,0,0,0,0,0,0,0,0,0,0,0,0,0,0,0,0,0,0,0,0,0,0,0,0,0,0,0,0,0,0,0,0,0,0,0,0,0,0,0,0,0,0,0,0,0,0,,251.56747787795626,,100.11563017685611,
2022/02/21,Fecha 1 vs Independiente,Primer tiempo,14:00:19,16:03:54,pase,,00:38:49,00:38:49,0.0,"58,18",corto,6,3.0,"9,19",,,2329.0,0,0,0,0,0,0,1,0,0,0,0,0,0,0,0,0,0,0,0,0,0,0,0,0,0,0,0,0,0,0,0,0,0,0,0,0,0,0,0,0,0,0,0,0,0,0,0,0,0,0,0,0,0,0,0,0,0,0,0,0,1.0,57.73697384464793,9.014144755579515,18.27656161875477,19.348676846622023
2022/02/21,Fecha 1 vs Independiente,Primer tiempo,14:00:19,16:03:54,pase,,00:38:52,00:38:52,0.0,"34,35",medio,10,6.0,"125,7",,,2332.0,0,0,0,0,0,0,1,0,0,0,0,0,0,0,0,0,0,0,0,0,0,0,0,0,0,0,0,0,0,0,0,0,0,0,0,0,0,0,0,0,0,0,0,0,0,0,0,0,0,0,0,0,0,0,0,0,0,0,0,0,10.0,34.187938691753686,124.88610107327506,35.11764923466021,7.2063063627505635
2022/02/21,Fecha 1 vs Independiente,Primer tiempo,14:00:19,16:03:54,pase,,00:38:54,00:38:54,0.0,"108,36",corto,9,10.0,"158,13",,,2334.0,0,0,0,0,0,0,1,0,0,0,0,0,0,0,0,0,0,0,0,0,0,0,0,0,0,0,0,0,0,0,0,0,0,0,0,0,0,0,0,0,0,0,0,0,0,0,0,0,0,0,0,0,0,0,0,0,0,0,0,0,13.0,107.67244845026833,157.9802354582175,36.02831271546658,13.31654016718284
2022/02/21,Fecha 1 vs Independiente,Primer tiempo,14:00:19,16:03:54,pase,,00:38:55,00:38:55,0.0,"146,32",corto,10,9.0,"143,81",,,2335.0,0,0,0,0,0,0,1,0,0,0,0,0,0,0,0,0,0,0,0,0,0,0,0,0,0,0,0,0,0,0,0,0,0,0,0,0,0,0,0,0,0,0,0,0,0,0,0,0,0,0,0,0,0,0,0,0,0,0,0,0,14.0,146.34587566856604,143.22609367564286,31.975078089772765,81.44347794941856
2022/02/21,Fecha 1 vs Independiente,Primer tiempo,14:00:19,16:03:54,pase,,00:38:57,00:38:57,0.0,"161,93",corto,11,9.0,"168,85",,,2337.0,0,0,0,0,0,0,1,0,0,0,0,0,0,0,0,0,0,0,0,0,0,0,0,0,0,0,0,0,0,0,0,0,0,0,0,0,0,0,0,0,0,0,0,0,0,0,0,0,0,0,0,0,0,0,0,0,0,0,0,0,14.0,161.03224024773448,167.6918682022717,93.44035350906012,85.45593316097776
2022/02/21,Fecha 1 vs Independiente,Primer tiempo,14:00:19,16:03:54,perdida,,00:38:58,00:38:58,0.0,"157,67",robo,,11.0,,,,2338.0,0,0,0,0,0,0,0,0,0,0,0,0,0,0,0,0,0,0,0,0,0,0,0,0,0,0,0,0,0,0,0,0,0,0,0,0,0,0,0,0,0,0,0,0,0,1,0,0,0,0,0,0,0,0,0,0,0,0,0,0,,156.70381380968124,,67.03828535655404,
2022/02/21,Fecha 1 vs Independiente,Primer tiempo,14:00:19,16:03:54,pase,,00:43:12,00:43:12,0.0,"215,22",inteligente,9,3.0,"220,66",,,2592.0,0,0,0,0,0,0,1,0,0,1,0,0,0,0,0,0,0,0,0,0,0,0,0,0,0,0,0,0,0,0,0,0,0,0,0,0,0,0,0,0,0,0,0,0,0,0,0,0,0,0,0,0,0,0,0,0,0,0,0,0,17.0,215.41863686863005,219.54184928300916,22.492077972623015,66.21619240107182
2022/02/21,Fecha 1 vs Independiente,Primer tiempo,14:00:19,16:03:54,pase,,00:43:13,00:43:13,0.0,"206,70",corto,11,9.0,"201,141",,,2593.0,0,0,0,0,0,1,1,0,0,0,0,0,0,0,0,0,0,0,0,0,0,0,0,0,0,0,0,0,0,0,0,0,0,0,0,0,0,0,0,0,0,0,0,0,0,0,0,0,0,0,0,0,0,0,0,0,0,0,0,0,18.0,206.49802862105366,201.15521152792735,70.13353530537945,141.427111039168
2022/02/21,Fecha 1 vs Independiente,Primer tiempo,14:00:19,16:03:54,remate pie,,00:43:15,00:43:15,0.0,"212,152",media distancia,Rival,11.0,"259,92",,,2595.0,1,0,0,0,0,0,0,0,0,0,0,0,0,0,0,0,0,0,0,0,0,0,0,0,0,0,0,0,0,0,0,0,0,0,0,0,0,0,0,0,0,0,0,0,0,0,0,0,0,0,0,0,0,0,0,0,0,0,0,0,22.0,212.44829465714932,258.93022013488826,151.8742773361002,91.80251004850678
2022/02/21,Fecha 1 vs Independiente,Primer tiempo,14:00:19,16:03:54,gol,,00:43:15,00:43:15,0.0,"212,135",directa,,11.0,,,,2595.0,0,0,0,0,0,0,0,0,0,0,0,0,0,0,0,0,0,0,0,0,0,0,0,0,0,0,0,0,0,0,0,0,0,0,0,0,0,0,0,0,0,0,0,0,0,0,0,0,0,0,0,0,0,0,0,0,0,0,0,0,,211.81295390638573,,135.13674998307604,
2022/02/21,Fecha 1 vs Independiente,Primer tiempo,14:00:19,16:03:54,pase,,00:32:51,00:32:51,0.0,"165,136",medio,9,4.0,"193,158",,,1971.0,0,0,0,0,0,0,1,0,0,0,0,0,0,0,0,0,0,0,0,0,0,0,0,0,0,0,0,0,0,0,0,0,0,0,0,0,0,0,0,0,0,0,0,0,0,0,0,0,0,0,0,0,0,0,0,0,0,0,0,0,18.0,164.6628210397425,192.5431431114063,135.76543913387465,158.3928020412099
