Session.Start.Date,partido,tiempo,Session.Start,Session.End,Evento,Tag.Notes,Tag.Start,Tag.End,Tag.Duration.(secs),coord.inicial,Subevento,Jugador.2,Jugador.1,coord.final,Optional.Column,segundos,remate-Gol,remate-Fuera,remate-Al-arco,remate-Interceptado,remate-Cabeza,pase-Asistencia,pase-Completado,pase-Incompleto,pase-Inteligente,centro-Asistencia,centro-Completado,centro-Interceptado,centro-Bloqueado,centro-Fuera,duelo-Aereo-Perdido,duelo-Aereo-Ganado,duelo-Disputa-suelo-Perdida,duelo-Disputa-suelo-Ganada,duelo-Gambeta-contra-Ganada,duelo-Gambeta-contra-Perdida,duelo-Gambeta-favor-Perdida,duelo-Gambeta-favor-Ganada,duelo-Pivote-Perdido,duelo-Pivote-Ganado,falta-Cometida,falta-Recibida,falta-Penal-cometido,falta-Penal-recibido,falta-Offside,falta-Tarjeta-amarilla,falta-Tarjeta-roja,recuperacion-Robo,recuperacion-Encontrada,recuperacion-Intercepcion-suelo,recuperacion-Intercepcion-aereo,recuperacion-Intercepcion-anticipo,recuperacion-Disputa-suelo,parado-Lateral-interceptado,parado-Lateral-completado,parado-Corner-interceptado,parado-Corner-completado,parado-Tiro-libre-incompleto,parado-Tiro-libre-completado,perdida-Gambeta,perdida-Robo,perdida-Intercepcion,perdida-Error-tecnico,perdida-Balon-fuera,perdida-Error-tactico,perdida-Atajada,arquero-Gol-rival,arquero-Gol-rival-atajable,arquero-Atajada,arquero-Intercepcion-aerea,arquero-Intercepcion,arquero-Anticipo,arquero-Saque-mano,arquero-Saque-pie,arquero-Saque-meta,coord.final.num,coord.inicial.x,coord.final.x,coord.inicial.y,coord.final.y
2022/06/09,Gimnasia,GELP_FECHA1T,13:51:08,16:13:33,duelo,,00:22:41,00:22:41,0.0,"191,4",gambeta a favor,,10.0,,,1361.0,0,0,0,0,0,0,0,0,0,0,0,0,0,0,0,0,0,0,0,0,0,1,0,0,0,0,0,0,0,0,0,0,0,0,0,0,0,0,0,0,0,0,0,0,0,0,0,0,0,0,0,0,0,0,0,0,0,0,0,,191.36258263714555,,3.890035635183679,
2022/06/09,Gimnasia,GELP_FECHA1T,13:51:08,16:13:33,perdida,,00:22:42,00:22:42,0.0,"212,26",robo,,10.0,,,1362.0,0,0,0,0,0,0,0,0,0,0,0,0,0,0,0,0,0,0,0,0,0,0,0,0,0,0,0,0,0,0,0,0,0,0,0,0,0,0,0,0,0,0,0,0,1,0,0,0,0,0,0,0,0,0,0,0,0,0,0,,211.67070528634628,,26.015066331706365,
2022/06/09,Gimnasia,GELP_FECHA1T,13:51:08,16:13:33,recuperacion,,00:22:44,00:22:44,0.0,"215,39",intercepcion anticipo,,11.0,,,1364.0,0,0,0,0,0,0,0,0,0,0,0,0,0,0,0,0,0,0,0,0,0,0,0,0,0,0,0,0,0,0,0,0,0,0,0,1,0,0,0,0,0,0,0,0,0,0,0,0,0,0,0,0,0,0,0,0,0,0,0,,215.06852204318776,,38.55710196427191,
2022/06/09,Gimnasia,GELP_FECHA1T,13:51:08,16:13:33,duelo,,00:22:54,00:22:54,0.0,"146,81",disputa suelo,,9.0,,,1374.0,0,0,0,0,0,0,0,0,0,0,0,0,0,0,0,0,1,0,0,0,0,0,0,0,0,0,0,0,0,0,0,0,0,0,0,0,0,0,0,0,0,0,0,0,0,0,0,0,0,0,0,0,0,0,0,0,0,0,0,,146.48325647012464,,81.22452986138214,
2022/06/09,Gimnasia,GELP_FECHA1T,13:51:08,16:13:33,perdida,,00:22:54,00:22:54,0.0,"150,81",duelo,,9.0,,,1374.0,0,0,0,0,0,0,0,0,0,0,0,0,0,0,0,0,0,0,0,0,0,0,0,0,0,0,0,0,0,0,0,0,0,0,0,0,0,0,0,0,0,0,0,1,0,0,0,0,0,0,0,0,0,0,0,0,0,0,0,,150.21390112187623,,80.50862389680495,
2022/06/09,Gimnasia,GELP_FECHA1T,13:51:08,16:13:33,recuperacion,,00:22:56,00:22:56,0.0,"164,93",intercepcion,,8.0,,,1376.0,0,0,0,0,0,0,0,0,0,0,0,0,0,0,0,0,0,0,0,0,0,0,0,0,0,0,0,0,0,0,0,0,0,1,0,0,0,0,0,0,0,0,0,0,0,0,0,0,0,0,0,0,0,0,0,0,0,0,0,,163.94903177562765,,92.99206539587439,
2022/06/09,Gimnasia,GELP_FECHA1T,13:51:08,16:13:33,perdida,,00:23:03,00:23:03,0.0,"193,17",error tecnico,,10.0,,,1383.0,0,0,0,0,0,0,0,0,0,0,0,0,0,0,0,0,0,0,0,0,0,0,0,0,0,0,0,0,0,0,0,0,0,0,0,0,0,0,0,0,0,0,0,0,0,0,1,0,0,0,0,0,0,0,0,0,0,0,0,,192.53119550697213,,17.305344190882256,
2022/06/09,Gimnasia,GELP_FECHA1T,13:51:08,16:13:33,duelo,,00:23:34,00:23:34,0.0,"104,134",aereo,,4.0,,,1414.0,0,0,0,0,0,0,0,0,0,0,0,0,0,0,1,0,0,0,0,0,0,0,0,0,0,0,0,0,0,0,0,0,0,0,0,0,0,0,0,0,0,0,0,0,0,0,0,0,0,0,0,0,0,0,0,0,0,0,0,,104.10453995116993,,134.41823835475245,
2022/06/09,Gimnasia,GELP_FECHA1T,13:51:08,16:13:33,perdida,,00:23:35,00:23:35,0.0,"87,156",duelo,,4.0,,,1415.0,0,0,0,0,0,0,0,0,0,0,0,0,0,0,0,0,0,0,0,0,0,0,0,0,0,0,0,0,0,0,0,0,0,0,0,0,0,0,0,0,0,0,0,1,0,0,0,0,0,0,0,0,0,0,0,0,0,0,0,,87.26285183640746,,155.8088011117301,
2022/06/09,Gimnasia,GELP_FECHA1T,13:51:08,16:13:33,recuperacion,,00:23:40,00:23:40,0.0,"51,133",intercepcion anticipo,,5.0,,,1420.0,0,0,0,0,0,0,0,0,0,0,0,0,0,0,0,0,0,0,0,0,0,0,0,0,0,0,0,0,0,0,0,0,0,0,0,1,0,0,0,0,0,0,0,0,0,0,0,0,0,0,0,0,0,0,0,0,0,0,0,,51.30764609770838,,133.0314896785074,
2022/06/09,Gimnasia,GELP_FECHA1T,13:51:08,16:13:33,perdida,,00:23:45,00:23:45,0.0,"51,158",balon afuera lateral,,4.0,,,1425.0,0,0,0,0,0,0,0,0,0,0,0,0,0,0,0,0,0,0,0,0,0,0,0,0,0,0,0,0,0,0,0,0,0,0,0,0,0,0,0,0,0,0,0,0,0,0,0,1,0,0,0,0,0,0,0,0,0,0,0,,51.10257114029752,,158.38624850905458,
2022/06/09,Gimnasia,GELP_FECHA1T,13:51:08,16:13:33,recuperacion,,00:24:13,00:24:13,0.0,"81,99",intercepcion anticipo,,10.0,,,1453.0,0,0,0,0,0,0,0,0,0,0,0,0,0,0,0,0,0,0,0,0,0,0,0,0,0,0,0,0,0,0,0,0,0,0,0,1,0,0,0,0,0,0,0,0,0,0,0,0,0,0,0,0,0,0,0,0,0,0,0,,80.70266948375284,,99.33342323354547,
2022/06/09,Gimnasia,GELP_FECHA1T,13:51:08,16:13:33,perdida,,00:24:17,00:24:17,0.0,"114,76",interceptado,11,10.0,"112,21",,1457.0,0,0,0,0,0,0,0,0,0,0,0,0,0,0,0,0,0,0,0,0,0,0,0,0,0,0,0,0,0,0,0,0,0,0,0,0,0,0,0,0,0,0,0,0,0,1,0,0,0,0,0,0,0,0,0,0,0,0,0,10.0,113.54729512674874,111.61834682289752,75.56706238812454,20.836273376029673
2022/06/09,Gimnasia,GELP_FECHA1T,13:51:08,16:13:33,recuperacion,,00:25:14,00:25:14,0.0,"35,25",robo,,10.0,,,1514.0,0,0,0,0,0,0,0,0,0,0,0,0,0,0,0,0,0,0,0,0,0,0,0,0,0,0,0,0,0,0,0,1,0,0,0,0,0,0,0,0,0,0,0,0,0,0,0,0,0,0,0,0,0,0,0,0,0,0,0,,34.878505500275345,,24.61914727785785,
2022/06/09,Gimnasia,GELP_FECHA1T,13:51:08,16:13:33,duelo,,00:25:17,00:25:17,0.0,"86,22",gambeta a favor,,8.0,,,1517.0,0,0,0,0,0,0,0,0,0,0,0,0,0,0,0,0,0,0,0,0,0,1,0,0,0,0,0,0,0,0,0,0,0,0,0,0,0,0,0,0,0,0,0,0,0,0,0,0,0,0,0,0,0,0,0,0,0,0,0,,85.74517941028088,,21.724686593426544,
2022/06/09,Gimnasia,GELP_FECHA1T,13:51:08,16:13:33,duelo,,00:25:49,00:25:49,0.0,"116,65",aereo,,9.0,,,1549.0,0,0,0,0,0,0,0,0,0,0,0,0,0,0,1,0,0,0,0,0,0,0,0,0,0,0,0,0,0,0,0,0,0,0,0,0,0,0,0,0,0,0,0,0,0,0,0,0,0,0,0,0,0,0,0,0,0,0,0,,116.41626311145502,,65.01388529468174,
2022/06/09,Gimnasia,GELP_FECHA1T,13:51:08,16:13:33,perdida,,00:25:50,00:25:50,0.0,"112,98",duelo,,9.0,,,1550.0,0,0,0,0,0,0,0,0,0,0,0,0,0,0,0,0,0,0,0,0,0,0,0,0,0,0,0,0,0,0,0,0,0,0,0,0,0,0,0,0,0,0,0,1,0,0,0,0,0,0,0,0,0,0,0,0,0,0,0,,112.0690327702116,,98.07665409872476,
2022/06/09,Gimnasia,GELP_FECHA1T,13:51:08,16:13:33,recuperacion,,00:25:51,00:25:51,0.0,"94,76",intercepcion,,5.0,,,1551.0,0,0,0,0,0,0,0,0,0,0,0,0,0,0,0,0,0,0,0,0,0,0,0,0,0,0,0,0,0,0,0,0,0,1,0,0,0,0,0,0,0,0,0,0,0,0,0,0,0,0,0,0,0,0,0,0,0,0,0,,93.96219163453237,,75.96331602958686,
2022/06/09,Gimnasia,GELP_FECHA1T,13:51:08,16:13:33,pelota parada,,00:26:18,00:26:18,0.0,"99,138",lateral largo,11,4.0,"161,157",,1578.0,0,0,0,0,0,0,0,0,0,0,0,0,0,0,0,0,0,0,0,0,0,0,0,0,0,0,0,0,0,0,0,0,0,0,0,0,0,0,1,0,0,0,0,0,0,0,0,0,0,0,0,0,0,0,0,0,0,0,0,15.0,98.93964733456525,161.4119164371758,138.49889102201627,157.18047216345394
2022/06/09,Gimnasia,GELP_FECHA1T,13:51:08,16:13:33,perdida,,00:26:25,00:26:25,0.0,"216,160",balon afuera lateral,,9.0,,,1585.0,0,0,0,0,0,0,0,0,0,0,0,0,0,0,0,0,0,0,0,0,0,0,0,0,0,0,0,0,0,0,0,0,0,0,0,0,0,0,0,0,0,0,0,0,0,0,0,1,0,0,0,0,0,0,0,0,0,0,0,,215.52068622189796,,159.82278868465926,
2022/06/09,Gimnasia,GELP_FECHA1T,13:51:08,16:13:33,duelo,,00:27:10,00:27:10,0.0,"19,150",aereo,,2.0,,,1630.0,0,0,0,0,0,0,0,0,0,0,0,0,0,0,0,1,0,0,0,0,0,0,0,0,0,0,0,0,0,0,0,0,0,0,0,0,0,0,0,0,0,0,0,0,0,0,0,0,0,0,0,0,0,0,0,0,0,0,0,,18.52508323099572,,150.32945526155473,
2022/06/09,Gimnasia,GELP_FECHA1T,13:51:08,16:13:33,recuperacion,,00:27:11,00:27:11,0.0,"9,154",intercepcion aereo,,2.0,,,1631.0,0,0,0,0,0,0,0,0,0,0,0,0,0,0,0,0,0,0,0,0,0,0,0,0,0,0,0,0,0,0,0,0,0,0,1,0,0,0,0,0,0,0,0,0,0,0,0,0,0,0,0,0,0,0,0,0,0,0,0,,9.119998460051937,,154.01883473439003,
2022/06/09,Gimnasia,GELP_FECHA1T,13:51:08,16:13:33,perdida,,00:27:12,00:27:12,0.0,"59,144",interceptado,11,5.0,"78,138",,1632.0,0,0,0,0,0,0,0,0,0,0,0,0,0,0,0,0,0,0,0,0,0,0,0,0,0,0,0,0,0,0,0,0,0,0,0,0,0,0,0,0,0,0,0,0,0,1,0,0,0,0,0,0,0,0,0,0,0,0,0,9.0,59.05719749053943,77.6481535122617,143.99789232828533,137.88553351093032
2022/06/09,Gimnasia,GELP_FECHA1T,13:51:08,16:13:33,duelo,,00:27:26,00:27:26,0.0,"46,67",aereo,,2.0,,,1646.0,0,0,0,0,0,0,0,0,0,0,0,0,0,0,0,1,0,0,0,0,0,0,0,0,0,0,0,0,0,0,0,0,0,0,0,0,0,0,0,0,0,0,0,0,0,0,0,0,0,0,0,0,0,0,0,0,0,0,0,,46.21970489684313,,66.71640278613972,
2022/06/09,Gimnasia,GELP_FECHA1T,13:51:08,16:13:33,recuperacion,,00:27:26,00:27:26,0.0,"42,94",intercepcion aereo,,2.0,,,1646.0,0,0,0,0,0,0,0,0,0,0,0,0,0,0,0,0,0,0,0,0,0,0,0,0,0,0,0,0,0,0,0,0,0,0,1,0,0,0,0,0,0,0,0,0,0,0,0,0,0,0,0,0,0,0,0,0,0,0,0,,42.43327204516301,,93.82001651702906,
2022/06/09,Gimnasia,GELP_FECHA1T,13:51:08,16:13:33,perdida,,00:27:33,00:27:33,0.0,"76,85",error tecnico,,9.0,,,1653.0,0,0,0,0,0,0,0,0,0,0,0,0,0,0,0,0,0,0,0,0,0,0,0,0,0,0,0,0,0,0,0,0,0,0,0,0,0,0,0,0,0,0,0,0,0,0,1,0,0,0,0,0,0,0,0,0,0,0,0,,76.31452799192243,,84.74942410796304,
2022/06/09,Gimnasia,GELP_FECHA1T,13:51:08,16:13:33,pelota parada,,00:28:06,00:28:06,0.0,"87,149",lateral largo,11,4.0,"159,124",,1686.0,0,0,0,0,0,0,0,0,0,0,0,0,0,0,0,0,0,0,0,0,0,0,0,0,0,0,0,0,0,0,0,0,0,0,0,0,0,0,1,0,0,0,0,0,0,0,0,0,0,0,0,0,0,0,0,0,0,0,0,15.0,86.6625677890028,159.1565774774435,149.22234822499777,124.02512669422384
2022/06/09,Gimnasia,GELP_FECHA1T,13:51:08,16:13:33,duelo,,00:28:08,00:28:08,0.0,"157,143",aereo,,11.0,,,1688.0,0,0,0,0,0,0,0,0,0,0,0,0,0,0,0,1,0,0,0,0,0,0,0,0,0,0,0,0,0,0,0,0,0,0,0,0,0,0,0,0,0,0,0,0,0,0,0,0,0,0,0,0,0,0,0,0,0,0,0,,157.12251373331412,,143.39276222460995,
2022/06/09,Gimnasia,GELP_FECHA1T,13:51:08,16:13:33,perdida,,00:28:11,00:28:11,0.0,"146,78",intercepcion aereo,,9.0,,,1691.0,0,0,0,0,0,0,0,0,0,0,0,0,0,0,0,0,0,0,0,0,0,0,0,0,0,0,0,0,0,0,0,0,0,0,0,0,0,0,0,0,0,0,0,0,0,1,0,0,0,0,0,0,0,0,0,0,0,0,0,,146.42896060578278,,77.77393519795008,
2022/06/09,Gimnasia,GELP_FECHA1T,13:51:08,16:13:33,recuperacion,,00:28:32,00:28:32,0.0,"67,156",duelo,,4.0,,,1712.0,0,0,0,0,0,0,0,0,0,0,0,0,0,0,0,0,0,0,0,0,0,0,0,0,0,0,0,0,0,0,0,0,0,0,0,0,1,0,0,0,0,0,0,0,0,0,0,0,0,0,0,0,0,0,0,0,0,0,0,,66.87187188570607,,156.17607201281763,
2022/06/09,Gimnasia,GELP_FECHA1T,13:51:08,16:13:33,pelota parada,,00:28:57,00:28:57,0.0,"79,150",tiro libre,Rival,6.0,"191,86",,1737.0,0,0,0,0,0,0,0,0,0,0,0,0,0,0,0,0,0,0,0,0,0,0,0,0,0,0,0,0,0,0,0,0,0,0,0,0,0,0,0,0,0,0,1,0,0,0,0,0,0,0,0,0,0,0,0,0,0,0,0,17.0,79.11323652783332,190.54637431875244,149.74263882484038,85.55989346704794
2022/06/09,Gimnasia,GELP_FECHA1T,13:51:08,16:13:33,pelota parada,,00:29:22,00:29:22,0.0,"180,151",lateral largo,9,4.0,"213,150",,1762.0,0,0,0,0,0,0,0,0,0,0,0,0,0,0,0,0,0,0,0,0,0,0,0,0,0,0,0,0,0,0,0,0,0,0,0,0,0,0,1,0,0,0,0,0,0,0,0,0,0,0,0,0,0,0,0,0,0,0,0,18.0,179.6648054311279,212.6993915177571,151.0223506743899,149.83477552194006
2022/06/09,Gimnasia,GELP_FECHA1T,13:51:08,16:13:33,pelota parada,,00:30:00,00:30:00,0.0,"266,141",lateral largo,9,4.0,"246,111",,1800.0,0,0,0,0,0,0,0,0,0,0,0,0,0,0,0,0,0,0,0,0,0,0,0,0,0,0,0,0,0,0,0,0,0,0,0,0,0,0,1,0,0,0,0,0,0,0,0,0,0,0,0,0,0,0,0,0,0,0,0,23.0,265.76177991780173,245.5714120245571,141.27524499627367,111.23196611552787
2022/06/09,Gimnasia,GELP_FECHA1T,13:51:08,16:13:33,perdida,,00:30:03,00:30:03,0.0,"263,73",atajada,,8.0,,,1803.0,0,0,0,0,0,0,0,0,0,0,0,0,0,0,0,0,0,0,0,0,0,0,0,0,0,0,0,0,0,0,0,0,0,0,0,0,0,0,0,0,0,0,0,0,0,0,0,0,0,1,0,0,0,0,0,0,0,0,0,,263.25078760818474,,73.28446691297457,
2022/06/09,Gimnasia,GELP_FECHA1T,13:51:08,16:13:33,duelo,,00:30:50,00:30:50,0.0,"52,130",aereo,,4.0,,,1850.0,0,0,0,0,0,0,0,0,0,0,0,0,0,0,0,1,0,0,0,0,0,0,0,0,0,0,0,0,0,0,0,0,0,0,0,0,0,0,0,0,0,0,0,0,0,0,0,0,0,0,0,0,0,0,0,0,0,0,0,,52.101609347347505,,130.42393856090968,
2022/06/09,Gimnasia,GELP_FECHA1T,13:51:08,16:13:33,recuperacion,,00:30:51,00:30:51,0.0,"77,157",intercepcion aereo,,4.0,,,1851.0,0,0,0,0,0,0,0,0,0,0,0,0,0,0,0,0,0,0,0,0,0,0,0,0,0,0,0,0,0,0,0,0,0,0,1,0,0,0,0,0,0,0,0,0,0,0,0,0,0,0,0,0,0,0,0,0,0,0,0,,77.33580320947218,,156.68297151287106,
2022/06/09,Gimnasia,GELP_FECHA1T,13:51:08,16:13:33,perdida,,00:30:54,00:30:54,0.0,"120,135",error tecnico,,9.0,,,1854.0,0,0,0,0,0,0,0,0,0,0,0,0,0,0,0,0,0,0,0,0,0,0,0,0,0,0,0,0,0,0,0,0,0,0,0,0,0,0,0,0,0,0,0,0,0,0,1,0,0,0,0,0,0,0,0,0,0,0,0,,120.03484103100585,,134.91405069182989,
2022/06/09,Gimnasia,GELP_FECHA1T,13:51:08,16:13:33,recuperacion,,00:31:06,00:31:06,0.0,"112,18",encontrada,,3.0,,,1866.0,0,0,0,0,0,0,0,0,0,0,0,0,0,0,0,0,0,0,0,0,0,0,0,0,0,0,0,0,0,0,0,0,1,0,0,0,0,0,0,0,0,0,0,0,0,0,0,0,0,0,0,0,0,0,0,0,0,0,0,,112.32252487934545,,18.29113484800746,
2022/06/09,Gimnasia,GELP_FECHA1T,13:51:08,16:13:33,perdida,,00:31:18,00:31:18,0.0,"200,34",interceptado,11,3.0,"252,92",,1878.0,0,0,0,0,0,0,0,0,0,0,0,0,0,0,0,0,0,0,0,0,0,0,0,0,0,0,0,0,0,0,0,0,0,0,0,0,0,0,0,0,0,0,0,0,0,1,0,0,0,0,0,0,0,0,0,0,0,0,0,21.0,200.00654664192223,252.03451116582306,33.92450763511884,92.3343305148563
2022/06/09,Gimnasia,GELP_FECHA1T,13:51:08,16:13:33,pelota parada,,00:31:54,00:31:54,0.0,"55,24",lateral largo,9,3.0,"100,4",,1914.0,0,0,0,0,0,0,0,0,0,0,0,0,0,0,0,0,0,0,0,0,0,0,0,0,0,0,0,0,0,0,0,0,0,0,0,0,0,0,1,0,0,0,0,0,0,0,0,0,0,0,0,0,0,0,0,0,0,0,0,10.0,54.80674841622516,99.53632729576748,24.08072425888847,3.5894380145812974
2022/06/09,Gimnasia,GELP_FECHA1T,13:51:08,16:13:33,pelota parada,,00:32:25,00:32:25,0.0,"105,16",tiro libre,5,2.0,"119,3",,1945.0,0,0,0,0,0,0,0,0,0,0,0,0,0,0,0,0,0,0,0,0,0,0,0,0,0,0,0,0,0,0,0,0,0,0,0,0,0,0,0,0,0,1,0,0,0,0,0,0,0,0,0,0,0,0,0,0,0,0,0,10.0,105.20854129349618,118.52698003257512,16.405528843554237,3.4978390411622122
2022/06/09,Gimnasia,GELP_FECHA1T,13:51:08,16:13:33,perdida,,00:32:42,00:32:42,0.0,"190,79",error tecnico,,8.0,,,1962.0,0,0,0,0,0,0,0,0,0,0,0,0,0,0,0,0,0,0,0,0,0,0,0,0,0,0,0,0,0,0,0,0,0,0,0,0,0,0,0,0,0,0,0,0,0,0,1,0,0,0,0,0,0,0,0,0,0,0,0,,190.47715173931255,,79.3423494378488,
2022/06/09,Gimnasia,GELP_FECHA1T,13:51:08,16:13:33,duelo,,00:32:50,00:32:50,0.0,"96,66",disputa suelo,,5.0,,,1970.0,0,0,0,0,0,0,0,0,0,0,0,0,0,0,0,0,0,1,0,0,0,0,0,0,0,0,0,0,0,0,0,0,0,0,0,0,0,0,0,0,0,0,0,0,0,0,0,0,0,0,0,0,0,0,0,0,0,0,0,,95.97490343287728,,65.80236027840184,
2022/06/09,Gimnasia,GELP_FECHA1T,13:51:08,16:13:33,recuperacion,,00:32:51,00:32:51,0.0,"103,93",robo,,5.0,,,1971.0,0,0,0,0,0,0,0,0,0,0,0,0,0,0,0,0,0,0,0,0,0,0,0,0,0,0,0,0,0,0,0,1,0,0,0,0,0,0,0,0,0,0,0,0,0,0,0,0,0,0,0,0,0,0,0,0,0,0,0,,102.6156113286483,,92.72915488881824,
2022/06/09,Gimnasia,GELP_FECHA1T,13:51:08,16:13:33,perdida,,00:33:16,00:33:16,0.0,"98,16",error tecnico,,6.0,,,1996.0,0,0,0,0,0,0,0,0,0,0,0,0,0,0,0,0,0,0,0,0,0,0,0,0,0,0,0,0,0,0,0,0,0,0,0,0,0,0,0,0,0,0,0,0,0,0,1,0,0,0,0,0,0,0,0,0,0,0,0,,97.97472898072064,,15.988578257604942,
2022/06/09,Gimnasia,GELP_FECHA1T,13:51:08,16:13:33,recuperacion,,00:33:24,00:33:24,0.0,"90,99",intercepcion anticipo aereo,,6.0,,,2004.0,0,0,0,0,0,0,0,0,0,0,0,0,0,0,0,0,0,0,0,0,0,0,0,0,0,0,0,0,0,0,0,0,0,0,0,1,0,0,0,0,0,0,0,0,0,0,0,0,0,0,0,0,0,0,0,0,0,0,0,,90.46013932061291,,99.24180132751465,
2022/06/09,Gimnasia,GELP_FECHA1T,13:51:08,16:13:33,duelo,,00:33:30,00:33:30,0.0,"165,32",gambeta a favor,,3.0,,,2010.0,0,0,0,0,0,0,0,0,0,0,0,0,0,0,0,0,0,0,0,0,0,1,0,0,0,0,0,0,0,0,0,0,0,0,0,0,0,0,0,0,0,0,0,0,0,0,0,0,0,0,0,0,0,0,0,0,0,0,0,,164.64540531032975,,31.94713701422687,
2022/06/09,Gimnasia,GELP_FECHA1T,13:51:08,16:13:33,perdida,,00:33:32,00:33:32,0.0,"163,3",robo,,3.0,,,2012.0,0,0,0,0,0,0,0,0,0,0,0,0,0,0,0,0,0,0,0,0,0,0,0,0,0,0,0,0,0,0,0,0,0,0,0,0,0,0,0,0,0,0,0,0,1,0,0,0,0,0,0,0,0,0,0,0,0,0,0,,162.8229913021967,,3.2209464326062864,
2022/06/09,Gimnasia,GELP_FECHA1T,13:51:08,16:13:33,recuperacion,,00:33:42,00:33:42,0.0,"96,134",encontrada,,8.0,,,2022.0,0,0,0,0,0,0,0,0,0,0,0,0,0,0,0,0,0,0,0,0,0,0,0,0,0,0,0,0,0,0,0,0,1,0,0,0,0,0,0,0,0,0,0,0,0,0,0,0,0,0,0,0,0,0,0,0,0,0,0,,96.05656093059274,,133.69766555037887,
2022/06/09,Gimnasia,GELP_FECHA1T,13:51:08,16:13:33,perdida,,00:33:59,00:33:59,0.0,"194,143",duelo,,7.0,,,2039.0,0,0,0,0,0,0,0,0,0,0,0,0,0,0,0,0,0,0,0,0,0,0,0,0,0,0,0,0,0,0,0,0,0,0,0,0,0,0,0,0,0,0,0,1,0,0,0,0,0,0,0,0,0,0,0,0,0,0,0,,193.81034809890718,,142.73808335301752,
2022/06/09,Gimnasia,GELP_FECHA1T,13:51:08,16:13:33,duelo,,00:36:35,00:36:35,0.0,"76,130",disputa suelo,,7.0,,,2195.0,0,0,0,0,0,0,0,0,0,0,0,0,0,0,0,0,0,1,0,0,0,0,0,0,0,0,0,0,0,0,0,0,0,0,0,0,0,0,0,0,0,0,0,0,0,0,0,0,0,0,0,0,0,0,0,0,0,0,0,,76.03734527590419,,130.14938599206405,
2022/06/09,Gimnasia,GELP_FECHA1T,13:51:08,16:13:33,recuperacion,,00:36:37,00:36:37,0.0,"57,151",robo,,7.0,,,2197.0,0,0,0,0,0,0,0,0,0,0,0,0,0,0,0,0,0,0,0,0,0,0,0,0,0,0,0,0,0,0,0,1,0,0,0,0,0,0,0,0,0,0,0,0,0,0,0,0,0,0,0,0,0,0,0,0,0,0,0,,56.875628841581246,,150.64076312502644,
2022/06/09,Gimnasia,GELP_FECHA1T,13:51:08,16:13:33,pelota parada,,00:36:51,00:36:51,0.0,"75,158",tiro libre,2,6.0,"53,66",,2211.0,0,0,0,0,0,0,0,0,0,0,0,0,0,0,0,0,0,0,0,0,0,0,0,0,0,0,0,0,0,0,0,0,0,0,0,0,0,0,0,0,0,0,1,0,0,0,0,0,0,0,0,0,0,0,0,0,0,0,0,8.0,75.1888395194992,53.35441211911045,157.74741354771467,66.39008381904182
2022/06/09,Gimnasia,GELP_FECHA1T,13:51:08,16:13:33,pelota parada,,00:37:26,00:37:26,0.0,"213,122",lateral largo,Rival,4.0,"252,107",,2246.0,0,0,0,0,0,0,0,0,0,0,0,0,0,0,0,0,0,0,0,0,0,0,0,0,0,0,0,0,0,0,0,0,0,0,0,0,0,0,1,0,0,0,0,0,0,0,0,0,0,0,0,0,0,0,0,0,0,0,0,23.0,213.0104990306356,252.18595558695833,121.98953647403843,106.62016176931314
2022/06/09,Gimnasia,GELP_FECHA1T,13:51:08,16:13:33,recuperacion,,00:37:29,00:37:29,0.0,"217,91",intercepcion,,9.0,,,2249.0,0,0,0,0,0,0,0,0,0,0,0,0,0,0,0,0,0,0,0,0,0,0,0,0,0,0,0,0,0,0,0,0,0,1,0,0,0,0,0,0,0,0,0,0,0,0,0,0,0,0,0,0,0,0,0,0,0,0,0,,216.89019970108484,,90.58321743133419,
2022/06/09,Gimnasia,GELP_FECHA1T,13:51:08,16:13:33,perdida,,00:37:34,00:37:34,0.0,"223,43",balon afuera fondo,,3.0,,,2254.0,0,0,0,0,0,0,0,0,0,0,0,0,0,0,0,0,0,0,0,0,0,0,0,0,0,0,0,0,0,0,0,0,0,0,0,0,0,0,0,0,0,0,0,0,0,0,0,1,0,0,0,0,0,0,0,0,0,0,0,,223.2295776935331,,42.64154034648286,
2022/06/09,Gimnasia,GELP_FECHA1T,13:51:08,16:13:33,recuperacion,,00:38:42,00:38:42,0.0,"48,142",intercepcion aereo,,6.0,,,2322.0,0,0,0,0,0,0,0,0,0,0,0,0,0,0,0,0,0,0,0,0,0,0,0,0,0,0,0,0,0,0,0,0,0,0,1,0,0,0,0,0,0,0,0,0,0,0,0,0,0,0,0,0,0,0,0,0,0,0,0,,47.70219533970689,,142.00640464044426,
2022/06/09,Gimnasia,GELP_FECHA1T,13:51:08,16:13:33,pelota parada,,00:40:19,00:40:19,0.0,"219,77",tiro libre,Rival,10.0,"231,65",,2419.0,0,0,0,0,0,0,0,0,0,0,0,0,0,0,0,0,0,0,0,0,0,0,0,0,0,0,0,0,0,0,0,0,0,0,0,0,0,0,0,0,0,0,1,0,0,0,0,0,0,0,0,0,0,0,0,0,0,0,0,21.0,218.77569232471117,231.36827268448076,77.05808884441082,64.86017923109662
2022/06/09,Gimnasia,GELP_FECHA1T,13:51:08,16:13:33,pelota parada,,00:41:01,00:41:01,0.0,"246,12",tiro de esquina,Rival,8.0,"244,28",,2461.0,0,0,0,0,0,0,0,0,0,0,0,0,0,0,0,0,0,0,0,0,0,0,0,0,0,0,0,0,0,0,0,0,0,0,0,0,0,0,0,1,0,0,0,0,0,0,0,0,0,0,0,0,0,0,0,0,0,0,0,20.0,246.33006400384852,244.18639556079174,12.065909902535337,28.222572305886047
2022/06/09,Gimnasia,GELP_FECHA1T,13:51:08,16:13:33,perdida,,00:41:03,00:41:03,0.0,"232,9",interceptado,Rival,8.0,"233,41",,2463.0,0,0,0,0,0,0,0,0,0,0,0,0,0,0,0,0,0,0,0,0,0,0,0,0,0,0,0,0,0,0,0,0,0,0,0,0,0,0,0,0,0,0,0,0,0,1,0,0,0,0,0,0,0,0,0,0,0,0,0,20.0,231.75548679203712,232.8342182036626,8.771650943333494,41.408550366511
2022/06/09,Gimnasia,GELP_FECHA1T,13:51:08,16:13:33,recuperacion,,00:42:01,00:42:01,0.0,"23,10",intercepcion anticipo,,2.0,,,2521.0,0,0,0,0,0,0,0,0,0,0,0,0,0,0,0,0,0,0,0,0,0,0,0,0,0,0,0,0,0,0,0,0,0,0,0,1,0,0,0,0,0,0,0,0,0,0,0,0,0,0,0,0,0,0,0,0,0,0,0,,23.306386563049394,,10.181666760616356,
2022/06/09,Gimnasia,GELP_FECHA1T,13:51:08,16:13:33,perdida,,00:42:04,00:42:04,0.0,"120,32",error tecnico,,11.0,,,2524.0,0,0,0,0,0,0,0,0,0,0,0,0,0,0,0,0,0,0,0,0,0,0,0,0,0,0,0,0,0,0,0,0,0,0,0,0,0,0,0,0,0,0,0,0,0,0,1,0,0,0,0,0,0,0,0,0,0,0,0,,120.17580419390305,,32.24217916619668,
2022/06/09,Gimnasia,GELP_FECHA1T,13:51:08,16:13:33,pelota parada,,00:43:08,00:43:08,0.0,"67,130",tiro libre,9,6.0,"199,66",,2588.0,0,0,0,0,0,0,0,0,0,0,0,0,0,0,0,0,0,0,0,0,0,0,0,0,0,0,0,0,0,0,0,0,0,0,0,0,0,0,0,0,0,0,1,0,0,0,0,0,0,0,0,0,0,0,0,0,0,0,0,17.0,66.52258860144936,198.89784090982326,129.98694674919736,65.77608095229502
2022/06/09,Gimnasia,GELP_FECHA1T,13:51:08,16:13:33,duelo,,00:43:08,00:43:08,0.0,"220,72",aereo,,9.0,,,2588.0,0,0,0,0,0,0,0,0,0,0,0,0,0,0,0,1,0,0,0,0,0,0,0,0,0,0,0,0,0,0,0,0,0,0,0,0,0,0,0,0,0,0,0,0,0,0,0,0,0,0,0,0,0,0,0,0,0,0,0,,219.98968499322763,,71.76741219839407,
2022/06/09,Gimnasia,GELP_FECHA1T,13:51:08,16:13:33,pelota parada,,00:43:38,00:43:38,0.0,"269,135",lateral corto,11,4.0,"268,100",,2618.0,0,0,0,0,0,0,0,0,0,0,0,0,0,0,0,0,0,0,0,0,0,0,0,0,0,0,0,0,0,0,0,0,0,0,0,0,0,0,1,0,0,0,0,0,0,0,0,0,0,0,0,0,0,0,0,0,0,0,0,23.0,269.00495281799596,268.21959658108153,134.5703102147036,99.57956339986937
2022/06/09,Gimnasia,GELP_FECHA1T,13:51:08,16:13:33,perdida,,00:43:43,00:43:43,0.0,"264,144",duelo,,4.0,,,2623.0,0,0,0,0,0,0,0,0,0,0,0,0,0,0,0,0,0,0,0,0,0,0,0,0,0,0,0,0,0,0,0,0,0,0,0,0,0,0,0,0,0,0,0,1,0,0,0,0,0,0,0,0,0,0,0,0,0,0,0,,264.2893358867759,,143.9244683065276,
2022/06/09,Gimnasia,GELP_FECHA1T,13:51:08,16:13:33,duelo,,00:44:21,00:44:21,0.0,"35,75",aereo,,6.0,,,2661.0,0,0,0,0,0,0,0,0,0,0,0,0,0,0,0,1,0,0,0,0,0,0,0,0,0,0,0,0,0,0,0,0,0,0,0,0,0,0,0,0,0,0,0,0,0,0,0,0,0,0,0,0,0,0,0,0,0,0,0,,34.546411428067586,,75.02818788557158,
2022/06/09,Gimnasia,GELP_FECHA1T,13:51:08,16:13:33,recuperacion,,00:44:22,00:44:22,0.0,"31,84",intercepcion aereo,,6.0,,,2662.0,0,0,0,0,0,0,0,0,0,0,0,0,0,0,0,0,0,0,0,0,0,0,0,0,0,0,0,0,0,0,0,0,0,0,1,0,0,0,0,0,0,0,0,0,0,0,0,0,0,0,0,0,0,0,0,0,0,0,0,,30.62172633128527,,84.09001168317411,
2022/06/09,Gimnasia,GELP_FECHA1T,13:51:08,16:13:33,perdida,,00:44:31,00:44:31,0.0,"120,20",robo,,10.0,,,2671.0,0,0,0,0,0,0,0,0,0,0,0,0,0,0,0,0,0,0,0,0,0,0,0,0,0,0,0,0,0,0,0,0,0,0,0,0,0,0,0,0,0,0,0,0,1,0,0,0,0,0,0,0,0,0,0,0,0,0,0,,120.29545344234515,,19.826933645810993,
2022/06/09,Gimnasia,GELP_FECHA1T,13:51:08,16:13:33,duelo,,00:45:10,00:45:10,0.0,"48,155",aereo,,2.0,,,2710.0,0,0,0,0,0,0,0,0,0,0,0,0,0,0,0,1,0,0,0,0,0,0,0,0,0,0,0,0,0,0,0,0,0,0,0,0,0,0,0,0,0,0,0,0,0,0,0,0,0,0,0,0,0,0,0,0,0,0,0,,47.86247367720861,,155.42396203029125,
2022/06/09,Gimnasia,GELP_FECHA1T,13:51:08,16:13:33,recuperacion,,00:45:11,00:45:11,0.0,"63,132",intercepcion aereo,,2.0,,,2711.0,0,0,0,0,0,0,0,0,0,0,0,0,0,0,0,0,0,0,0,0,0,0,0,0,0,0,0,0,0,0,0,0,0,0,1,0,0,0,0,0,0,0,0,0,0,0,0,0,0,0,0,0,0,0,0,0,0,0,0,,63.12818303037524,,131.5309268731769,
2022/06/09,Gimnasia,GELP_FECHA1T,13:51:08,16:13:33,pelota parada,,00:46:34,00:46:34,0.0,"248,24",tiro libre,Rival,3.0,"241,90",,2794.0,0,0,0,0,0,0,0,0,0,0,0,0,0,0,0,0,0,0,0,0,0,0,0,0,0,0,0,0,0,0,0,0,0,0,0,0,0,0,0,0,0,1,0,0,0,0,0,0,0,0,0,0,0,0,0,0,0,0,0,21.0,247.76821317650095,241.4363696888455,24.090525832407245,89.59364389076896
2022/06/09,Gimnasia,GELP_FECHA1T,13:51:08,16:13:33,perdida,,00:46:38,00:46:38,0.0,"214,87",robo,,10.0,,,2798.0,0,0,0,0,0,0,0,0,0,0,0,0,0,0,0,0,0,0,0,0,0,0,0,0,0,0,0,0,0,0,0,0,0,0,0,0,0,0,0,0,0,0,0,0,1,0,0,0,0,0,0,0,0,0,0,0,0,0,0,,214.49144888641268,,87.10705268888265,
2022/06/09,Gimnasia,GELP_FECHA1T,13:51:08,16:13:33,duelo,,00:46:47,00:46:47,0.0,"38,76",disputa suelo,,8.0,,,2807.0,0,0,0,0,0,0,0,0,0,0,0,0,0,0,0,0,0,1,0,0,0,0,0,0,0,0,0,0,0,0,0,0,0,0,0,0,0,0,0,0,0,0,0,0,0,0,0,0,0,0,0,0,0,0,0,0,0,0,0,,37.70078713649919,,76.45092975721046,
2022/06/09,Gimnasia,GELP_FECHA1T,13:51:08,16:13:33,recuperacion,,00:46:48,00:46:48,0.0,"33,100",robo,,8.0,,,2808.0,0,0,0,0,0,0,0,0,0,0,0,0,0,0,0,0,0,0,0,0,0,0,0,0,0,0,0,0,0,0,0,1,0,0,0,0,0,0,0,0,0,0,0,0,0,0,0,0,0,0,0,0,0,0,0,0,0,0,0,,33.49737715641598,,100.47290114666406,
2022/06/09,Gimnasia,GELP_FECHA1T,13:51:08,16:13:33,perdida,,00:47:10,00:47:10,0.0,"50,79",intercepcion aereo,9,1.0,"151,64",,2830.0,0,0,0,0,0,0,0,0,0,0,0,0,0,0,0,0,0,0,0,0,0,0,0,0,0,0,0,0,0,0,0,0,0,0,0,0,0,0,0,0,0,0,0,0,0,1,0,0,0,0,0,0,0,0,0,0,0,0,0,14.0,49.9343075511965,151.00181092211142,78.82266426551178,64.35012627677213
2022/06/09,Gimnasia,GELP_FECHA1T,13:51:08,16:13:33,recuperacion,,00:47:13,00:47:13,0.0,"99,156",encontrada,,4.0,,,2833.0,0,0,0,0,0,0,0,0,0,0,0,0,0,0,0,0,0,0,0,0,0,0,0,0,0,0,0,0,0,0,0,0,1,0,0,0,0,0,0,0,0,0,0,0,0,0,0,0,0,0,0,0,0,0,0,0,0,0,0,,99.3008962270523,,155.62015896238705,
2022/06/09,Gimnasia,GELP_FECHA1T,13:51:08,16:13:33,perdida,,00:47:24,00:47:24,0.0,"174,71",interceptado,3,8.0,"187,35",,2844.0,0,0,0,0,0,0,0,0,0,0,0,0,0,0,0,0,0,0,0,0,0,0,0,0,0,0,0,0,0,0,0,0,0,0,0,0,0,0,0,0,0,0,0,0,0,1,0,0,0,0,0,0,0,0,0,0,0,0,0,16.0,174.13267000039716,186.6944613260244,71.16693551601733,34.76128128297486
2022/06/09,Gimnasia,GELP_FECHA1T,13:51:08,16:13:33,duelo,,00:48:10,00:48:10,0.0,"72,146",aereo,,2.0,,,2890.0,0,0,0,0,0,0,0,0,0,0,0,0,0,0,0,1,0,0,0,0,0,0,0,0,0,0,0,0,0,0,0,0,0,0,0,0,0,0,0,0,0,0,0,0,0,0,0,0,0,0,0,0,0,0,0,0,0,0,0,,71.5809777719609,,145.68834795306702,
2022/06/09,Gimnasia,GELP_FECHA1T,13:51:08,16:13:33,perdida,,00:48:41,00:48:41,0.0,"186,21",robo,,9.0,,,2921.0,0,0,0,0,0,0,0,0,0,0,0,0,0,0,0,0,0,0,0,0,0,0,0,0,0,0,0,0,0,0,0,0,0,0,0,0,0,0,0,0,0,0,0,0,1,0,0,0,0,0,0,0,0,0,0,0,0,0,0,,185.9012738710917,,21.224474333454395,
2022/06/09,Gimnasia,GELP_FECHA1T,13:51:08,16:13:33,recuperacion,,00:48:48,00:48:48,0.0,"102,24",intercepcion aereo,,3.0,,,2928.0,0,0,0,0,0,0,0,0,0,0,0,0,0,0,0,0,0,0,0,0,0,0,0,0,0,0,0,0,0,0,0,0,0,0,1,0,0,0,0,0,0,0,0,0,0,0,0,0,0,0,0,0,0,0,0,0,0,0,0,,102.39957196152106,,23.640612636663356,
2022/06/09,Gimnasia,GELP_FECHA1T,13:51:08,16:13:33,duelo,,00:48:52,00:48:52,0.0,"178,76",gambeta a favor,,8.0,,,2932.0,0,0,0,0,0,0,0,0,0,0,0,0,0,0,0,0,0,0,0,0,1,0,0,0,0,0,0,0,0,0,0,0,0,0,0,0,0,0,0,0,0,0,0,0,0,0,0,0,0,0,0,0,0,0,0,0,0,0,0,,177.98936945595565,,75.91599555189072,
2022/06/09,Gimnasia,GELP_FECHA1T,13:51:08,16:13:33,perdida,,00:49:00,00:49:00,0.0,"194,135",balon afuera fondo,,7.0,,,2940.0,0,0,0,0,0,0,0,0,0,0,0,0,0,0,0,0,0,0,0,0,0,0,0,0,0,0,0,0,0,0,0,0,0,0,0,0,0,0,0,0,0,0,0,0,0,0,0,1,0,0,0,0,0,0,0,0,0,0,0,,194.43301664334416,,135.03378840482918,
2022/06/09,Gimnasia,GELP_FECHA1T,13:51:08,16:13:33,pelota parada,,00:50:05,00:50:05,0.0,"118,156",tiro libre,6,5.0,"49,135",,3005.0,0,0,0,0,0,0,0,0,0,0,0,0,0,0,0,0,0,0,0,0,0,0,0,0,0,0,0,0,0,0,0,0,0,0,0,0,0,0,0,0,0,1,0,0,0,0,0,0,0,0,0,0,0,0,0,0,0,0,0,9.0,117.67610363319415,49.07823805110921,156.252873085585,135.16910711310828
2022/06/09,Gimnasia,GELP_FECHA1T,13:51:08,16:13:33,perdida,,00:50:17,00:50:17,0.0,"53,140",interceptado,11,6.0,"211,143",,3017.0,0,0,0,0,0,0,0,0,0,0,0,0,0,0,0,0,0,0,0,0,0,0,0,0,0,0,0,0,0,0,0,0,0,0,0,0,0,0,0,0,0,0,0,0,0,1,0,0,0,0,0,0,0,0,0,0,0,0,0,18.0,53.214967589553694,211.292968612071,139.74897839037502,143.03693784252462
2022/06/09,Gimnasia,GELP_FECHA1T,13:51:08,16:13:33,recuperacion,,00:50:40,00:50:40,0.0,"98,4",intercepcion anticipo,,9.0,,,3040.0,0,0,0,0,0,0,0,0,0,0,0,0,0,0,0,0,0,0,0,0,0,0,0,0,0,0,0,0,0,0,0,0,0,0,0,1,0,0,0,0,0,0,0,0,0,0,0,0,0,0,0,0,0,0,0,0,0,0,0,,98.36347148419543,,3.9925063149906777,
2022/06/09,Gimnasia,GELP_FECHA1T,13:51:08,16:13:33,duelo,,00:50:42,00:50:42,0.0,"129,38",gambeta a favor,,9.0,,,3042.0,0,0,0,0,0,0,0,0,0,0,0,0,0,0,0,0,0,0,0,0,0,1,0,0,0,0,0,0,0,0,0,0,0,0,0,0,0,0,0,0,0,0,0,0,0,0,0,0,0,0,0,0,0,0,0,0,0,0,0,,128.710056509118,,37.74620804759485,
2022/06/09,Gimnasia,GELP_FECHA1T,13:51:08,16:13:33,duelo,,00:51:04,00:51:04,0.0,"202,149",gambeta a favor,,7.0,,,3064.0,0,0,0,0,0,0,0,0,0,0,0,0,0,0,0,0,0,0,0,0,0,1,0,0,0,0,0,0,0,0,0,0,0,0,0,0,0,0,0,0,0,0,0,0,0,0,0,0,0,0,0,0,0,0,0,0,0,0,0,,201.95536720130514,,148.52612276258776,
2022/06/09,Gimnasia,GELP_FECHA1T,13:51:08,16:13:33,perdida,,00:51:08,00:51:08,0.0,"218,100",robo,,7.0,,,3068.0,0,0,0,0,0,0,0,0,0,0,0,0,0,0,0,0,0,0,0,0,0,0,0,0,0,0,0,0,0,0,0,0,0,0,0,0,0,0,0,0,0,0,0,0,1,0,0,0,0,0,0,0,0,0,0,0,0,0,0,,218.06282410005664,,99.86107551351529,
2022/06/09,Gimnasia,GELP_FECHA1T,13:51:08,16:13:33,recuperacion,,00:51:18,00:51:18,0.0,"98,79",intercepcion anticipo aereo,,2.0,,,3078.0,0,0,0,0,0,0,0,0,0,0,0,0,0,0,0,0,0,0,0,0,0,0,0,0,0,0,0,0,0,0,0,0,0,0,0,1,0,0,0,0,0,0,0,0,0,0,0,0,0,0,0,0,0,0,0,0,0,0,0,,97.61974968535452,,78.64377581660646,
2022/06/09,Gimnasia,GELP_FECHA1T,13:51:08,16:13:33,perdida,,00:51:32,00:51:32,0.0,"217,4",intercepcion aereo,11,8.0,"219,89",,3092.0,0,0,0,0,0,0,0,0,0,0,0,0,0,0,0,0,0,0,0,0,0,0,0,0,0,0,0,0,0,0,0,0,0,0,0,0,0,0,0,0,0,0,0,0,0,1,0,0,0,0,0,0,0,0,0,0,0,0,0,21.0,216.68276182326875,219.25074226258087,3.7481295828840437,88.68422851574951
2022/06/09,Gimnasia,GELP_FECHA1T,13:51:08,16:13:33,recuperacion,,00:52:22,00:52:22,0.0,"72,82",encontrada,,6.0,,,3142.0,0,0,0,0,0,0,0,0,0,0,0,0,0,0,0,0,0,0,0,0,0,0,0,0,0,0,0,0,0,0,0,0,1,0,0,0,0,0,0,0,0,0,0,0,0,0,0,0,0,0,0,0,0,0,0,0,0,0,0,,72.2187342542498,,81.9879339828303,
2022/06/09,Gimnasia,GELP_FECHA1T,13:51:08,16:13:33,perdida,,00:52:38,00:52:38,0.0,"80,144",balon afuera lateral,,6.0,,,3158.0,0,0,0,0,0,0,0,0,0,0,0,0,0,0,0,0,0,0,0,0,0,0,0,0,0,0,0,0,0,0,0,0,0,0,0,0,0,0,0,0,0,0,0,0,0,0,0,1,0,0,0,0,0,0,0,0,0,0,0,,79.56933460529187,,143.87905649289934,
2022/06/09,Gimnasia,GELP_FECHA1T,13:51:08,16:13:33,pelota parada,,00:53:32,00:53:32,0.0,"68,134",tiro libre,1,6.0,"15,122",,3212.0,0,0,0,0,0,0,0,0,0,0,0,0,0,0,0,0,0,0,0,0,0,0,0,0,0,0,0,0,0,0,0,0,0,0,0,0,0,0,0,0,0,0,1,0,0,0,0,0,0,0,0,0,0,0,0,0,0,0,0,5.0,68.00190005887394,14.53640599962883,134.24479428258985,122.03770991913575
2022/06/09,Gimnasia,GELP_FECHA1T,13:51:08,16:13:33,duelo,,00:53:42,00:53:42,0.0,"192,25",gambeta a favor,,10.0,,,3222.0,0,0,0,0,0,0,0,0,0,0,0,0,0,0,0,0,0,0,0,0,1,0,0,0,0,0,0,0,0,0,0,0,0,0,0,0,0,0,0,0,0,0,0,0,0,0,0,0,0,0,0,0,0,0,0,0,0,0,0,,191.8579726332347,,25.194550542712072,
2022/06/09,Gimnasia,GELP_FECHA1T,13:51:08,16:13:33,perdida,,00:53:52,00:53:52,0.0,"204,60",balon afuera fondo,,11.0,,,3232.0,0,0,0,0,0,0,0,0,0,0,0,0,0,0,0,0,0,0,0,0,0,0,0,0,0,0,0,0,0,0,0,0,0,0,0,0,0,0,0,0,0,0,0,0,0,0,0,1,0,0,0,0,0,0,0,0,0,0,0,,203.83083377213742,,60.03982518788583,
2022/06/09,Gimnasia,GELP_FECHA1T,13:51:08,16:13:33,recuperacion,,00:54:32,00:54:32,0.0,"168,158",duelo,,7.0,,,3272.0,0,0,0,0,0,0,0,0,0,0,0,0,0,0,0,0,0,0,0,0,0,0,0,0,0,0,0,0,0,0,0,0,0,0,0,0,1,0,0,0,0,0,0,0,0,0,0,0,0,0,0,0,0,0,0,0,0,0,0,,167.82292237303304,,158.43110661565396,
2022/06/09,Gimnasia,GELP_FECHA1T,13:51:08,16:13:33,pelota parada,,00:54:48,00:54:48,0.0,"157,149",lateral largo,Rival,4.0,"215,124",,3288.0,0,0,0,0,0,0,0,0,0,0,0,0,0,0,0,0,0,0,0,0,0,0,0,0,0,0,0,0,0,0,0,0,0,0,0,0,0,0,1,0,0,0,0,0,0,0,0,0,0,0,0,0,0,0,0,0,0,0,0,18.0,157.39389673025798,214.90602223657785,148.8420281694182,124.00894020675626
2022/06/09,Gimnasia,GELP_FECHA1T,13:51:08,16:13:33,duelo,,00:54:50,00:54:50,0.0,"193,152",aereo,,9.0,,,3290.0,0,0,0,0,0,0,0,0,0,0,0,0,0,0,0,1,0,0,0,0,0,0,0,0,0,0,0,0,0,0,0,0,0,0,0,0,0,0,0,0,0,0,0,0,0,0,0,0,0,0,0,0,0,0,0,0,0,0,0,,193.09554416057398,,151.9837814455688,
2022/06/09,Gimnasia,GELP_FECHA1T,13:51:08,16:13:33,perdida,,00:54:50,00:54:50,0.0,"202,142",intercepcion aereo,,9.0,,,3290.0,0,0,0,0,0,0,0,0,0,0,0,0,0,0,0,0,0,0,0,0,0,0,0,0,0,0,0,0,0,0,0,0,0,0,0,0,0,0,0,0,0,0,0,0,0,1,0,0,0,0,0,0,0,0,0,0,0,0,0,,202.3499166234806,,141.66402651106782,
2022/06/09,Gimnasia,GELP_FECHA1T,13:51:08,16:13:33,recuperacion,,00:54:58,00:54:58,0.0,"118,96",encontrada,,2.0,,,3298.0,0,0,0,0,0,0,0,0,0,0,0,0,0,0,0,0,0,0,0,0,0,0,0,0,0,0,0,0,0,0,0,0,1,0,0,0,0,0,0,0,0,0,0,0,0,0,0,0,0,0,0,0,0,0,0,0,0,0,0,,118.19008361493971,,95.90247024564228,
2022/06/09,Gimnasia,GELP_FECHA1T,13:51:08,16:13:33,perdida,,00:55:24,00:55:24,0.0,"266,159",balon afuera lateral,,7.0,,,3324.0,0,0,0,0,0,0,0,0,0,0,0,0,0,0,0,0,0,0,0,0,0,0,0,0,0,0,0,0,0,0,0,0,0,0,0,0,0,0,0,0,0,0,0,0,0,0,0,1,0,0,0,0,0,0,0,0,0,0,0,,265.9247106955394,,158.98442044271405,
2022/06/09,Gimnasia,GELP_FECHA1T,13:51:08,16:13:33,duelo,,00:55:54,00:55:54,0.0,"176,135",aereo,,8.0,,,3354.0,0,0,0,0,0,0,0,0,0,0,0,0,0,0,0,1,0,0,0,0,0,0,0,0,0,0,0,0,0,0,0,0,0,0,0,0,0,0,0,0,0,0,0,0,0,0,0,0,0,0,0,0,0,0,0,0,0,0,0,,176.26720345338285,,134.80850182652642,
2022/06/09,Gimnasia,GELP_FECHA1T,13:51:08,16:13:33,recuperacion,,00:55:58,00:55:58,0.0,"143,133",encontrada,,10.0,,,3358.0,0,0,0,0,0,0,0,0,0,0,0,0,0,0,0,0,0,0,0,0,0,0,0,0,0,0,0,0,0,0,0,0,1,0,0,0,0,0,0,0,0,0,0,0,0,0,0,0,0,0,0,0,0,0,0,0,0,0,0,,142.61048510811688,,133.15694189108385,
2022/06/09,Gimnasia,GELP_FECHA1T,13:51:08,16:13:33,perdida,,00:56:12,00:56:12,0.0,"79,143",error tecnico,,6.0,,,3372.0,0,0,0,0,0,0,0,0,0,0,0,0,0,0,0,0,0,0,0,0,0,0,0,0,0,0,0,0,0,0,0,0,0,0,0,0,0,0,0,0,0,0,0,0,0,0,1,0,0,0,0,0,0,0,0,0,0,0,0,,78.8972023970799,,142.78461906027255,
2022/06/09,Gimnasia,GELP_FECHA1T,13:51:08,16:13:33,pelota parada,,00:56:50,00:56:50,0.0,"113,2",lateral corto,11,3.0,"159,37",,3410.0,0,0,0,0,0,0,0,0,0,0,0,0,0,0,0,0,0,0,0,0,0,0,0,0,0,0,0,0,0,0,0,0,0,0,0,0,0,0,1,0,0,0,0,0,0,0,0,0,0,0,0,0,0,0,0,0,0,0,0,13.0,112.89134325175914,159.13837849435666,2.3505477109773345,36.68934202350338
2022/06/09,Gimnasia,GELP_FECHA1T,13:51:08,16:13:33,perdida,,00:57:07,00:57:07,0.0,"200,98",error tecnico,,11.0,,,3427.0,0,0,0,0,0,0,0,0,0,0,0,0,0,0,0,0,0,0,0,0,0,0,0,0,0,0,0,0,0,0,0,0,0,0,0,0,0,0,0,0,0,0,0,0,0,0,1,0,0,0,0,0,0,0,0,0,0,0,0,,200.10150900982424,,97.67097125072263,
2022/06/09,Gimnasia,GELP_FECHA1T,13:51:08,16:13:33,recuperacion,,00:57:48,00:57:48,0.0,"45,150",intercepcion aereo,,4.0,,,3468.0,0,0,0,0,0,0,0,0,0,0,0,0,0,0,0,0,0,0,0,0,0,0,0,0,0,0,0,0,0,0,0,0,0,0,1,0,0,0,0,0,0,0,0,0,0,0,0,0,0,0,0,0,0,0,0,0,0,0,0,,45.197959869249885,,149.79078587894696,
2022/06/09,Gimnasia,GELP_FECHA1T,13:51:08,16:13:33,perdida,,00:57:55,00:57:55,0.0,"106,120",interceptado,9,8.0,"147,32",,3475.0,0,0,0,0,0,0,0,0,0,0,0,0,0,0,0,0,0,0,0,0,0,0,0,0,0,0,0,0,0,0,0,0,0,0,0,0,0,0,0,0,0,0,0,0,0,1,0,0,0,0,0,0,0,0,0,0,0,0,0,13.0,106.3010920048632,147.48218072925852,119.653355655893,31.527284815120794
2022/06/09,Gimnasia,GELP_FECHA1T,13:51:08,16:13:33,recuperacion,,00:58:34,00:58:34,0.0,"19,131",duelo,,2.0,,,3514.0,0,0,0,0,0,0,0,0,0,0,0,0,0,0,0,0,0,0,0,0,0,0,0,0,0,0,0,0,0,0,0,0,0,0,0,0,1,0,0,0,0,0,0,0,0,0,0,0,0,0,0,0,0,0,0,0,0,0,0,,18.78566163575025,,131.2040000647145,
2022/06/09,Gimnasia,GELP_FECHA1T,13:51:08,16:13:33,pelota parada,,00:59:10,00:59:10,0.0,"64,128",lateral corto,7,4.0,"86,149",,3550.0,0,0,0,0,0,0,0,0,0,0,0,0,0,0,0,0,0,0,0,0,0,0,0,0,0,0,0,0,0,0,0,0,0,0,0,0,0,0,1,0,0,0,0,0,0,0,0,0,0,0,0,0,0,0,0,0,0,0,0,12.0,63.76989788987858,86.14154706093706,128.05341375938553,148.9913818195269
2022/06/09,Gimnasia,GELP_FECHA1T,13:51:08,16:13:33,duelo,,00:59:14,00:59:14,0.0,"94,148",gambeta a favor,,7.0,,,3554.0,0,0,0,0,0,0,0,0,0,0,0,0,0,0,0,0,0,0,0,0,0,1,0,0,0,0,0,0,0,0,0,0,0,0,0,0,0,0,0,0,0,0,0,0,0,0,0,0,0,0,0,0,0,0,0,0,0,0,0,,94.1514973495848,,147.92818801589527,
2022/06/09,Gimnasia,GELP_FECHA1T,13:51:08,16:13:33,pelota parada,,00:59:40,00:59:40,0.0,"250,33",lateral corto,8,3.0,"220,27",,3580.0,0,0,0,0,0,0,0,0,0,0,0,0,0,0,0,0,0,0,0,0,0,0,0,0,0,0,0,0,0,0,0,0,0,0,0,0,0,0,1,0,0,0,0,0,0,0,0,0,0,0,0,0,0,0,0,0,0,0,0,16.0,250.13290407285157,220.05710274884348,32.51624322160637,27.04500395270828
2022/06/09,Gimnasia,GELP_FECHA1T,13:51:08,16:13:33,duelo,,00:59:46,00:59:46,0.0,"92,72",gambeta a favor,,6.0,,,3586.0,0,0,0,0,0,0,0,0,0,0,0,0,0,0,0,0,0,0,0,0,0,1,0,0,0,0,0,0,0,0,0,0,0,0,0,0,0,0,0,0,0,0,0,0,0,0,0,0,0,0,0,0,0,0,0,0,0,0,0,,92.27766496360128,,72.43370918730099,
2022/06/09,Gimnasia,GELP_FECHA1T,13:51:08,16:13:33,perdida,,00:59:53,00:59:53,0.0,"223,122",intercepcion aereo,10,4.0,"253,90",,3593.0,0,0,0,0,0,0,0,0,0,0,0,0,0,0,0,0,0,0,0,0,0,0,0,0,0,0,0,0,0,0,0,0,0,0,0,0,0,0,0,0,0,0,0,0,0,1,0,0,0,0,0,0,0,0,0,0,0,0,0,21.0,222.8739458457226,253.36503957858773,122.27341575501589,90.00064662575639
2022/06/09,Gimnasia,GELP_FECHA1T,13:51:08,16:13:33,duelo,,01:00:33,01:00:33,0.0,"59,149",aereo,,4.0,,,3633.0,0,0,0,0,0,0,0,0,0,0,0,0,0,0,0,1,0,0,0,0,0,0,0,0,0,0,0,0,0,0,0,0,0,0,0,0,0,0,0,0,0,0,0,0,0,0,0,0,0,0,0,0,0,0,0,0,0,0,0,,58.55071621183387,,149.15656520752458,
2022/06/09,Gimnasia,GELP_FECHA1T,13:51:08,16:13:33,recuperacion,,01:00:34,01:00:34,0.0,"64,159",intercepcion aereo,,4.0,,,3634.0,0,0,0,0,0,0,0,0,0,0,0,0,0,0,0,0,0,0,0,0,0,0,0,0,0,0,0,0,0,0,0,0,0,0,1,0,0,0,0,0,0,0,0,0,0,0,0,0,0,0,0,0,0,0,0,0,0,0,0,,63.50384172547379,,158.64921233908274,
2022/06/09,Gimnasia,GELP_FECHA1T,13:51:08,16:13:33,perdida,,01:00:49,01:00:49,0.0,"76,72",interceptado,5,2.0,"70,66",,3649.0,0,0,0,0,0,0,0,0,0,0,0,0,0,0,0,0,0,0,0,0,0,0,0,0,0,0,0,0,0,0,0,0,0,0,0,0,0,0,0,0,0,0,0,0,0,1,0,0,0,0,0,0,0,0,0,0,0,0,0,8.0,76.489803403076,70.06494004870048,71.85257812156483,66.35863276801003
2022/06/09,Gimnasia,GELP_FECHA1T,13:51:08,16:13:33,recuperacion,,01:00:53,01:00:53,0.0,"63,100",robo,,6.0,,,3653.0,0,0,0,0,0,0,0,0,0,0,0,0,0,0,0,0,0,0,0,0,0,0,0,0,0,0,0,0,0,0,0,1,0,0,0,0,0,0,0,0,0,0,0,0,0,0,0,0,0,0,0,0,0,0,0,0,0,0,0,,63.479307456888165,,100.12281805473422,
2022/06/09,Gimnasia,GELP_FECHA1T,13:51:08,16:13:33,duelo,,01:00:58,01:00:58,0.0,"58,91",gambeta a favor,,6.0,,,3658.0,0,0,0,0,0,0,0,0,0,0,0,0,0,0,0,0,0,0,0,0,0,1,0,0,0,0,0,0,0,0,0,0,0,0,0,0,0,0,0,0,0,0,0,0,0,0,0,0,0,0,0,0,0,0,0,0,0,0,0,,58.43438871518403,,90.89856784317735,
2022/06/09,Gimnasia,GELP_FECHA1T,13:51:08,16:13:33,pelota parada,,01:01:12,01:01:12,0.0,"250,1",lateral largo,11,9.0,"208,24",,3672.0,0,0,0,0,0,0,0,0,0,0,0,0,0,0,0,0,0,0,0,0,0,0,0,0,0,0,0,0,0,0,0,0,0,0,0,0,0,0,1,0,0,0,0,0,0,0,0,0,0,0,0,0,0,0,0,0,0,0,0,16.0,249.64092537954375,208.31124158203866,0.8552225013613466,24.18124211424785
2022/06/09,Gimnasia,GELP_FECHA1T,13:51:08,16:13:33,pelota parada,,01:02:13,01:02:13,0.0,"195,78",tiro libre,Rival,8.0,"222,70",,3733.0,0,0,0,0,0,0,0,0,0,0,0,0,0,0,0,0,0,0,0,0,0,0,0,0,0,0,0,0,0,0,0,0,0,0,0,0,0,0,0,0,0,1,0,0,0,0,0,0,0,0,0,0,0,0,0,0,0,0,0,21.0,194.8160874031858,221.70427902965676,78.29532665517715,69.60936260979433
2022/06/09,Gimnasia,GELP_FECHA1T,13:51:08,16:13:33,perdida,,01:02:14,01:02:14,0.0,"196,91",intercepcion aereo,Rival,8.0,"236,68",,3734.0,0,0,0,0,0,0,0,0,0,0,0,0,0,0,0,0,0,0,0,0,0,0,0,0,0,0,0,0,0,0,0,0,0,0,0,0,0,0,0,0,0,0,0,0,0,1,0,0,0,0,0,0,0,0,0,0,0,0,0,21.0,196.01890198614186,236.27594506758442,91.17410170395038,68.05544921027234
2022/06/09,Gimnasia,GELP_FECHA1T,13:51:08,16:13:33,recuperacion,,01:02:16,01:02:16,0.0,"219,90",encontrada,,8.0,,,3736.0,0,0,0,0,0,0,0,0,0,0,0,0,0,0,0,0,0,0,0,0,0,0,0,0,0,0,0,0,0,0,0,0,1,0,0,0,0,0,0,0,0,0,0,0,0,0,0,0,0,0,0,0,0,0,0,0,0,0,0,,218.93008731923487,,90.19375072827455,
2022/06/09,Gimnasia,GELP_FECHA1T,13:51:08,16:13:33,pelota parada,,01:02:41,01:02:41,0.0,"193,24",lateral largo,9,3.0,"241,0",,3761.0,0,0,0,0,0,0,0,0,0,0,0,0,0,0,0,0,0,0,0,0,0,0,0,0,0,0,0,0,0,0,0,0,0,0,0,0,0,0,1,0,0,0,0,0,0,0,0,0,0,0,0,0,0,0,0,0,0,0,0,19.0,193.19338053069146,240.60432854479552,23.568037248802824,0.07417107068875595
2022/06/09,Gimnasia,GELP_FECHA1T,13:51:08,16:13:33,pelota parada,,01:03:22,01:03:22,0.0,"261,35",tiro de esquina,Rival,10.0,"251,74",,3802.0,0,0,0,0,0,0,0,0,0,0,0,0,0,0,0,0,0,0,0,0,0,0,0,0,0,0,0,0,0,0,0,0,0,0,0,0,0,0,0,1,0,0,0,0,0,0,0,0,0,0,0,0,0,0,0,0,0,0,0,21.0,260.6518740533577,251.21506930910525,35.37717505033677,74.31695561883923
2022/06/09,Gimnasia,GELP_FECHA1T,13:51:08,16:13:33,perdida,,01:03:26,01:03:26,0.0,"268,23",interceptado,Rival,10.0,"236,84",,3806.0,0,0,0,0,0,0,0,0,0,0,0,0,0,0,0,0,0,0,0,0,0,0,0,0,0,0,0,0,0,0,0,0,0,0,0,0,0,0,0,0,0,0,0,0,0,1,0,0,0,0,0,0,0,0,0,0,0,0,0,21.0,267.7609608389446,235.68216070868326,23.247262196675294,83.51865431253607
2022/06/09,Gimnasia,GELP_FECHA1T,13:51:08,16:13:33,duelo,,01:04:12,01:04:12,0.0,"112,69",disputa suelo,,10.0,,,3852.0,0,0,0,0,0,0,0,0,0,0,0,0,0,0,0,0,1,0,0,0,0,0,0,0,0,0,0,0,0,0,0,0,0,0,0,0,0,0,0,0,0,0,0,0,0,0,0,0,0,0,0,0,0,0,0,0,0,0,0,,112.20852173741949,,68.6915353535133,
2022/06/09,Gimnasia,GELP_FECHA1T,13:51:08,16:13:33,perdida,,01:04:13,01:04:13,0.0,"98,86",duelo,,10.0,,,3853.0,0,0,0,0,0,0,0,0,0,0,0,0,0,0,0,0,0,0,0,0,0,0,0,0,0,0,0,0,0,0,0,0,0,0,0,0,0,0,0,0,0,0,0,1,0,0,0,0,0,0,0,0,0,0,0,0,0,0,0,,97.73412517343003,,86.17597686018104,
2022/06/09,Gimnasia,GELP_FECHA1T,13:51:08,16:13:33,duelo,,01:05:16,01:05:16,0.0,"144,144",aereo,,11.0,,,3916.0,0,0,0,0,0,0,0,0,0,0,0,0,0,0,1,0,0,0,0,0,0,0,0,0,0,0,0,0,0,0,0,0,0,0,0,0,0,0,0,0,0,0,0,0,0,0,0,0,0,0,0,0,0,0,0,0,0,0,0,,143.93874257443764,,143.55470062391075,
2022/06/09,Gimnasia,GELP_FECHA1T,13:51:08,16:13:33,perdida,,01:05:18,01:05:18,0.0,"142,144",duelo,,11.0,,,3918.0,0,0,0,0,0,0,0,0,0,0,0,0,0,0,0,0,0,0,0,0,0,0,0,0,0,0,0,0,0,0,0,0,0,0,0,0,0,0,0,0,0,0,0,1,0,0,0,0,0,0,0,0,0,0,0,0,0,0,0,,141.82529769014525,,144.07658612735312,
2022/06/09,Gimnasia,GELP_FECHA1T,13:51:08,16:13:33,recuperacion,,01:05:23,01:05:23,0.0,"96,91",duelo,,8.0,,,3923.0,0,0,0,0,0,0,0,0,0,0,0,0,0,0,0,0,0,0,0,0,0,0,0,0,0,0,0,0,0,0,0,0,0,0,0,0,1,0,0,0,0,0,0,0,0,0,0,0,0,0,0,0,0,0,0,0,0,0,0,,96.48555401808117,,90.67807897485375,
2022/06/09,Gimnasia,GELP_FECHA1T,13:51:08,16:13:33,perdida,,01:05:43,01:05:43,0.0,"200,24",intercepcion aereo,9,3.0,"227,88",,3943.0,0,0,0,0,0,0,0,0,0,0,0,0,0,0,0,0,0,0,0,0,0,0,0,0,0,0,0,0,0,0,0,0,0,0,0,0,0,0,0,0,0,0,0,0,0,1,0,0,0,0,0,0,0,0,0,0,0,0,0,21.0,199.76755546928325,226.74400450645444,23.816747812582047,87.94556965901359
2022/06/09,Gimnasia,GELP_FECHA1T,13:51:08,16:13:33,recuperacion,,01:07:29,01:07:29,0.0,"17,19",duelo,,3.0,,,4049.0,0,0,0,0,0,0,0,0,0,0,0,0,0,0,0,0,0,0,0,0,0,0,0,0,0,0,0,0,0,0,0,0,0,0,0,0,1,0,0,0,0,0,0,0,0,0,0,0,0,0,0,0,0,0,0,0,0,0,0,,17.184920340274964,,18.60291616410582,
2022/06/09,Gimnasia,GELP_FECHA1T,13:51:08,16:13:33,pelota parada,,01:07:45,01:07:45,0.0,"42,0",lateral largo,11,3.0,"72,5",,4065.0,0,0,0,0,0,0,0,0,0,0,0,0,0,0,0,0,0,0,0,0,0,0,0,0,0,0,0,0,0,0,0,0,0,0,0,0,0,0,1,0,0,0,0,0,0,0,0,0,0,0,0,0,0,0,0,0,0,0,0,7.0,41.901181462388855,72.25852580491855,0.06822643027624764,5.415947431658289
2022/06/09,Gimnasia,GELP_FECHA1T,13:51:08,16:13:33,pelota parada,,01:08:10,01:08:10,0.0,"78,2",tiro libre,Rival,1.0,"213,16",,4090.0,0,0,0,0,0,0,0,0,0,0,0,0,0,0,0,0,0,0,0,0,0,0,0,0,0,0,0,0,0,0,0,0,0,0,0,0,0,0,0,0,0,0,1,0,0,0,0,0,0,0,0,0,0,0,0,0,0,0,0,16.0,77.90760645771765,213.27607609705706,2.0188730131135806,15.894881900935253
2022/06/09,Gimnasia,GELP_FECHA1T,13:51:08,16:13:33,pelota parada,,01:08:29,01:08:29,0.0,"255,35",lateral corto,11,3.0,"251,21",,4109.0,0,0,0,0,0,0,0,0,0,0,0,0,0,0,0,0,0,0,0,0,0,0,0,0,0,0,0,0,0,0,0,0,0,0,0,0,0,0,1,0,0,0,0,0,0,0,0,0,0,0,0,0,0,0,0,0,0,0,0,19.0,255.41258691908143,251.2767851721627,35.311258753890506,21.070263278540846
2022/06/09,Gimnasia,GELP_FECHA1T,13:51:08,16:13:33,recuperacion,,01:26:23,01:26:23,0.0,"78,21",robo,,10.0,,,5183.0,0,0,0,0,0,0,0,0,0,0,0,0,0,0,0,0,0,0,0,0,0,0,0,0,0,0,0,0,0,0,0,1,0,0,0,0,0,0,0,0,0,0,0,0,0,0,0,0,0,0,0,0,0,0,0,0,0,0,0,,78.14037782274333,,20.571880541132497,
2022/06/09,Gimnasia,GELP_FECHA1T,13:51:08,16:13:33,pelota parada,,01:26:39,01:26:39,0.0,"99,16",tiro libre,Rival,2.0,"191,17",,5199.0,0,0,0,0,0,0,0,0,0,0,0,0,0,0,0,0,0,0,0,0,0,0,0,0,0,0,0,0,0,0,0,0,0,0,0,0,0,0,0,0,0,1,0,0,0,0,0,0,0,0,0,0,0,0,0,0,0,0,0,16.0,99.47983563363078,190.8246341863684,15.542398964523908,17.140911228596458
2022/06/09,Gimnasia,GELP_FECHA1T,13:51:08,16:13:33,perdida,,01:26:44,01:26:44,0.0,"200,77",duelo,,7.0,,,5204.0,0,0,0,0,0,0,0,0,0,0,0,0,0,0,0,0,0,0,0,0,0,0,0,0,0,0,0,0,0,0,0,0,0,0,0,0,0,0,0,0,0,0,0,1,0,0,0,0,0,0,0,0,0,0,0,0,0,0,0,,199.6174935387088,,76.9555543461258,
2022/06/09,Gimnasia,GELP_FECHA1T,13:51:08,16:13:33,pelota parada,,01:27:07,01:27:07,0.0,"67,122",lateral largo,Rival,4.0,"115,141",,5227.0,0,0,0,0,0,0,0,0,0,0,0,0,0,0,0,0,0,0,0,0,0,0,0,0,0,0,0,0,0,0,0,0,0,0,0,0,0,0,1,0,0,0,0,0,0,0,0,0,0,0,0,0,0,0,0,0,0,0,0,12.0,67.06555079254947,114.71247415622605,121.92280424189391,141.32240479727386
2022/06/09,Gimnasia,GELP_FECHA1T,13:51:08,16:13:33,perdida,,01:27:13,01:27:13,0.0,"58,131",interceptado,11,5.0,"177,96",,5233.0,0,0,0,0,0,0,0,0,0,0,0,0,0,0,0,0,0,0,0,0,0,0,0,0,0,0,0,0,0,0,0,0,0,0,0,0,0,0,0,0,0,0,0,0,0,1,0,0,0,0,0,0,0,0,0,0,0,0,0,14.0,57.963851321961286,176.9119815888401,131.261615863682,96.14916102838511
2022/06/09,Gimnasia,GELP_FECHA1T,13:51:08,16:13:33,recuperacion,,01:28:03,01:28:03,0.0,"75,66",robo,,5.0,,,5283.0,0,0,0,0,0,0,0,0,0,0,0,0,0,0,0,0,0,0,0,0,0,0,0,0,0,0,0,0,0,0,0,1,0,0,0,0,0,0,0,0,0,0,0,0,0,0,0,0,0,0,0,0,0,0,0,0,0,0,0,,74.77607937106643,,65.78085290270762,
2022/06/09,Gimnasia,GELP_FECHA1T,13:51:08,16:13:33,perdida,,01:28:07,01:28:07,0.0,"95,132",duelo,,7.0,,,5287.0,0,0,0,0,0,0,0,0,0,0,0,0,0,0,0,0,0,0,0,0,0,0,0,0,0,0,0,0,0,0,0,0,0,0,0,0,0,0,0,0,0,0,0,1,0,0,0,0,0,0,0,0,0,0,0,0,0,0,0,,95.44213886058105,,132.17517250063435,
2022/06/09,Gimnasia,GELP_FECHA1T,13:51:08,16:13:33,pelota parada,,01:29:11,01:29:11,0.0,"66,149",lateral largo,9,4.0,"97,158",,5351.0,0,0,0,0,0,0,0,0,0,0,0,0,0,0,0,0,0,0,0,0,0,0,0,0,0,0,0,0,0,0,0,0,0,0,0,0,0,0,1,0,0,0,0,0,0,0,0,0,0,0,0,0,0,0,0,0,0,0,0,12.0,65.6062124088624,97.12637775964077,148.67030940086175,157.8825692349173
2022/06/09,Gimnasia,GELP_FECHA1T,13:51:08,16:13:33,perdida,,01:29:12,01:29:12,0.0,"92,153",balon afuera lateral,,9.0,,,5352.0,0,0,0,0,0,0,0,0,0,0,0,0,0,0,0,0,0,0,0,0,0,0,0,0,0,0,0,0,0,0,0,0,0,0,0,0,0,0,0,0,0,0,0,0,0,0,0,1,0,0,0,0,0,0,0,0,0,0,0,,92.43915748308835,,152.58290103579606,
2022/06/09,Gimnasia,GELP_FECHA1T,13:51:08,16:13:33,recuperacion,,01:29:28,01:29:28,0.0,"35,151",duelo,,6.0,,,5368.0,0,0,0,0,0,0,0,0,0,0,0,0,0,0,0,0,0,0,0,0,0,0,0,0,0,0,0,0,0,0,0,0,0,0,0,0,1,0,0,0,0,0,0,0,0,0,0,0,0,0,0,0,0,0,0,0,0,0,0,,35.01716749860983,,150.65774469172783,
2022/06/09,Gimnasia,GELP_FECHA1T,13:51:08,16:13:33,pelota parada,,01:30:10,01:30:10,0.0,"211,9",lateral corto,11,3.0,"251,15",,5410.0,0,0,0,0,0,0,0,0,0,0,0,0,0,0,0,0,0,0,0,0,0,0,0,0,0,0,0,0,0,0,0,0,0,0,0,0,0,0,1,0,0,0,0,0,0,0,0,0,0,0,0,0,0,0,0,0,0,0,0,19.0,210.6700952187184,251.10535538224786,8.92963631456402,15.473545712876696
2022/06/09,Gimnasia,GELP_FECHA1T,13:51:08,16:13:33,recuperacion,,01:30:38,01:30:38,0.0,"65,23",intercepcion,,5.0,,,5438.0,0,0,0,0,0,0,0,0,0,0,0,0,0,0,0,0,0,0,0,0,0,0,0,0,0,0,0,0,0,0,0,0,0,1,0,0,0,0,0,0,0,0,0,0,0,0,0,0,0,0,0,0,0,0,0,0,0,0,0,,65.32517803622085,,23.40094244443782,
2022/06/09,Gimnasia,GELP_FECHA1T,13:51:08,16:13:33,pelota parada,,01:31:01,01:31:01,0.0,"189,36",lateral corto,11,3.0,"219,19",,5461.0,0,0,0,0,0,0,0,0,0,0,0,0,0,0,0,0,0,0,0,0,0,0,0,0,0,0,0,0,0,0,0,0,0,0,0,0,0,0,1,0,0,0,0,0,0,0,0,0,0,0,0,0,0,0,0,0,0,0,0,16.0,189.0928935017052,219.45510656175762,35.7058146516862,19.332041812053333
2022/06/09,Gimnasia,GELP_FECHA1T,13:51:08,16:13:33,pelota parada,,01:31:46,01:31:46,0.0,"199,19",tiro libre,Rival,10.0,"272,73",,5506.0,0,0,0,0,0,0,0,0,0,0,0,0,0,0,0,0,0,0,0,0,0,0,0,0,0,0,0,0,0,0,0,0,0,0,0,0,0,0,0,0,0,0,1,0,0,0,0,0,0,0,0,0,0,0,0,0,0,0,0,22.0,199.3624570640978,272.0,19.11450998437013,73.4919660291063
2022/06/09,Gimnasia,GELP_FECHA1T,13:51:08,16:13:33,duelo,,01:32:05,01:32:05,0.0,"2,137",gambeta a favor,,4.0,,,5525.0,0,0,0,0,0,0,0,0,0,0,0,0,0,0,0,0,0,0,0,0,0,1,0,0,0,0,0,0,0,0,0,0,0,0,0,0,0,0,0,0,0,0,0,0,0,0,0,0,0,0,0,0,0,0,0,0,0,0,0,,2.426858193559262,,137.01612249257374,
2022/06/09,Gimnasia,GELP_FECHA1T,13:51:08,16:13:33,perdida,,01:32:07,01:32:07,0.0,"33,144",robo,,4.0,,,5527.0,0,0,0,0,0,0,0,0,0,0,0,0,0,0,0,0,0,0,0,0,0,0,0,0,0,0,0,0,0,0,0,0,0,0,0,0,0,0,0,0,0,0,0,0,1,0,0,0,0,0,0,0,0,0,0,0,0,0,0,,32.53418087080142,,143.9824541716851,
2022/06/09,Gimnasia,GELP_FECHA1T,13:51:08,16:13:33,recuperacion,,01:32:12,01:32:12,0.0,"81,68",intercepcion anticipo,,11.0,,,5532.0,0,0,0,0,0,0,0,0,0,0,0,0,0,0,0,0,0,0,0,0,0,0,0,0,0,0,0,0,0,0,0,0,0,0,0,1,0,0,0,0,0,0,0,0,0,0,0,0,0,0,0,0,0,0,0,0,0,0,0,,81.27033574932086,,67.61500399016946,
2022/06/09,Gimnasia,GELP_FECHA1T,13:51:08,16:13:33,duelo,,01:32:14,01:32:14,0.0,"128,66",gambeta a favor,,8.0,,,5534.0,0,0,0,0,0,0,0,0,0,0,0,0,0,0,0,0,0,0,0,0,0,1,0,0,0,0,0,0,0,0,0,0,0,0,0,0,0,0,0,0,0,0,0,0,0,0,0,0,0,0,0,0,0,0,0,0,0,0,0,,127.57004917081792,,65.58243990454781,
2022/06/09,Gimnasia,GELP_FECHA1T,13:51:08,16:13:33,duelo,,01:32:21,01:32:21,0.0,"100,96",gambeta a favor,,10.0,,,5541.0,0,0,0,0,0,0,0,0,0,0,0,0,0,0,0,0,0,0,0,0,0,1,0,0,0,0,0,0,0,0,0,0,0,0,0,0,0,0,0,0,0,0,0,0,0,0,0,0,0,0,0,0,0,0,0,0,0,0,0,,99.80909955936681,,95.68662181327177,
2022/06/09,Gimnasia,GELP_FECHA1T,13:51:08,16:13:33,pelota parada,,01:32:38,01:32:38,0.0,"121,66",tiro libre,2,5.0,"128,93",,5558.0,0,0,0,0,0,0,0,0,0,0,0,0,0,0,0,0,0,0,0,0,0,0,0,0,0,0,0,0,0,0,0,0,0,0,0,0,0,0,0,0,0,0,1,0,0,0,0,0,0,0,0,0,0,0,0,0,0,0,0,11.0,120.87219352004419,127.83527298277062,65.79992026499977,92.85849938205767
2022/06/09,Gimnasia,GELP_FECHA1T,13:51:08,16:13:33,pelota parada,,01:33:16,01:33:16,0.0,"105,119",lateral largo,Rival,4.0,"157,125",,5596.0,0,0,0,0,0,0,0,0,0,0,0,0,0,0,0,0,0,0,0,0,0,0,0,0,0,0,0,0,0,0,0,0,0,0,0,0,0,0,1,0,0,0,0,0,0,0,0,0,0,0,0,0,0,0,0,0,0,0,0,15.0,104.8610106860469,157.245738857111,119.4147932411317,124.74360967370478
2022/06/09,Gimnasia,GELP_FECHA1T,13:51:08,16:13:33,perdida,,01:33:17,01:33:17,0.0,"112,124",interceptado,Rival,4.0,"180,160",,5597.0,0,0,0,0,0,0,0,0,0,0,0,0,0,0,0,0,0,0,0,0,0,0,0,0,0,0,0,0,0,0,0,0,0,0,0,0,0,0,0,0,0,0,0,0,0,1,0,0,0,0,0,0,0,0,0,0,0,0,0,15.0,112.49883463569176,179.80781404643048,124.20615808229417,159.66431407543058
2022/06/09,Gimnasia,GELP_FECHA1T,13:51:08,16:13:33,pelota parada,,01:34:04,01:34:04,0.0,"113,34",lateral largo,Rival,3.0,"146,14",,5644.0,0,0,0,0,0,0,0,0,0,0,0,0,0,0,0,0,0,0,0,0,0,0,0,0,0,0,0,0,0,0,0,0,0,0,0,0,0,0,1,0,0,0,0,0,0,0,0,0,0,0,0,0,0,0,0,0,0,0,0,13.0,113.08856218449559,145.9023121042898,33.6929179205529,13.867501540483808
2022/06/09,Gimnasia,GELP_FECHA1T,13:51:08,16:13:33,pelota parada,,01:34:15,01:34:15,0.0,"142,33",lateral largo,Rival,3.0,"195,15",,5655.0,0,0,0,0,0,0,0,0,0,0,0,0,0,0,0,0,0,0,0,0,0,0,0,0,0,0,0,0,0,0,0,0,0,0,0,0,0,0,1,0,0,0,0,0,0,0,0,0,0,0,0,0,0,0,0,0,0,0,0,16.0,142.1866700999727,194.72282735351448,32.92119827001018,14.58586909818759
2022/06/09,Gimnasia,GELP_FECHA1T,13:51:08,16:13:33,perdida,,01:34:17,01:34:17,0.0,"154,37",interceptado,10,3.0,"148,19",,5657.0,0,0,0,0,0,0,0,0,0,0,0,0,0,0,0,0,0,0,0,0,0,0,0,0,0,0,0,0,0,0,0,0,0,0,0,0,0,0,0,0,0,0,0,0,0,1,0,0,0,0,0,0,0,0,0,0,0,0,0,13.0,153.76397498060044,148.2813984862035,36.52097140936621,18.740807334086313
2022/06/09,Gimnasia,GELP_FECHA1T,13:51:08,16:13:33,pelota parada,,01:34:56,01:34:56,0.0,"86,37",tiro libre,10,2.0,"188,11",,5696.0,0,0,0,0,0,0,0,0,0,0,0,0,0,0,0,0,0,0,0,0,0,0,0,0,0,0,0,0,0,0,0,0,0,0,0,0,0,0,0,0,0,1,0,0,0,0,0,0,0,0,0,0,0,0,0,0,0,0,0,16.0,85.75634119357039,187.75804414976926,37.024695278963506,11.398991635782034
2022/06/09,Gimnasia,GELP_FECHA1T,13:51:08,16:13:33,perdida,,01:34:56,01:34:56,0.0,"185,28",balon afuera lateral,,10.0,,,5696.0,0,0,0,0,0,0,0,0,0,0,0,0,0,0,0,0,0,0,0,0,0,0,0,0,0,0,0,0,0,0,0,0,0,0,0,0,0,0,0,0,0,0,0,0,0,0,0,1,0,0,0,0,0,0,0,0,0,0,0,,185.3529811771909,,28.251209669107034,
2022/06/09,Gimnasia,GELP_FECHA1T,13:51:08,16:13:33,pelota parada,,01:38:24,01:38:24,0.0,"153,23",lateral largo,11,3.0,"218,10",,5904.0,0,0,0,0,0,0,0,0,0,0,0,0,0,0,0,0,0,0,0,0,0,0,0,0,0,0,0,0,0,0,0,0,0,0,0,0,0,0,1,0,0,0,0,0,0,0,0,0,0,0,0,0,0,0,0,0,0,0,0,16.0,153.3282633396909,217.9832027637289,23.029373454897645,10.198934219058689
2022/06/09,Gimnasia,GELP_FECHA1T,13:51:08,16:13:33,duelo,,01:38:39,01:38:39,0.0,"185,124",disputa suelo,,7.0,,,5919.0,0,0,0,0,0,0,0,0,0,0,0,0,0,0,0,0,0,1,0,0,0,0,0,0,0,0,0,0,0,0,0,0,0,0,0,0,0,0,0,0,0,0,0,0,0,0,0,0,0,0,0,0,0,0,0,0,0,0,0,,185.38581605831217,,123.94049605878344,
2022/06/09,Gimnasia,GELP_FECHA1T,13:51:08,16:13:33,perdida,,01:38:40,01:38:40,0.0,"214,158",robo,,7.0,,,5920.0,0,0,0,0,0,0,0,0,0,0,0,0,0,0,0,0,0,0,0,0,0,0,0,0,0,0,0,0,0,0,0,0,0,0,0,0,0,0,0,0,0,0,0,0,1,0,0,0,0,0,0,0,0,0,0,0,0,0,0,,213.8868544969804,,157.7531847208802,
2022/06/09,Gimnasia,GELP_FECHA1T,13:51:08,16:13:33,recuperacion,,01:38:46,01:38:46,0.0,"165,69",intercepcion,,10.0,,,5926.0,0,0,0,0,0,0,0,0,0,0,0,0,0,0,0,0,0,0,0,0,0,0,0,0,0,0,0,0,0,0,0,0,0,1,0,0,0,0,0,0,0,0,0,0,0,0,0,0,0,0,0,0,0,0,0,0,0,0,0,,164.61371817076588,,69.07368253035087,
2022/06/09,Gimnasia,GELP_FECHA1T,13:51:08,16:13:33,perdida,,01:38:54,01:38:54,0.0,"146,22",interceptado,11,3.0,"188,7",,5934.0,0,0,0,0,0,0,0,0,0,0,0,0,0,0,0,0,0,0,0,0,0,0,0,0,0,0,0,0,0,0,0,0,0,0,0,0,0,0,0,0,0,0,0,0,0,1,0,0,0,0,0,0,0,0,0,0,0,0,0,16.0,145.96644228124043,188.04869680818598,21.68362366414177,7.300759174990972
2022/06/09,Gimnasia,GELP_FECHA1T,13:51:08,16:13:33,pelota parada,,01:38:59,01:38:59,0.0,"188,42",lateral corto,9,11.0,"219,41",,5939.0,0,0,0,0,0,0,0,0,0,0,0,0,0,0,0,0,0,0,0,0,0,0,0,0,0,0,0,0,0,0,0,0,0,0,0,0,0,0,1,0,0,0,0,0,0,0,0,0,0,0,0,0,0,0,0,0,0,0,0,16.0,187.50178068544665,218.98129220514528,41.7367946918888,40.55862548665854
2022/06/09,Gimnasia,GELP_FECHA1T,13:51:08,16:13:33,pelota parada,,01:39:08,01:39:08,0.0,"217,24",lateral corto,10,3.0,"200,6",,5948.0,0,0,0,0,0,0,0,0,0,0,0,0,0,0,0,0,0,0,0,0,0,0,0,0,0,0,0,0,0,0,0,0,0,0,0,0,0,0,1,0,0,0,0,0,0,0,0,0,0,0,0,0,0,0,0,0,0,0,0,16.0,217.3011753659181,200.04335725980178,24.306481473501396,6.2473924851365155
2022/06/09,Gimnasia,GELP_FECHA1T,13:51:08,16:13:33,perdida,,01:39:10,01:39:10,0.0,"241,6",duelo,,10.0,,,5950.0,0,0,0,0,0,0,0,0,0,0,0,0,0,0,0,0,0,0,0,0,0,0,0,0,0,0,0,0,0,0,0,0,0,0,0,0,0,0,0,0,0,0,0,1,0,0,0,0,0,0,0,0,0,0,0,0,0,0,0,,241.24094818555045,,6.499344558734261,
2022/06/09,Gimnasia,GELP_FECHA1T,13:51:08,16:13:33,recuperacion,,01:39:54,01:39:54,0.0,"78,6",intercepcion aereo,,3.0,,,5994.0,0,0,0,0,0,0,0,0,0,0,0,0,0,0,0,0,0,0,0,0,0,0,0,0,0,0,0,0,0,0,0,0,0,0,1,0,0,0,0,0,0,0,0,0,0,0,0,0,0,0,0,0,0,0,0,0,0,0,0,,78.33226520503129,,5.8897458891086245,
2022/06/09,Gimnasia,GELP_FECHA1T,13:51:08,16:13:33,pelota parada,,01:40:46,01:40:46,0.0,"223,14",tiro libre,Rival,7.0,"186,76",,6046.0,0,0,0,0,0,0,0,0,0,0,0,0,0,0,0,0,0,0,0,0,0,0,0,0,0,0,0,0,0,0,0,0,0,0,0,0,0,0,0,0,0,0,1,0,0,0,0,0,0,0,0,0,0,0,0,0,0,0,0,17.0,223.237522136934,185.62536682653462,14.319100687744449,75.61119312944287
2022/06/09,Gimnasia,GELP_FECHA1T,13:51:08,16:13:33,pelota parada,,01:41:54,01:41:54,0.0,"231,131",tiro libre,Rival,7.0,"233,84",,6114.0,0,0,0,0,0,0,0,0,0,0,0,0,0,0,0,0,0,0,0,0,0,0,0,0,0,0,0,0,0,0,0,0,0,0,0,0,0,0,0,0,0,1,0,0,0,0,0,0,0,0,0,0,0,0,0,0,0,0,0,21.0,231.1868822540455,232.65119839685153,130.5248085055594,83.50600613747842
2022/06/09,Gimnasia,GELP_FECHA1T,13:51:08,16:13:33,perdida,,01:42:00,01:42:00,0.0,"210,13",error tecnico,,8.0,,,6120.0,0,0,0,0,0,0,0,0,0,0,0,0,0,0,0,0,0,0,0,0,0,0,0,0,0,0,0,0,0,0,0,0,0,0,0,0,0,0,0,0,0,0,0,0,0,0,1,0,0,0,0,0,0,0,0,0,0,0,0,,210.27202326032378,,13.425817610961982,
2022/06/09,Gimnasia,GELP_FECHA1T,13:51:08,16:13:33,duelo,,01:42:27,01:42:27,0.0,"75,17",disputa suelo,,3.0,,,6147.0,0,0,0,0,0,0,0,0,0,0,0,0,0,0,0,0,0,1,0,0,0,0,0,0,0,0,0,0,0,0,0,0,0,0,0,0,0,0,0,0,0,0,0,0,0,0,0,0,0,0,0,0,0,0,0,0,0,0,0,,75.22871420300314,,17.324644051919336,
2022/06/09,Gimnasia,GELP_FECHA1T,13:51:08,16:13:33,recuperacion,,01:42:28,01:42:28,0.0,"71,4",duelo,,3.0,,,6148.0,0,0,0,0,0,0,0,0,0,0,0,0,0,0,0,0,0,0,0,0,0,0,0,0,0,0,0,0,0,0,0,0,0,0,0,0,1,0,0,0,0,0,0,0,0,0,0,0,0,0,0,0,0,0,0,0,0,0,0,,70.95554395849848,,4.048090514546423,
2022/06/09,Gimnasia,GELP_FECHA1T,13:51:08,16:13:33,perdida,,01:42:31,01:42:31,0.0,"30,1",interceptado,11,2.0,"120,20",,6151.0,0,0,0,0,0,0,0,0,0,0,0,0,0,0,0,0,0,0,0,0,0,0,0,0,0,0,0,0,0,0,0,0,0,0,0,0,0,0,0,0,0,0,0,0,0,1,0,0,0,0,0,0,0,0,0,0,0,0,0,10.0,29.941247105278848,120.29208249714256,0.8787085656846045,20.055208973318507
2022/06/09,Gimnasia,GELP_FECHA1T,13:51:08,16:13:33,duelo,,01:43:14,01:43:14,0.0,"51,69",aereo,,4.0,,,6194.0,0,0,0,0,0,0,0,0,0,0,0,0,0,0,0,1,0,0,0,0,0,0,0,0,0,0,0,0,0,0,0,0,0,0,0,0,0,0,0,0,0,0,0,0,0,0,0,0,0,0,0,0,0,0,0,0,0,0,0,,50.72049368119881,,68.69159068257443,
2022/06/09,Gimnasia,GELP_FECHA1T,13:51:08,16:13:33,recuperacion,,01:43:17,01:43:17,0.0,"43,67",intercepcion aereo,,4.0,,,6197.0,0,0,0,0,0,0,0,0,0,0,0,0,0,0,0,0,0,0,0,0,0,0,0,0,0,0,0,0,0,0,0,0,0,0,1,0,0,0,0,0,0,0,0,0,0,0,0,0,0,0,0,0,0,0,0,0,0,0,0,,43.28253920809638,,66.54630352401396,
2022/06/09,Gimnasia,GELP_FECHA1T,13:51:08,16:13:33,pelota parada,,01:44:31,01:44:31,0.0,"207,12",lateral corto,11,3.0,"240,19",,6271.0,0,0,0,0,0,0,0,0,0,0,0,0,0,0,0,0,0,0,0,0,0,0,0,0,0,0,0,0,0,0,0,0,0,0,0,0,0,0,1,0,0,0,0,0,0,0,0,0,0,0,0,0,0,0,0,0,0,0,0,19.0,206.5383698992709,240.1136256729789,11.697002979541434,19.174309879926163
2022/06/09,Gimnasia,GELP_FECHA1T,13:51:08,16:13:33,duelo,,01:44:36,01:44:36,0.0,"261,21",gambeta a favor,,11.0,,,6276.0,0,0,0,0,0,0,0,0,0,0,0,0,0,0,0,0,0,0,0,0,0,1,0,0,0,0,0,0,0,0,0,0,0,0,0,0,0,0,0,0,0,0,0,0,0,0,0,0,0,0,0,0,0,0,0,0,0,0,0,,260.5228877978017,,20.96507557717047,
2022/06/09,Gimnasia,GELP_FECHA1T,13:51:08,16:13:33,pelota parada,,01:45:14,01:45:14,0.0,"253,18",tiro libre,11,3.0,"234,91",,6314.0,0,0,0,0,0,0,0,0,0,0,0,0,0,0,0,0,0,0,0,0,0,0,0,0,0,0,0,0,0,0,0,0,0,0,0,0,0,0,0,0,0,0,1,0,0,0,0,0,0,0,0,0,0,0,0,0,0,0,0,21.0,252.8217498995288,233.9596624908946,17.9860652402337,90.84107542631253
2022/06/09,Gimnasia,GELP_FECHA1T,13:51:08,16:13:33,pelota parada,,01:45:45,01:45:45,0.0,"240,154",tiro de esquina,Rival,8.0,"239,98",,6345.0,0,0,0,0,0,0,0,0,0,0,0,0,0,0,0,0,0,0,0,0,0,0,0,0,0,0,0,0,0,0,0,0,0,0,0,0,0,0,0,0,1,0,0,0,0,0,0,0,0,0,0,0,0,0,0,0,0,0,0,21.0,239.65919018611666,239.19137351692896,154.32198290345238,98.39394821346394
2022/06/09,Gimnasia,GELP_FECHA1T,13:51:08,16:13:33,pelota parada,,01:46:01,01:46:01,0.0,"239,144",lateral corto,17,8.0,"262,149",,6361.0,0,0,0,0,0,0,0,0,0,0,0,0,0,0,0,0,0,0,0,0,0,0,0,0,0,0,0,0,0,0,0,0,0,0,0,0,0,0,1,0,0,0,0,0,0,0,0,0,0,0,0,0,0,0,0,0,0,0,0,24.0,238.93713796205506,262.4129747044838,144.3464357654512,149.16185440055128
2022/06/09,Gimnasia,GELP_FECHA1T,13:51:08,16:13:33,perdida,,01:46:04,01:46:04,0.0,"257,136",duelo,,17.0,,,6364.0,0,0,0,0,0,0,0,0,0,0,0,0,0,0,0,0,0,0,0,0,0,0,0,0,0,0,0,0,0,0,0,0,0,0,0,0,0,0,0,0,0,0,0,1,0,0,0,0,0,0,0,0,0,0,0,0,0,0,0,,257.03202940297905,,135.5492011602226,
2022/06/09,Gimnasia,GELP_FECHA1T,13:51:08,16:13:33,duelo,,01:46:33,01:46:33,0.0,"104,141",aereo,,4.0,,,6393.0,0,0,0,0,0,0,0,0,0,0,0,0,0,0,0,1,0,0,0,0,0,0,0,0,0,0,0,0,0,0,0,0,0,0,0,0,0,0,0,0,0,0,0,0,0,0,0,0,0,0,0,0,0,0,0,0,0,0,0,,103.7539285909925,,141.26273089638906,
2022/06/09,Gimnasia,GELP_FECHA1T,13:51:08,16:13:33,recuperacion,,01:46:35,01:46:35,0.0,"96,157",intercepcion aereo,,4.0,,,6395.0,0,0,0,0,0,0,0,0,0,0,0,0,0,0,0,0,0,0,0,0,0,0,0,0,0,0,0,0,0,0,0,0,0,0,1,0,0,0,0,0,0,0,0,0,0,0,0,0,0,0,0,0,0,0,0,0,0,0,0,,96.38482707470502,,157.19180415028063,
2022/06/09,Gimnasia,GELP_FECHA1T,13:51:08,16:13:33,perdida,,01:46:36,01:46:36,0.0,"171,142",balon afuera lateral,,19.0,,,6396.0,0,0,0,0,0,0,0,0,0,0,0,0,0,0,0,0,0,0,0,0,0,0,0,0,0,0,0,0,0,0,0,0,0,0,0,0,0,0,0,0,0,0,0,0,0,0,0,1,0,0,0,0,0,0,0,0,0,0,0,,171.21044109276428,,141.93402750975855,
2022/06/09,Gimnasia,GELP_FECHA1T,13:51:08,16:13:33,recuperacion,,01:47:14,01:47:14,0.0,"9,105",duelo,,6.0,,,6434.0,0,0,0,0,0,0,0,0,0,0,0,0,0,0,0,0,0,0,0,0,0,0,0,0,0,0,0,0,0,0,0,0,0,0,0,0,1,0,0,0,0,0,0,0,0,0,0,0,0,0,0,0,0,0,0,0,0,0,0,,9.312048364627454,,104.9746598594695,
2022/06/09,Gimnasia,GELP_FECHA1T,13:51:08,16:13:33,perdida,,01:47:36,01:47:36,0.0,"30,64",interceptado,11,6.0,"159,12",,6456.0,0,0,0,0,0,0,0,0,0,0,0,0,0,0,0,0,0,0,0,0,0,0,0,0,0,0,0,0,0,0,0,0,0,0,0,0,0,0,0,0,0,0,0,0,0,1,0,0,0,0,0,0,0,0,0,0,0,0,0,13.0,30.335682764658426,159.06439168598118,64.26567469547862,11.75005007703664
2022/06/09,Gimnasia,GELP_FECHA1T,13:51:08,16:13:33,recuperacion,,01:47:38,01:47:38,0.0,"55,23",encontrada,,3.0,,,6458.0,0,0,0,0,0,0,0,0,0,0,0,0,0,0,0,0,0,0,0,0,0,0,0,0,0,0,0,0,0,0,0,0,1,0,0,0,0,0,0,0,0,0,0,0,0,0,0,0,0,0,0,0,0,0,0,0,0,0,0,,55.167474199692535,,23.469260361705402,
2022/06/09,Gimnasia,GELP_FECHA1T,13:51:08,16:13:33,duelo,,01:47:42,01:47:42,0.0,"161,11",aereo,,11.0,,,6462.0,0,0,0,0,0,0,0,0,0,0,0,0,0,0,1,0,0,0,0,0,0,0,0,0,0,0,0,0,0,0,0,0,0,0,0,0,0,0,0,0,0,0,0,0,0,0,0,0,0,0,0,0,0,0,0,0,0,0,0,,161.49898884639114,,11.35678997529943,
2022/06/09,Gimnasia,GELP_FECHA1T,13:51:08,16:13:33,perdida,,01:47:43,01:47:43,0.0,"164,25",duelo,,11.0,,,6463.0,0,0,0,0,0,0,0,0,0,0,0,0,0,0,0,0,0,0,0,0,0,0,0,0,0,0,0,0,0,0,0,0,0,0,0,0,0,0,0,0,0,0,0,1,0,0,0,0,0,0,0,0,0,0,0,0,0,0,0,,163.82631140351174,,24.665774954292583,
2022/06/09,Gimnasia,GELP_FECHA1T,13:51:08,16:13:33,recuperacion,,01:47:59,01:47:59,0.0,"15,89",intercepcion anticipo,,2.0,,,6479.0,0,0,0,0,0,0,0,0,0,0,0,0,0,0,0,0,0,0,0,0,0,0,0,0,0,0,0,0,0,0,0,0,0,0,0,1,0,0,0,0,0,0,0,0,0,0,0,0,0,0,0,0,0,0,0,0,0,0,0,,14.840211747123494,,89.32408341266576,
2022/06/09,Gimnasia,GELP_FECHA1T,13:51:08,16:13:33,perdida,,01:48:36,01:48:36,0.0,"210,60",balon afuera fondo,,5.0,,,6516.0,0,0,0,0,0,0,0,0,0,0,0,0,0,0,0,0,0,0,0,0,0,0,0,0,0,0,0,0,0,0,0,0,0,0,0,0,0,0,0,0,0,0,0,0,0,0,0,1,0,0,0,0,0,0,0,0,0,0,0,,209.89945459116373,,60.010049569454026,
2022/06/09,Gimnasia,GELP_FECHA1T,13:51:08,16:13:33,recuperacion,,01:48:54,01:48:54,0.0,"62,152",intercepcion,,4.0,,,6534.0,0,0,0,0,0,0,0,0,0,0,0,0,0,0,0,0,0,0,0,0,0,0,0,0,0,0,0,0,0,0,0,0,0,1,0,0,0,0,0,0,0,0,0,0,0,0,0,0,0,0,0,0,0,0,0,0,0,0,0,,61.72223166425282,,152.0358695419517,
2022/06/09,Gimnasia,GELP_FECHA1T,13:51:08,16:13:33,pelota parada,,01:49:28,01:49:28,0.0,"115,140",tiro libre,Rival,2.0,"248,69",,6568.0,0,0,0,0,0,0,0,0,0,0,0,0,0,0,0,0,0,0,0,0,0,0,0,0,0,0,0,0,0,0,0,0,0,0,0,0,0,0,0,0,0,0,1,0,0,0,0,0,0,0,0,0,0,0,0,0,0,0,0,21.0,114.76735902385975,248.21333282206137,140.23100569531252,69.33281688113294
2022/06/09,Gimnasia,GELP_FECHA1T,13:51:08,16:13:33,duelo,,01:49:34,01:49:34,0.0,"202,98",disputa suelo,,5.0,,,6574.0,0,0,0,0,0,0,0,0,0,0,0,0,0,0,0,0,1,0,0,0,0,0,0,0,0,0,0,0,0,0,0,0,0,0,0,0,0,0,0,0,0,0,0,0,0,0,0,0,0,0,0,0,0,0,0,0,0,0,0,,202.46078721124206,,97.91352917586883,
2022/06/09,Gimnasia,GELP_FECHA1T,13:51:08,16:13:33,perdida,,01:49:36,01:49:36,0.0,"183,76",duelo,,5.0,,,6576.0,0,0,0,0,0,0,0,0,0,0,0,0,0,0,0,0,0,0,0,0,0,0,0,0,0,0,0,0,0,0,0,0,0,0,0,0,0,0,0,0,0,0,0,1,0,0,0,0,0,0,0,0,0,0,0,0,0,0,0,,183.18127397718501,,75.94773635911307,
2022/06/09,Gimnasia,GELP_FECHA1T,13:51:08,16:13:33,recuperacion,,01:49:53,01:49:53,0.0,"17,99",intercepcion,,6.0,,,6593.0,0,0,0,0,0,0,0,0,0,0,0,0,0,0,0,0,0,0,0,0,0,0,0,0,0,0,0,0,0,0,0,0,0,1,0,0,0,0,0,0,0,0,0,0,0,0,0,0,0,0,0,0,0,0,0,0,0,0,0,,16.550149606607352,,99.21863629185638,
2022/06/09,Gimnasia,GELP_FECHA1T,13:51:08,16:13:33,pelota parada,,01:50:31,01:50:31,0.0,"118,63",tiro libre,2,8.0,"100,64",,6631.0,0,0,0,0,0,0,0,0,0,0,0,0,0,0,0,0,0,0,0,0,0,0,0,0,0,0,0,0,0,0,0,0,0,0,0,0,0,0,0,0,0,1,0,0,0,0,0,0,0,0,0,0,0,0,0,0,0,0,0,11.0,118.15981825372842,100.11165326996844,62.755617749491506,63.590200883840765
2022/06/09,Gimnasia,GELP_FECHA1T,13:51:08,16:13:33,perdida,,01:50:40,01:50:40,0.0,"201,25",interceptado,,18.0,,,6640.0,0,0,0,0,0,0,0,0,0,0,0,0,0,0,0,0,0,0,0,0,0,0,0,0,0,0,0,0,0,0,0,0,0,0,0,0,0,0,0,0,0,0,0,0,0,1,0,0,0,0,0,0,0,0,0,0,0,0,0,,201.3891436176969,,24.68388321133119,
2022/06/09,Gimnasia,GELP_FECHA1T,13:51:08,16:13:33,recuperacion,,01:51:29,01:51:29,0.0,"121,31",intercepcion,,2.0,,,6689.0,0,0,0,0,0,0,0,0,0,0,0,0,0,0,0,0,0,0,0,0,0,0,0,0,0,0,0,0,0,0,0,0,0,1,0,0,0,0,0,0,0,0,0,0,0,0,0,0,0,0,0,0,0,0,0,0,0,0,0,,121.36848109935107,,31.356386032467675,
2022/06/09,Gimnasia,GELP_FECHA1T,13:51:08,16:13:33,pelota parada,,01:51:48,01:51:48,0.0,"216,19",lateral corto,19,3.0,"223,22",,6708.0,0,0,0,0,0,0,0,0,0,0,0,0,0,0,0,0,0,0,0,0,0,0,0,0,0,0,0,0,0,0,0,0,0,0,0,0,0,0,1,0,0,0,0,0,0,0,0,0,0,0,0,0,0,0,0,0,0,0,0,16.0,215.9693342040321,223.27260548398488,19.452474704202935,21.707749070888312
2022/06/09,Gimnasia,GELP_FECHA1T,13:51:08,16:13:33,perdida,,01:51:49,01:51:49,0.0,"204,40",error tecnico,,19.0,,,6709.0,0,0,0,0,0,0,0,0,0,0,0,0,0,0,0,0,0,0,0,0,0,0,0,0,0,0,0,0,0,0,0,0,0,0,0,0,0,0,0,0,0,0,0,0,0,0,1,0,0,0,0,0,0,0,0,0,0,0,0,,203.70636521981,,40.18828821510068,
2022/06/09,Gimnasia,GELP_FECHA1T,13:51:08,16:13:33,duelo,,01:52:11,01:52:11,0.0,"79,135",aereo,,4.0,,,6731.0,0,0,0,0,0,0,0,0,0,0,0,0,0,0,0,1,0,0,0,0,0,0,0,0,0,0,0,0,0,0,0,0,0,0,0,0,0,0,0,0,0,0,0,0,0,0,0,0,0,0,0,0,0,0,0,0,0,0,0,,78.93538112850536,,134.50970090075498,
2022/06/09,Gimnasia,GELP_FECHA1T,13:51:08,16:13:33,recuperacion,,01:52:15,01:52:15,0.0,"63,126",intercepcion aereo,,4.0,,,6735.0,0,0,0,0,0,0,0,0,0,0,0,0,0,0,0,0,0,0,0,0,0,0,0,0,0,0,0,0,0,0,0,0,0,0,1,0,0,0,0,0,0,0,0,0,0,0,0,0,0,0,0,0,0,0,0,0,0,0,0,,63.23310066979637,,126.47529870946153,
2022/06/09,Gimnasia,GELP_FECHA1T,13:51:08,16:13:33,pelota parada,,01:52:22,01:52:22,0.0,"166,141",lateral largo,5,11.0,"256,160",,6742.0,0,0,0,0,0,0,0,0,0,0,0,0,0,0,0,0,0,0,0,0,0,0,0,0,0,0,0,0,0,0,0,0,0,0,0,0,0,0,1,0,0,0,0,0,0,0,0,0,0,0,0,0,0,0,0,0,0,0,0,24.0,166.2314185851844,255.81858624799924,140.73126212511917,159.82473586247164
2022/06/09,Gimnasia,GELP_FECHA1T,13:51:08,16:13:33,perdida,,01:52:24,01:52:24,0.0,"268,132",balon afuera fondo,,5.0,,,6744.0,0,0,0,0,0,0,0,0,0,0,0,0,0,0,0,0,0,0,0,0,0,0,0,0,0,0,0,0,0,0,0,0,0,0,0,0,0,0,0,0,0,0,0,0,0,0,0,1,0,0,0,0,0,0,0,0,0,0,0,,267.66155724410623,,131.80533838476364,
2022/06/09,Gimnasia,GELP_FECHA1T,13:51:08,16:13:33,recuperacion,,01:54:27,01:54:27,0.0,"54,161",encontrada,,5.0,,,6867.0,0,0,0,0,0,0,0,0,0,0,0,0,0,0,0,0,0,0,0,0,0,0,0,0,0,0,0,0,0,0,0,0,1,0,0,0,0,0,0,0,0,0,0,0,0,0,0,0,0,0,0,0,0,0,0,0,0,0,0,,53.544790468841875,,160.7676851345908,
2022/06/09,Gimnasia,GELP_FECHA1T,13:51:08,16:13:33,perdida,,01:54:32,01:54:32,0.0,"87,124",error tecnico,,19.0,,,6872.0,0,0,0,0,0,0,0,0,0,0,0,0,0,0,0,0,0,0,0,0,0,0,0,0,0,0,0,0,0,0,0,0,0,0,0,0,0,0,0,0,0,0,0,0,0,0,1,0,0,0,0,0,0,0,0,0,0,0,0,,86.56685559731949,,123.8418525375119,
2022/06/09,Gimnasia,GELP_FECHA1T,13:51:08,16:13:33,pelota parada,,01:55:18,01:55:18,0.0,"145,154",lateral largo,18,4.0,"188,152",,6918.0,0,0,0,0,0,0,0,0,0,0,0,0,0,0,0,0,0,0,0,0,0,0,0,0,0,0,0,0,0,0,0,0,0,0,0,0,0,0,1,0,0,0,0,0,0,0,0,0,0,0,0,0,0,0,0,0,0,0,0,18.0,144.6410267256997,188.28401609739507,153.9530312751623,152.2470443981397
2022/06/09,Gimnasia,GELP_FECHA1T,13:51:08,16:13:33,perdida,,01:55:35,01:55:35,0.0,"66,148",balon afuera lateral,,6.0,,,6935.0,0,0,0,0,0,0,0,0,0,0,0,0,0,0,0,0,0,0,0,0,0,0,0,0,0,0,0,0,0,0,0,0,0,0,0,0,0,0,0,0,0,0,0,0,0,0,0,1,0,0,0,0,0,0,0,0,0,0,0,,66.16816139308088,,148.1120886171983,
2022/06/09,Gimnasia,GELP_FECHA1T,13:51:08,16:13:33,pelota parada,,01:56:27,01:56:27,0.0,"56,131",lateral corto,2,6.0,"51,131",,6987.0,0,0,0,0,0,0,0,0,0,0,0,0,0,0,0,0,0,0,0,0,0,0,0,0,0,0,0,0,0,0,0,0,0,0,0,0,0,0,1,0,0,0,0,0,0,0,0,0,0,0,0,0,0,0,0,0,0,0,0,9.0,56.003208251130204,50.671645577845865,131.36853242798466,131.42831353471303
2022/06/09,Gimnasia,GELP_FECHA1T,13:51:08,16:13:33,duelo,,01:56:32,01:56:32,0.0,"118,99",aereo,,18.0,,,6992.0,0,0,0,0,0,0,0,0,0,0,0,0,0,0,0,1,0,0,0,0,0,0,0,0,0,0,0,0,0,0,0,0,0,0,0,0,0,0,0,0,0,0,0,0,0,0,0,0,0,0,0,0,0,0,0,0,0,0,0,,118.37641802826697,,99.26013690470083,
2022/06/09,Gimnasia,GELP_FECHA1T,13:51:08,16:13:33,perdida,,01:56:35,01:56:35,0.0,"89,62",intercepcion aereo,,18.0,,,6995.0,0,0,0,0,0,0,0,0,0,0,0,0,0,0,0,0,0,0,0,0,0,0,0,0,0,0,0,0,0,0,0,0,0,0,0,0,0,0,0,0,0,0,0,0,0,1,0,0,0,0,0,0,0,0,0,0,0,0,0,,88.83849841942488,,62.07610416308056,
2022/06/09,Gimnasia,GELP_FECHA1T,13:51:08,16:13:33,recuperacion,,01:56:57,01:56:57,0.0,"37,29",duelo,,3.0,,,7017.0,0,0,0,0,0,0,0,0,0,0,0,0,0,0,0,0,0,0,0,0,0,0,0,0,0,0,0,0,0,0,0,0,0,0,0,0,1,0,0,0,0,0,0,0,0,0,0,0,0,0,0,0,0,0,0,0,0,0,0,,37.072373930761074,,28.74342319168368,
2022/06/09,Gimnasia,GELP_FECHA1T,13:51:08,16:13:33,perdida,,01:57:40,01:57:40,0.0,"217,61",error tecnico,,5.0,,,7060.0,0,0,0,0,0,0,0,0,0,0,0,0,0,0,0,0,0,0,0,0,0,0,0,0,0,0,0,0,0,0,0,0,0,0,0,0,0,0,0,0,0,0,0,0,0,0,1,0,0,0,0,0,0,0,0,0,0,0,0,,217.09549268774595,,61.2924673330767,
2022/06/09,Gimnasia,GELP_FECHA1T,13:51:08,16:13:33,duelo,,01:59:03,01:59:03,0.0,"147,35",aereo,,11.0,,,7143.0,0,0,0,0,0,0,0,0,0,0,0,0,0,0,0,1,0,0,0,0,0,0,0,0,0,0,0,0,0,0,0,0,0,0,0,0,0,0,0,0,0,0,0,0,0,0,0,0,0,0,0,0,0,0,0,0,0,0,0,,146.71654985933736,,34.67019215641365,
2022/06/09,Gimnasia,GELP_FECHA1T,13:51:08,16:13:33,recuperacion,,01:59:04,01:59:04,0.0,"170,15",intercepcion aereo,,11.0,,,7144.0,0,0,0,0,0,0,0,0,0,0,0,0,0,0,0,0,0,0,0,0,0,0,0,0,0,0,0,0,0,0,0,0,0,0,1,0,0,0,0,0,0,0,0,0,0,0,0,0,0,0,0,0,0,0,0,0,0,0,0,,169.71330038283207,,14.806792051784903,
2022/06/09,Gimnasia,GELP_FECHA1T,13:51:08,16:13:33,pelota parada,,01:59:18,01:59:18,0.0,"177,3",lateral corto,18,3.0,"147,22",,7158.0,0,0,0,0,0,0,0,0,0,0,0,0,0,0,0,0,0,0,0,0,0,0,0,0,0,0,0,0,0,0,0,0,0,0,0,0,0,0,1,0,0,0,0,0,0,0,0,0,0,0,0,0,0,0,0,0,0,0,0,13.0,176.73761891704112,146.8949395838577,2.5465146510663175,21.58364141829779
2022/06/09,Gimnasia,GELP_FECHA1T,13:51:08,16:13:33,duelo,,01:59:29,01:59:29,0.0,"221,32",gambeta a favor,,11.0,,,7169.0,0,0,0,0,0,0,0,0,0,0,0,0,0,0,0,0,0,0,0,0,1,0,0,0,0,0,0,0,0,0,0,0,0,0,0,0,0,0,0,0,0,0,0,0,0,0,0,0,0,0,0,0,0,0,0,0,0,0,0,,220.8340187774962,,31.51166276925225,
2022/06/09,Gimnasia,GELP_FECHA1T,13:51:08,16:13:33,perdida,,01:59:37,01:59:37,0.0,"180,149",duelo,,4.0,,,7177.0,0,0,0,0,0,0,0,0,0,0,0,0,0,0,0,0,0,0,0,0,0,0,0,0,0,0,0,0,0,0,0,0,0,0,0,0,0,0,0,0,0,0,0,1,0,0,0,0,0,0,0,0,0,0,0,0,0,0,0,,179.89146858640413,,148.55300560421804,
2022/06/09,Gimnasia,GELP_FECHA1T,13:51:08,16:13:33,recuperacion,,01:59:41,01:59:41,0.0,"99,138",intercepcion anticipo,,6.0,,,7181.0,0,0,0,0,0,0,0,0,0,0,0,0,0,0,0,0,0,0,0,0,0,0,0,0,0,0,0,0,0,0,0,0,0,0,0,1,0,0,0,0,0,0,0,0,0,0,0,0,0,0,0,0,0,0,0,0,0,0,0,,98.82227934852601,,137.92878732194703,
2022/06/09,Gimnasia,GELP_FECHA1T,13:51:08,16:13:33,perdida,,01:59:45,01:59:45,0.0,"140,133",error tecnico,,6.0,,,7185.0,0,0,0,0,0,0,0,0,0,0,0,0,0,0,0,0,0,0,0,0,0,0,0,0,0,0,0,0,0,0,0,0,0,0,0,0,0,0,0,0,0,0,0,0,0,0,1,0,0,0,0,0,0,0,0,0,0,0,0,,140.04363563315607,,133.30353926162223,
2022/06/09,Gimnasia,GELP_FECHA1T,13:51:08,16:13:33,pelota parada,,02:01:27,02:01:27,0.0,"51,34",lateral largo,11,3.0,"94,16",,7287.0,0,0,0,0,0,0,0,0,0,0,0,0,0,0,0,0,0,0,0,0,0,0,0,0,0,0,0,0,0,0,0,0,0,0,0,0,0,1,0,0,0,0,0,0,0,0,0,0,0,0,0,0,0,0,0,0,0,0,0,10.0,50.69295051971844,94.28691696586773,33.97778241909362,16.29183847686542
2022/06/09,Gimnasia,GELP_FECHA1T,13:51:08,16:13:33,duelo,,02:01:42,02:01:42,0.0,"123,6",disputa suelo,,3.0,,,7302.0,0,0,0,0,0,0,0,0,0,0,0,0,0,0,0,0,1,0,0,0,0,0,0,0,0,0,0,0,0,0,0,0,0,0,0,0,0,0,0,0,0,0,0,0,0,0,0,0,0,0,0,0,0,0,0,0,0,0,0,,123.49628648511805,,5.9970528544951875,
2022/06/09,Gimnasia,GELP_FECHA1T,13:51:08,16:13:33,perdida,,02:01:43,02:01:43,0.0,"121,34",duelo,,3.0,,,7303.0,0,0,0,0,0,0,0,0,0,0,0,0,0,0,0,0,0,0,0,0,0,0,0,0,0,0,0,0,0,0,0,0,0,0,0,0,0,0,0,0,0,0,0,1,0,0,0,0,0,0,0,0,0,0,0,0,0,0,0,,120.74602541446953,,33.857901015266194,
2022/06/09,Gimnasia,GELP_FECHA1T,13:51:08,16:13:33,recuperacion,,02:02:14,02:02:14,0.0,"57,37",intercepcion,,3.0,,,7334.0,0,0,0,0,0,0,0,0,0,0,0,0,0,0,0,0,0,0,0,0,0,0,0,0,0,0,0,0,0,0,0,0,0,1,0,0,0,0,0,0,0,0,0,0,0,0,0,0,0,0,0,0,0,0,0,0,0,0,0,,57.028618223740835,,36.919711071062025,
2022/06/09,Gimnasia,GELP_FECHA1T,13:51:08,16:13:33,pelota parada,,02:02:49,02:02:49,0.0,"249,14",tiro de esquina,6,17.0,"218,77",,7369.0,0,0,0,0,0,0,0,0,0,0,0,0,0,0,0,0,0,0,0,0,0,0,0,0,0,0,0,0,0,0,0,0,0,0,0,0,0,0,0,0,1,0,0,0,0,0,0,0,0,0,0,0,0,0,0,0,0,0,0,21.0,249.0279932114793,218.07923753761716,14.367286121068652,77.39963022355259
2022/06/09,Gimnasia,GELP_FECHA1T,13:51:08,16:13:33,pelota parada,,02:03:06,02:03:06,0.0,"191,149",lateral corto,11,4.0,"202,148",,7386.0,0,0,0,0,0,0,0,0,0,0,0,0,0,0,0,0,0,0,0,0,0,0,0,0,0,0,0,0,0,0,0,0,0,0,0,0,0,0,1,0,0,0,0,0,0,0,0,0,0,0,0,0,0,0,0,0,0,0,0,18.0,190.86326758209384,201.57952203214,148.9344834276372,148.03484139333852
2022/06/09,Gimnasia,GELP_FECHA1T,13:51:08,16:13:33,perdida,,02:03:08,02:03:08,0.0,"216,154",duelo,,11.0,,,7388.0,0,0,0,0,0,0,0,0,0,0,0,0,0,0,0,0,0,0,0,0,0,0,0,0,0,0,0,0,0,0,0,0,0,0,0,0,0,0,0,0,0,0,0,1,0,0,0,0,0,0,0,0,0,0,0,0,0,0,0,,215.79143138293878,,153.92243345535536,
2022/06/09,Gimnasia,GELP_FECHA1T,13:51:08,16:13:33,pelota parada,,02:04:16,02:04:16,0.0,"63,4",tiro libre,6,1.0,"62,82",,7456.0,0,0,0,0,0,0,0,0,0,0,0,0,0,0,0,0,0,0,0,0,0,0,0,0,0,0,0,0,0,0,0,0,0,0,0,0,0,0,0,0,0,1,0,0,0,0,0,0,0,0,0,0,0,0,0,0,0,0,0,8.0,62.89471955437857,61.78944422548177,3.6685050102327956,81.53448832546223
2022/06/09,Gimnasia,GELP_FECHA1T,13:51:08,16:13:33,perdida,,02:04:37,02:04:37,0.0,"102,35",intercepcion aereo,,2.0,,,7477.0,0,0,0,0,0,0,0,0,0,0,0,0,0,0,0,0,0,0,0,0,0,0,0,0,0,0,0,0,0,0,0,0,0,0,0,0,0,0,0,0,0,0,0,0,0,1,0,0,0,0,0,0,0,0,0,0,0,0,0,,102.10101127009113,,35.43114778985322,
2022/06/09,Gimnasia,GELP_FECHA1T,13:51:08,16:13:33,duelo,,02:05:06,02:05:06,0.0,"107,40",disputa suelo,,5.0,,,7506.0,0,0,0,0,0,0,0,0,0,0,0,0,0,0,0,0,1,0,0,0,0,0,0,0,0,0,0,0,0,0,0,0,0,0,0,0,0,0,0,0,0,0,0,0,0,0,0,0,0,0,0,0,0,0,0,0,0,0,0,,106.9467669707343,,39.646317885957544,
2022/06/09,Gimnasia,GELP_FECHA1T,13:51:08,16:13:33,perdida,,02:05:07,02:05:07,0.0,"99,8",duelo,,5.0,,,7507.0,0,0,0,0,0,0,0,0,0,0,0,0,0,0,0,0,0,0,0,0,0,0,0,0,0,0,0,0,0,0,0,0,0,0,0,0,0,0,0,0,0,0,0,1,0,0,0,0,0,0,0,0,0,0,0,0,0,0,0,,98.80801081648544,,8.306938801771507,
2022/06/09,Gimnasia,GELP_FECHA1T,13:51:08,16:13:33,recuperacion,,02:05:59,02:05:59,0.0,"124,32",intercepcion anticipo,,5.0,,,7559.0,0,0,0,0,0,0,0,0,0,0,0,0,0,0,0,0,0,0,0,0,0,0,0,0,0,0,0,0,0,0,0,0,0,0,0,1,0,0,0,0,0,0,0,0,0,0,0,0,0,0,0,0,0,0,0,0,0,0,0,,123.846275212835,,31.978032475602877,
2022/06/09,Gimnasia,GELP_FECHA1T,13:51:08,16:13:33,perdida,,02:06:14,02:06:14,0.0,"269,10",interceptado,,18.0,,,7574.0,0,0,0,0,0,0,0,0,0,0,0,0,0,0,0,0,0,0,0,0,0,0,0,0,0,0,0,0,0,0,0,0,0,0,0,0,0,0,0,0,0,0,0,0,0,1,0,0,0,0,0,0,0,0,0,0,0,0,0,,269.1181900153007,,10.220580094362358,
2022/06/09,Gimnasia,GELP_FECHA1T,13:51:08,16:13:33,recuperacion,,02:06:39,02:06:39,0.0,"124,19",encontrada,,2.0,,,7599.0,0,0,0,0,0,0,0,0,0,0,0,0,0,0,0,0,0,0,0,0,0,0,0,0,0,0,0,0,0,0,0,0,1,0,0,0,0,0,0,0,0,0,0,0,0,0,0,0,0,0,0,0,0,0,0,0,0,0,0,,123.89594674094201,,19.2066058865132,
2022/06/09,Gimnasia,GELP_FECHA1T,13:51:08,16:13:33,perdida,,02:06:45,02:06:45,0.0,"120,12",interceptado,19,2.0,"184,67",,7605.0,0,0,0,0,0,0,0,0,0,0,0,0,0,0,0,0,0,0,0,0,0,0,0,0,0,0,0,0,0,0,0,0,0,0,0,0,0,0,0,0,0,0,0,0,0,1,0,0,0,0,0,0,0,0,0,0,0,0,0,17.0,120.07369896029006,184.29389562724364,11.80567756696107,67.41065413136576
2022/06/09,Gimnasia,GELP_FECHA1T,13:51:08,16:13:33,recuperacion,,02:06:51,02:06:51,0.0,"170,40",encontrada,,18.0,,,7611.0,0,0,0,0,0,0,0,0,0,0,0,0,0,0,0,0,0,0,0,0,0,0,0,0,0,0,0,0,0,0,0,0,1,0,0,0,0,0,0,0,0,0,0,0,0,0,0,0,0,0,0,0,0,0,0,0,0,0,0,,169.5027948388736,,39.74572960787634,
2022/06/09,Gimnasia,GELP_FECHA1T,13:51:08,16:13:33,pelota parada,,02:07:26,02:07:26,0.0,"250,156",tiro de esquina,14,17.0,"219,72",,7646.0,0,0,0,0,0,0,0,0,0,0,0,0,0,0,0,0,0,0,0,0,0,0,0,0,0,0,0,0,0,0,0,0,0,0,0,0,0,0,0,0,1,0,0,0,0,0,0,0,0,0,0,0,0,0,0,0,0,0,0,21.0,250.27980964427755,218.56495748230714,156.32272287984705,72.12888711901775
2022/06/09,Gimnasia,GELP_FECHA1T,13:51:08,16:13:33,duelo,,02:07:39,02:07:39,0.0,"220,69",aereo,,19.0,,,7659.0,0,0,0,0,0,0,0,0,0,0,0,0,0,0,0,1,0,0,0,0,0,0,0,0,0,0,0,0,0,0,0,0,0,0,0,0,0,0,0,0,0,0,0,0,0,0,0,0,0,0,0,0,0,0,0,0,0,0,0,,219.81113656117583,,68.59975451216725,
2022/06/09,Gimnasia,GELP_FECHA1T,13:51:08,16:13:33,perdida,,02:07:40,02:07:40,0.0,"209,85",intercepcion aereo,,19.0,,,7660.0,0,0,0,0,0,0,0,0,0,0,0,0,0,0,0,0,0,0,0,0,0,0,0,0,0,0,0,0,0,0,0,0,0,0,0,0,0,0,0,0,0,0,0,0,0,1,0,0,0,0,0,0,0,0,0,0,0,0,0,,209.30458332232587,,85.25143895060569,
2022/06/09,Gimnasia,GELP_FECHA1T,13:51:08,16:13:33,recuperacion,,02:09:00,02:09:00,0.0,"60,126",intercepcion aereo,,4.0,,,7740.0,0,0,0,0,0,0,0,0,0,0,0,0,0,0,0,0,0,0,0,0,0,0,0,0,0,0,0,0,0,0,0,0,0,0,1,0,0,0,0,0,0,0,0,0,0,0,0,0,0,0,0,0,0,0,0,0,0,0,0,,60.392133920023966,,125.5547258303025,
2022/06/09,Gimnasia,GELP_FECHA1T,13:51:08,16:13:33,duelo,,02:09:05,02:09:05,0.0,"116,155",gambeta a favor,,17.0,,,7745.0,0,0,0,0,0,0,0,0,0,0,0,0,0,0,0,0,0,0,0,0,0,1,0,0,0,0,0,0,0,0,0,0,0,0,0,0,0,0,0,0,0,0,0,0,0,0,0,0,0,0,0,0,0,0,0,0,0,0,0,,115.79509577032645,,155.39028953920166,
2022/06/09,Gimnasia,GELP_FECHA1T,13:51:08,16:13:33,perdida,,02:09:10,02:09:10,0.0,"202,158",robo,,17.0,,,7750.0,0,0,0,0,0,0,0,0,0,0,0,0,0,0,0,0,0,0,0,0,0,0,0,0,0,0,0,0,0,0,0,0,0,0,0,0,0,0,0,0,0,0,0,0,1,0,0,0,0,0,0,0,0,0,0,0,0,0,0,,201.63926552760492,,157.6684231308721,
2022/06/09,Gimnasia,GELP_FECHA1T,13:51:08,16:13:33,recuperacion,,02:10:18,02:10:18,0.0,"117,154",encontrada,,4.0,,,7818.0,0,0,0,0,0,0,0,0,0,0,0,0,0,0,0,0,0,0,0,0,0,0,0,0,0,0,0,0,0,0,0,0,1,0,0,0,0,0,0,0,0,0,0,0,0,0,0,0,0,0,0,0,0,0,0,0,0,0,0,,117.08724950798826,,153.9715233879331,
2022/06/09,Gimnasia,GELP_FECHA1T,13:51:08,16:13:33,duelo,,02:11:27,02:11:27,0.0,"26,162",disputa suelo,,14.0,,,7887.0,0,0,0,0,0,0,0,0,0,0,0,0,0,0,0,0,0,1,0,0,0,0,0,0,0,0,0,0,0,0,0,0,0,0,0,0,0,0,0,0,0,0,0,0,0,0,0,0,0,0,0,0,0,0,0,0,0,0,0,,25.771092185986817,,162.0,
2022/06/09,Gimnasia,GELP_FECHA1T,13:51:08,16:13:33,recuperacion,,02:11:28,02:11:28,0.0,"19,153",robo,,14.0,,,7888.0,0,0,0,0,0,0,0,0,0,0,0,0,0,0,0,0,0,0,0,0,0,0,0,0,0,0,0,0,0,0,0,1,0,0,0,0,0,0,0,0,0,0,0,0,0,0,0,0,0,0,0,0,0,0,0,0,0,0,0,,19.45078945556327,,153.48163414253986,
2022/06/09,Gimnasia,GELP_FECHA1T,13:51:08,16:13:33,perdida,,02:11:32,02:11:32,0.0,"105,147",interceptado,11,19.0,"96,155",,7892.0,0,0,0,0,0,0,0,0,0,0,0,0,0,0,0,0,0,0,0,0,0,0,0,0,0,0,0,0,0,0,0,0,0,0,0,0,0,0,0,0,0,0,0,0,0,1,0,0,0,0,0,0,0,0,0,0,0,0,0,12.0,104.980405366409,96.37743090758585,146.97624277932073,155.15341968527628
2022/06/09,Gimnasia,GELP_FECHA1T,13:51:08,16:13:33,recuperacion,,02:11:45,02:11:45,0.0,"69,79",intercepcion aereo,,6.0,,,7905.0,0,0,0,0,0,0,0,0,0,0,0,0,0,0,0,0,0,0,0,0,0,0,0,0,0,0,0,0,0,0,0,0,0,0,1,0,0,0,0,0,0,0,0,0,0,0,0,0,0,0,0,0,0,0,0,0,0,0,0,,69.24838525368594,,78.6005280995104,
2022/06/09,Gimnasia,GELP_FECHA1T,13:51:08,16:13:33,pelota parada,,02:12:08,02:12:08,0.0,"58,125",lateral largo,11,4.0,"117,140",,7928.0,0,0,0,0,0,0,0,0,0,0,0,0,0,0,0,0,0,0,0,0,0,0,0,0,0,0,0,0,0,0,0,0,0,0,0,0,0,0,1,0,0,0,0,0,0,0,0,0,0,0,0,0,0,0,0,0,0,0,0,12.0,58.217573592063744,116.53069103217764,124.91890619407172,139.66372966332486
