Session.Start.Date,tiempo,partido,Session.Start,Session.End,Evento,Tag.Notes,Tag.Start,Tag.End,Tag.Duration.(secs),coord.final,Jugador.2,Jugador.1,Calificacion,coord.inicial,Subevento,Optional.Column,segundos,remate-Gol,remate-Fuera,remate-Al-arco,remate-Interceptado,remate-Cabeza,pase-Asistencia,pase-Completado,pase-Incompleto,pase-Inteligente,centro-Asistencia,centro-Completado,centro-Interceptado,centro-Bloqueado,centro-Fuera,duelo-Aereo-Perdido,duelo-Aereo-Ganado,duelo-Disputa-suelo-Perdida,duelo-Disputa-suelo-Ganada,duelo-Gambeta-contra-Ganada,duelo-Gambeta-contra-Perdida,duelo-Gambeta-favor-Perdida,duelo-Gambeta-favor-Ganada,duelo-Pivote-Perdido,duelo-Pivote-Ganado,falta-Cometida,falta-Recibida,falta-Penal-cometido,falta-Penal-recibido,falta-Offside,falta-Tarjeta-amarilla,falta-Tarjeta-roja,recuperacion-Robo,recuperacion-Encontrada,recuperacion-Intercepcion-suelo,recuperacion-Intercepcion-aereo,recuperacion-Intercepcion-anticipo,recuperacion-Disputa-suelo,parado-Lateral-interceptado,parado-Lateral-completado,parado-Corner-interceptado,parado-Corner-completado,parado-Tiro-libre-incompleto,parado-Tiro-libre-completado,perdida-Gambeta,perdida-Robo,perdida-Intercepcion,perdida-Error-tecnico,perdida-Balon-fuera,perdida-Error-tactico,perdida-Atajada,arquero-Gol-rival,arquero-Gol-rival-atajable,arquero-Atajada,arquero-Intercepcion-aerea,arquero-Intercepcion,arquero-Anticipo,arquero-Saque-mano,arquero-Saque-pie,arquero-Saque-meta,coord.final.num,coord.inicial.x,coord.final.x,coord.inicial.y,coord.final.y
2022/07/03,pases aldosivi ,Aldosivi,15:51:19,18:00:37,pase,,00:12:32,00:12:32,0.0,"39,116",2,1.0,,"17,63",s arquero pie,,752.0,0,0,0,0,0,0,0,0,0,0,0,0,0,0,0,0,0,0,0,0,0,0,0,0,0,0,0,0,0,0,0,0,0,0,0,0,0,0,0,0,0,0,0,0,0,0,0,0,0,0,0,0,0,0,0,0,0,1,0,5.0,17.33930944882565,38.80039602508281,62.66629122598988,115.81719259630387
2022/07/03,pases aldosivi ,Aldosivi,15:51:19,18:00:37,pase,,00:12:39,00:12:39,0.0,"110,17",3,2.0,,"62,147",largo,,759.0,0,0,0,0,0,0,1,0,0,0,0,0,0,0,0,0,0,0,0,0,0,0,0,0,0,0,0,0,0,0,0,0,0,0,0,0,0,0,0,0,0,0,0,0,0,0,0,0,0,0,0,0,0,0,0,0,0,0,0,10.0,61.655288382774536,109.7241595390912,146.5790616671644,16.53667291132191
2022/07/03,pases aldosivi ,Aldosivi,15:51:19,18:00:37,pase,,00:13:14,00:13:14,0.0,"50,64",2,5.0,,"105,38",corto,,794.0,0,0,0,0,0,0,1,0,0,0,0,0,0,0,0,0,0,0,0,0,0,0,0,0,0,0,0,0,0,0,0,0,0,0,0,0,0,0,0,0,0,0,0,0,0,0,0,0,0,0,0,0,0,0,0,0,0,0,0,8.0,104.85344370493796,50.20819601066583,38.38152223429334,63.858210515589704
2022/07/03,pases aldosivi ,Aldosivi,15:51:19,18:00:37,pase,,00:13:17,00:13:17,0.0,"66,149",4,2.0,,"56,69",corto,,797.0,0,0,0,0,0,0,0,1,0,0,0,0,0,0,0,0,0,0,0,0,0,0,0,0,0,0,0,0,0,0,0,0,0,0,0,0,0,0,0,0,0,0,0,0,0,0,0,0,0,0,0,0,0,0,0,0,0,0,0,9.0,55.994321180781185,65.97130709993615,68.96361249851101,148.99748561478455
2022/07/03,pases aldosivi ,Aldosivi,15:51:19,18:00:37,perdida,,00:13:17,00:13:17,0.0,,,2.0,,"52,71",robo,,797.0,0,0,0,0,0,0,0,0,0,0,0,0,0,0,0,0,0,0,0,0,0,0,0,0,0,0,0,0,0,0,0,0,0,0,0,0,0,0,0,0,0,0,0,0,0,0,0,0,0,0,0,0,0,0,0,0,0,0,0,,51.69796462371194,,70.53208213295953,
2022/07/03,pases aldosivi ,Aldosivi,15:51:19,18:00:37,pase,,00:13:45,00:13:45,0.0,"245,135",10,9.0,,"209,127",corto,,825.0,0,0,0,0,0,0,1,0,0,0,0,0,0,0,0,0,0,0,0,0,0,0,0,0,0,0,0,0,0,0,0,0,0,0,0,0,0,0,0,0,0,0,0,0,0,0,0,0,0,0,0,0,0,0,0,0,0,0,0,24.0,208.59815281701347,245.10127627729963,127.12605417679114,134.51033463729715
2022/07/03,pases aldosivi ,Aldosivi,15:51:19,18:00:37,remate pie,,00:13:48,00:13:48,0.0,"269,95",Rival,10.0,,"247,137",corta distancia,,828.0,0,0,0,0,0,0,0,0,0,0,0,0,0,0,0,0,0,0,0,0,0,0,0,0,0,0,0,0,0,0,0,0,0,0,0,0,0,0,0,0,0,0,0,0,0,0,0,0,0,0,0,0,0,0,0,0,0,0,0,22.0,246.81962019045338,268.9349764985911,137.03661405088133,94.56329044498979
2022/07/03,pases aldosivi ,Aldosivi,15:51:19,18:00:37,perdida,,00:13:49,00:13:49,0.0,,,10.0,,"233,139",interceptado,,829.0,0,0,0,0,0,0,0,0,0,0,0,0,0,0,0,0,0,0,0,0,0,0,0,0,0,0,0,0,0,0,0,0,0,0,0,0,0,0,0,0,0,0,0,0,0,0,0,0,0,0,0,0,0,0,0,0,0,0,0,,233.0942507787245,,138.7077670709176,
2022/07/03,pases aldosivi ,Aldosivi,15:51:19,18:00:37,remate pie,,00:14:21,00:14:21,0.0,"248,82",Rival,10.0,,"205,79",media distancia,,861.0,0,1,0,0,0,0,0,0,0,0,0,0,0,0,0,0,0,0,0,0,0,0,0,0,0,0,0,0,0,0,0,0,0,0,0,0,0,0,0,0,0,0,0,0,0,0,0,0,0,0,0,0,0,0,0,0,0,0,0,22.0,204.7762674873679,248.43658649796362,79.38340054057358,81.53201962272023
2022/07/03,pases aldosivi ,Aldosivi,15:51:19,18:00:37,perdida,,00:14:21,00:14:21,0.0,,,10.0,,"193,93",balon afuera fondo,,861.0,0,0,0,0,0,0,0,0,0,0,0,0,0,0,0,0,0,0,0,0,0,0,0,0,0,0,0,0,0,0,0,0,0,0,0,0,0,0,0,0,0,0,0,0,0,0,0,0,0,0,0,0,0,0,0,0,0,0,0,,193.0241636256017,,93.18864438067051,
2022/07/03,pases aldosivi ,Aldosivi,15:51:19,18:00:37,pase,,00:15:46,00:15:46,0.0,"148,14",10,7.0,,"163,39",corto,,946.0,0,0,0,0,0,0,1,0,0,0,0,0,0,0,0,0,0,0,0,0,0,0,0,0,0,0,0,0,0,0,0,0,0,0,0,0,0,0,0,0,0,0,0,0,0,0,0,0,0,0,0,0,0,0,0,0,0,0,0,13.0,162.59755859405766,148.3481000365455,38.78199118023927,14.173640095530699
2022/07/03,pases aldosivi ,Aldosivi,15:51:19,18:00:37,pase,,00:15:50,00:15:50,0.0,"157,39",7,10.0,,"142,10",corto,,950.0,0,0,0,0,0,0,1,0,0,0,0,0,0,0,0,0,0,0,0,0,0,0,0,0,0,0,0,0,0,0,0,0,0,0,0,0,0,0,0,0,0,0,0,0,0,0,0,0,0,0,0,0,0,0,0,0,0,0,0,13.0,142.21647438106842,157.25305905195515,10.465798117884155,38.66216955293952
2022/07/03,pases aldosivi ,Aldosivi,15:51:19,18:00:37,pase,,00:15:53,00:15:53,0.0,"259,58",10,7.0,,"209,35",corto,,953.0,0,0,0,0,0,0,1,0,0,0,0,0,0,0,0,0,0,0,0,0,0,0,0,0,0,0,0,0,0,0,0,0,0,0,0,0,0,0,0,0,0,0,0,0,0,0,0,0,0,0,0,0,0,0,0,0,0,0,0,20.0,208.74676646171775,259.07821919414556,35.26583531512119,57.778155791657596
2022/07/03,pases aldosivi ,Aldosivi,15:51:19,18:00:37,remate pie,,00:15:56,00:15:56,0.0,"241,85",Rival,10.0,,"255,59",corta distancia,,956.0,0,1,0,0,0,0,0,0,0,0,0,0,0,0,0,0,0,0,0,0,0,0,0,0,0,0,0,0,0,0,0,0,0,0,0,0,0,0,0,0,0,0,0,0,0,0,0,0,0,0,0,0,0,0,0,0,0,0,0,22.0,254.8821480865196,240.78924149533336,58.65301401896106,85.05246701136174
2022/07/03,pases aldosivi ,Aldosivi,15:51:19,18:00:37,perdida,,00:15:56,00:15:56,0.0,,,10.0,,"269,65",balon afuera fondo,,956.0,0,0,0,0,0,0,0,0,0,0,0,0,0,0,0,0,0,0,0,0,0,0,0,0,0,0,0,0,0,0,0,0,0,0,0,0,0,0,0,0,0,0,0,0,0,0,0,0,0,0,0,0,0,0,0,0,0,0,0,,268.51665112300725,,64.77372018354326,
2022/07/03,pases aldosivi ,Aldosivi,15:51:19,18:00:37,pase,,00:17:17,00:17:17,0.0,"68,121",5,10.0,,"85,159",corto,,1037.0,0,0,0,0,0,0,1,0,0,0,0,0,0,0,0,0,0,0,0,0,0,0,0,0,0,0,0,0,0,0,0,0,0,0,0,0,0,0,0,0,0,0,0,0,0,0,0,0,0,0,0,0,0,0,0,0,0,0,0,9.0,84.93612608943533,68.02850862551409,159.06172813849008,121.2288149055132
2022/07/03,pases aldosivi ,Aldosivi,15:51:19,18:00:37,falta,,00:18:08,00:18:08,0.0,,,4.0,,"56,159",recibida,,1088.0,0,0,0,0,0,0,0,0,0,0,0,0,0,0,0,0,0,0,0,0,0,0,0,0,0,1,0,0,0,0,0,0,0,0,0,0,0,0,0,0,0,0,0,0,0,0,0,0,0,0,0,0,0,0,0,0,0,0,0,,56.32784417794739,,158.50528105374272,
2022/07/03,pases aldosivi ,Aldosivi,15:51:19,18:00:37,pase,,00:18:12,00:18:12,0.0,"19,91",6,1.0,,"22,70",corto,,1092.0,0,0,0,0,0,0,1,0,0,0,0,0,0,0,0,0,0,0,0,0,0,0,0,0,0,0,0,0,0,0,0,0,0,0,0,0,0,0,0,0,0,0,0,0,0,0,0,0,0,0,0,0,0,0,0,0,0,0,0,4.0,22.134921302688305,18.522878302436848,70.26489219995607,91.04923915256764
2022/07/03,pases aldosivi ,Aldosivi,15:51:19,18:00:37,pase,,00:18:23,00:18:23,0.0,"69,74",2,6.0,,"66,33",corto,,1103.0,0,0,0,0,0,0,1,0,0,0,0,0,0,0,0,0,0,0,0,0,0,0,0,0,0,0,0,0,0,0,0,0,0,0,0,0,0,0,0,0,0,0,0,0,0,0,0,0,0,0,0,0,0,0,0,0,0,0,0,8.0,66.3833603942187,68.8481862112385,33.21002573068002,73.72950184601993
2022/07/03,pases aldosivi ,Aldosivi,15:51:19,18:00:37,pase,,00:18:26,00:18:26,0.0,"105,143",10,2.0,,"119,124",corto,,1106.0,0,0,0,0,0,0,1,0,0,0,0,0,0,0,0,0,0,0,0,0,0,0,0,0,0,0,0,0,0,0,0,0,0,0,0,0,0,0,0,0,0,0,0,0,0,0,0,0,0,0,0,0,0,0,0,0,0,0,0,12.0,118.85251271787462,105.16747951748916,123.66944765701702,143.26756059864948
2022/07/03,pases aldosivi ,Aldosivi,15:51:19,18:00:37,pase,,00:18:28,00:18:28,0.0,"90,137",2,10.0,,"107,125",corto,,1108.0,0,0,0,0,0,0,1,0,0,0,0,0,0,0,0,0,0,0,0,0,0,0,0,0,0,0,0,0,0,0,0,0,0,0,0,0,0,0,0,0,0,0,0,0,0,0,0,0,0,0,0,0,0,0,0,0,0,0,0,12.0,106.83281284832753,90.32951940782948,125.17950675481984,137.41735706347632
2022/07/03,pases aldosivi ,Aldosivi,15:51:19,18:00:37,pase,,00:18:33,00:18:33,0.0,"205,122",11,2.0,,"86,124",largo,,1113.0,0,0,0,0,0,0,0,1,0,0,0,0,0,0,0,0,0,0,0,0,0,0,0,0,0,0,0,0,0,0,0,0,0,0,0,0,0,0,0,0,0,0,0,0,0,0,0,0,0,0,0,0,0,0,0,0,0,0,0,18.0,86.18571949363714,205.07650766573727,124.00133464551052,121.78911678359796
2022/07/03,pases aldosivi ,Aldosivi,15:51:19,18:00:37,perdida,,00:18:34,00:18:34,0.0,,,2.0,,"123,127",intercepcion aereo,,1114.0,0,0,0,0,0,0,0,0,0,0,0,0,0,0,0,0,0,0,0,0,0,0,0,0,0,0,0,0,0,0,0,0,0,0,0,0,0,0,0,0,0,0,0,0,0,0,0,0,0,0,0,0,0,0,0,0,0,0,0,,122.75909377710856,,127.11211583313667,
2022/07/03,pases aldosivi ,Aldosivi,15:51:19,18:00:37,pase,,00:18:52,00:18:52,0.0,"156,21",5,11.0,,"166,92",corto,,1132.0,0,0,0,0,0,0,1,0,0,0,0,0,0,0,0,0,0,0,0,0,0,0,0,0,0,0,0,0,0,0,0,0,0,0,0,0,0,0,0,0,0,0,0,0,0,0,0,0,0,0,0,0,0,0,0,0,0,0,0,13.0,166.38830544443925,155.79948571924754,92.46726436566345,20.839675709936145
2022/07/03,pases aldosivi ,Aldosivi,15:51:19,18:00:37,pase,,00:18:55,00:18:55,0.0,"98,36",3,5.0,,"152,8",medio,,1135.0,0,0,0,0,0,0,1,0,0,0,0,0,0,0,0,0,0,0,0,0,0,0,0,0,0,0,0,0,0,0,0,0,0,0,0,0,0,0,0,0,0,0,0,0,0,0,0,0,0,0,0,0,0,0,0,0,0,0,0,10.0,151.81667553285098,98.36619259349587,8.449937917010171,36.204325422313026
2022/07/03,pases aldosivi ,Aldosivi,15:51:19,18:00:37,pase,,00:18:58,00:18:58,0.0,"119,10",5,3.0,,"69,25",corto,,1138.0,0,0,0,0,0,0,1,0,0,0,0,0,0,0,0,0,0,0,0,0,0,0,0,0,0,0,0,0,0,0,0,0,0,0,0,0,0,0,0,0,0,0,0,0,0,0,0,0,0,0,0,0,0,0,0,0,0,0,0,10.0,68.9693995385657,118.86787544530516,24.760920455131902,9.893942621920385
2022/07/03,pases aldosivi ,Aldosivi,15:51:19,18:00:37,pase,,00:19:01,00:19:01,0.0,"74,92",6,5.0,,"103,8",medio,,1141.0,0,0,0,0,0,0,1,0,0,0,0,0,0,0,0,0,0,0,0,0,0,0,0,0,0,0,0,0,0,0,0,0,0,0,0,0,0,0,0,0,0,0,0,0,0,0,0,0,0,0,0,0,0,0,0,0,0,0,0,8.0,103.32052676095702,74.0580124987664,8.362921613448993,92.3333754779507
2022/07/03,pases aldosivi ,Aldosivi,15:51:19,18:00:37,pase,,00:19:04,00:19:04,0.0,"115,40",5,6.0,,"102,8",corto,,1144.0,0,0,0,0,0,0,1,0,0,0,0,0,0,0,0,0,0,0,0,0,0,0,0,0,0,0,0,0,0,0,0,0,0,0,0,0,0,0,0,0,0,0,0,0,0,0,0,0,0,0,0,0,0,0,0,0,0,0,0,10.0,102.4798957392743,115.4244187698607,8.311856189905765,39.56049079275413
2022/07/03,pases aldosivi ,Aldosivi,15:51:19,18:00:37,falta,,00:19:13,00:19:13,0.0,,,3.0,,"256,23",offside,,1153.0,0,0,0,0,0,0,0,0,0,0,0,0,0,0,0,0,0,0,0,0,0,0,0,0,0,0,0,0,1,0,0,0,0,0,0,0,0,0,0,0,0,0,0,0,0,0,0,0,0,0,0,0,0,0,0,0,0,0,0,,255.63680114994867,,23.382127799086888,
2022/07/03,pases aldosivi ,Aldosivi,15:51:19,18:00:37,pase,,00:20:06,00:20:06,0.0,"26,128",1,2.0,,"61,126",corto,,1206.0,0,0,0,0,0,0,1,0,0,0,0,0,0,0,0,0,0,0,0,0,0,0,0,0,0,0,0,0,0,0,0,0,0,0,0,0,0,0,0,0,0,0,0,0,0,0,0,0,0,0,0,0,0,0,0,0,0,0,0,5.0,60.56738386843913,25.731359559409057,126.09605864911182,128.02665891879192
2022/07/03,pases aldosivi ,Aldosivi,15:51:19,18:00:37,pase,,00:21:08,00:21:08,0.0,"40,110",2,,,"27,66",corto,,1268.0,0,0,0,0,0,0,1,0,0,0,0,0,0,0,0,0,0,0,0,0,0,0,0,0,0,0,0,0,0,0,0,0,0,0,0,0,0,0,0,0,0,0,0,0,0,0,0,0,0,0,0,0,0,0,0,0,0,0,0,5.0,27.37379847322267,40.43621987911301,65.99809392947483,109.99600028947889
2022/07/03,pases aldosivi ,Aldosivi,15:51:19,18:00:37,pase,,00:21:25,00:21:25,0.0,"94,87",11,5.0,,"84,79",corto,,1285.0,0,0,0,0,0,0,1,0,0,0,0,0,0,0,0,0,0,0,0,0,0,0,0,0,0,0,0,0,0,0,0,0,0,0,0,0,0,0,0,0,0,0,0,0,0,0,0,0,0,0,0,0,0,0,0,0,0,0,0,11.0,84.49234903859585,93.58853330538969,79.1669827563475,86.82049488534702
2022/07/03,pases aldosivi ,Aldosivi,15:51:19,18:00:37,pase,,00:21:28,00:21:28,0.0,"97,151",10,11.0,,"101,87",corto,,1288.0,0,0,0,0,0,0,1,0,0,0,0,0,0,0,0,0,0,0,0,0,0,0,0,0,0,0,0,0,0,0,0,0,0,0,0,0,0,0,0,0,0,0,0,0,0,0,0,0,0,0,0,0,0,0,0,0,0,0,0,12.0,100.84702556641736,97.21942097450733,87.34048407033774,151.1505305184669
2022/07/03,pases aldosivi ,Aldosivi,15:51:19,18:00:37,pase,,00:21:31,00:21:31,0.0,"147,69",11,10.0,,"169,149",corto,,1291.0,0,0,0,0,0,0,1,0,0,0,0,0,0,0,0,0,0,0,0,0,0,0,0,0,0,0,0,0,0,0,0,0,0,0,0,0,0,0,0,0,0,0,0,0,0,0,0,0,0,0,0,0,0,0,0,0,0,0,0,14.0,168.580144995451,146.76756339231406,148.80042236898097,68.68643049759042
2022/07/03,pases aldosivi ,Aldosivi,15:51:19,18:00:37,pase,,00:21:33,00:21:33,0.0,"200,129",4,11.0,,"192,79",corto,,1293.0,0,0,0,0,0,0,1,0,0,0,0,0,0,0,0,0,0,0,0,0,0,0,0,0,0,0,0,0,0,0,0,0,0,0,0,0,0,0,0,0,0,0,0,0,0,0,0,0,0,0,0,0,0,0,0,0,0,0,0,18.0,192.0962240579029,200.29104835180343,78.74442753792644,129.3673577189039
2022/07/03,pases aldosivi ,Aldosivi,15:51:19,18:00:37,pase,,00:21:36,00:21:36,0.0,"199,161",9,4.0,,"218,150",corto,,1296.0,0,0,0,0,0,0,1,0,0,0,0,0,0,0,0,0,0,0,0,0,0,0,0,0,0,0,0,0,0,0,0,0,0,0,0,0,0,0,0,0,0,0,0,0,0,0,0,0,0,0,0,0,0,0,0,0,0,0,0,18.0,217.97719475107715,199.16829335821336,149.8633185462396,160.52071223374236
2022/07/03,pases aldosivi ,Aldosivi,15:51:19,18:00:37,pase,,00:21:37,00:21:37,0.0,"257,141",4,9.0,,"195,128",corto,,1297.0,0,0,0,0,0,0,0,1,0,0,0,0,0,0,0,0,0,0,0,0,0,0,0,0,0,0,0,0,0,0,0,0,0,0,0,0,0,0,0,0,0,0,0,0,0,0,0,0,0,0,0,0,0,0,0,0,0,0,0,24.0,195.34368648679467,256.7794651555102,128.27613066605315,140.86381375028566
2022/07/03,pases aldosivi ,Aldosivi,15:51:19,18:00:37,perdida,,00:21:40,00:21:40,0.0,,,4.0,,"234,127",duelo,,1300.0,0,0,0,0,0,0,0,0,0,0,0,0,0,0,0,0,0,0,0,0,0,0,0,0,0,0,0,0,0,0,0,0,0,0,0,0,0,0,0,0,0,0,0,0,0,0,0,0,0,0,0,0,0,0,0,0,0,0,0,,234.43576692850027,,127.22109160404109,
2022/07/03,pases aldosivi ,Aldosivi,15:51:19,18:00:37,remate pie,,00:22:41,00:22:41,0.0,"258,64",Rival,10.0,,"234,139",media distancia,,1361.0,0,0,0,0,0,0,0,0,0,0,0,0,0,0,0,0,0,0,0,0,0,0,0,0,0,0,0,0,0,0,0,0,0,0,0,0,0,0,0,0,0,0,0,0,0,0,0,0,0,0,0,0,0,0,0,0,0,0,0,22.0,234.34771174810433,258.2473555630242,139.38968743057075,64.19293669025015
2022/07/03,pases aldosivi ,Aldosivi,15:51:19,18:00:37,pase,,00:24:19,00:24:19,0.0,"126,89",11,7.0,,"78,38",medio,,1459.0,0,0,0,0,0,0,1,0,0,0,0,0,0,0,0,0,0,0,0,0,0,0,0,0,0,0,0,0,0,0,0,0,0,0,0,0,0,0,0,0,0,0,0,0,0,0,0,0,0,0,0,0,0,0,0,0,0,0,0,11.0,78.34923500374589,126.40214314755224,38.14755507224976,89.17614121141756
2022/07/03,pases aldosivi ,Aldosivi,15:51:19,18:00:37,pase,,00:24:20,00:24:20,0.0,"62,151",4,11.0,,"119,99",medio,,1460.0,0,0,0,0,0,0,1,0,0,0,0,0,0,0,0,0,0,0,0,0,0,0,0,0,0,0,0,0,0,0,0,0,0,0,0,0,0,0,0,0,0,0,0,0,0,0,0,0,0,0,0,0,0,0,0,0,0,0,0,9.0,119.22663244107535,62.06510963822225,99.09957774462003,151.3169154186803
2022/07/03,pases aldosivi ,Aldosivi,15:51:19,18:00:37,pase,,00:24:29,00:24:29,0.0,"196,136",11,4.0,,"56,132",largo,,1469.0,0,0,0,0,0,0,0,1,0,0,0,0,0,0,0,0,0,0,0,0,0,0,0,0,0,0,0,0,0,0,0,0,0,0,0,0,0,0,0,0,0,0,0,0,0,0,0,0,0,0,0,0,0,0,0,0,0,0,0,18.0,55.83620841245171,196.44048589781207,132.15550476094145,135.54650216133837
2022/07/03,pases aldosivi ,Aldosivi,15:51:19,18:00:37,perdida,,00:24:30,00:24:30,0.0,,,4.0,,"81,147",error tactico,,1470.0,0,0,0,0,0,0,0,0,0,0,0,0,0,0,0,0,0,0,0,0,0,0,0,0,0,0,0,0,0,0,0,0,0,0,0,0,0,0,0,0,0,0,0,0,0,0,0,0,0,0,0,0,0,0,0,0,0,0,0,,80.80733403258992,,146.68968487739656,
2022/07/03,pases aldosivi ,Aldosivi,15:51:19,18:00:37,pase,,00:28:11,00:28:11,0.0,"15,132",2,1.0,,"28,62",s arquero pie,,1691.0,0,0,0,0,0,0,0,0,0,0,0,0,0,0,0,0,0,0,0,0,0,0,0,0,0,0,0,0,0,0,0,0,0,0,0,0,0,0,0,0,0,0,0,0,0,0,0,0,0,0,0,0,0,0,0,0,0,1,0,5.0,28.442278562146505,15.168729490287957,62.06824868389499,131.58502183947726
2022/07/03,pases aldosivi ,Aldosivi,15:51:19,18:00:37,pase,,00:28:18,00:28:18,0.0,"108,145",10,5.0,,"46,138",corto,,1698.0,0,0,0,0,0,0,1,0,0,0,0,0,0,0,0,0,0,0,0,0,0,0,0,0,0,0,0,0,0,0,0,0,0,0,0,0,0,0,0,0,0,0,0,0,0,0,0,0,0,0,0,0,0,0,0,0,0,0,0,12.0,46.22488208728694,107.85154765699116,138.4616829023817,145.21367720751476
2022/07/03,pases aldosivi ,Aldosivi,15:51:19,18:00:37,pase,,00:28:16,00:28:16,0.0,"75,157",5,2.0,,"39,101",corto,,1696.0,0,0,0,0,0,0,1,0,0,0,0,0,0,0,0,0,0,0,0,0,0,0,0,0,0,0,0,0,0,0,0,0,0,0,0,0,0,0,0,0,0,0,0,0,0,0,0,0,0,0,0,0,0,0,0,0,0,0,0,9.0,39.38504301209989,74.86530313605769,100.94455417103524,157.38186752863533
2022/07/03,pases aldosivi ,Aldosivi,15:51:19,18:00:37,pase,,00:28:42,00:28:42,0.0,"96,85",2,5.0,,"165,150",corto,,1722.0,0,0,0,0,0,0,1,0,0,0,0,0,0,0,0,0,0,0,0,0,0,0,0,0,0,0,0,0,0,0,0,0,0,0,0,0,0,0,0,0,0,0,0,0,0,0,0,0,0,0,0,0,0,0,0,0,0,0,0,11.0,164.50701002641398,95.69368254812022,150.17834270452838,84.9237571530937
2022/07/03,pases aldosivi ,Aldosivi,15:51:19,18:00:37,pase,,00:28:48,00:28:48,0.0,"212,95",7,2.0,,"149,63",corto,,1728.0,0,0,0,0,0,0,1,0,0,0,0,0,0,0,0,0,0,0,0,0,0,0,0,0,0,0,0,0,0,0,0,0,0,0,0,0,0,0,0,0,0,0,0,0,0,0,0,0,0,0,0,0,0,0,0,0,0,0,0,17.0,148.8049230935988,212.17874376037992,63.2587157643857,94.56981210375199
2022/07/03,pases aldosivi ,Aldosivi,15:51:19,18:00:37,pase,,00:28:52,00:28:52,0.0,"213,65",10,7.0,,"199,74",corto,,1732.0,0,0,0,0,0,0,1,0,0,0,0,0,0,0,0,0,0,0,0,0,0,0,0,0,0,0,0,0,0,0,0,0,0,0,0,0,0,0,0,0,0,0,0,0,0,0,0,0,0,0,0,0,0,0,0,0,0,0,0,17.0,198.8441623042111,212.6266261782976,73.5741200279546,65.23771991118264
2022/07/03,pases aldosivi ,Aldosivi,15:51:19,18:00:37,pase,,00:28:55,00:28:55,0.0,"258,93",7,10.0,,"202,72",corto,,1735.0,0,0,0,0,0,0,1,0,0,0,0,0,0,0,0,0,0,0,0,0,0,0,0,0,0,0,0,0,0,0,0,0,0,0,0,0,0,0,0,0,0,0,0,0,0,0,0,0,0,0,0,0,0,0,0,0,0,0,0,21.0,201.89848601560115,257.85485013454337,72.188612701716,93.4928214728559
2022/07/03,pases aldosivi ,Aldosivi,15:51:19,18:00:37,remate pie,,00:28:56,00:28:56,0.0,"245,96",Rival,7.0,,"226,82",corta distancia,,1736.0,0,0,0,0,0,0,0,0,0,0,0,0,0,0,0,0,0,0,0,0,0,0,0,0,0,0,0,0,0,0,0,0,0,0,0,0,0,0,0,0,0,0,0,0,0,0,0,0,0,0,0,0,0,0,0,0,0,0,0,22.0,226.11113241513883,245.2363155240895,82.09103514705627,95.58263778626807
2022/07/03,pases aldosivi ,Aldosivi,15:51:19,18:00:37,falta,,00:29:47,00:29:47,0.0,,,8.0,,"150,84",hecha,,1787.0,0,0,0,0,0,0,0,0,0,0,0,0,0,0,0,0,0,0,0,0,0,0,0,0,1,0,0,0,0,1,0,0,0,0,0,0,0,0,0,0,0,0,0,0,0,0,0,0,0,0,0,0,0,0,0,0,0,0,0,,149.73762491601258,,84.03448961767715,
2022/07/03,pases aldosivi ,Aldosivi,15:51:19,18:00:37,tarjeta,,00:29:48,00:29:48,0.0,,,8.0,,"169,79",amarilla,,1788.0,0,0,0,0,0,0,0,0,0,0,0,0,0,0,0,0,0,0,0,0,0,0,0,0,0,0,0,0,0,0,0,0,0,0,0,0,0,0,0,0,0,0,0,0,0,0,0,0,0,0,0,0,0,0,0,0,0,0,0,,168.57574295225174,,78.64968146766908,
2022/07/03,pases aldosivi ,Aldosivi,15:51:19,18:00:37,pase,,00:30:21,00:30:21,0.0,"77,96",2,8.0,,"98,74",corto,,1821.0,0,0,0,0,0,0,1,0,0,0,0,0,0,0,0,0,0,0,0,0,0,0,0,0,0,0,0,0,0,0,0,0,0,0,0,0,0,0,0,0,0,0,0,0,0,0,0,0,0,0,0,0,0,0,0,0,0,0,0,8.0,97.71461108367693,77.4477304432258,74.3089770611139,96.12881339796475
2022/07/03,pases aldosivi ,Aldosivi,15:51:19,18:00:37,pase,,00:30:26,00:30:26,0.0,"67,77",6,2.0,,"81,100",corto,,1826.0,0,0,0,0,0,0,1,0,0,0,0,0,0,0,0,0,0,0,0,0,0,0,0,0,0,0,0,0,0,0,0,0,0,0,0,0,0,0,0,0,0,0,0,0,0,0,0,0,0,0,0,0,0,0,0,0,0,0,0,8.0,80.89344242245005,67.33723331574893,99.80166177145905,76.98715644115958
2022/07/03,pases aldosivi ,Aldosivi,15:51:19,18:00:37,pase,,00:30:29,00:30:29,0.0,"126,93",5,6.0,,"80,66",corto,,1829.0,0,0,0,0,0,0,1,0,0,0,0,0,0,0,0,0,0,0,0,0,0,0,0,0,0,0,0,0,0,0,0,0,0,0,0,0,0,0,0,0,0,0,0,0,0,0,0,0,0,0,0,0,0,0,0,0,0,0,0,11.0,80.35282641207247,125.89178532863653,65.59979955128605,92.72807400210368
2022/07/03,pases aldosivi ,Aldosivi,15:51:19,18:00:37,pase,,00:30:31,00:30:31,0.0,"102,2",8,5.0,,"94,101",corto,,1831.0,0,0,0,0,0,0,1,0,0,0,0,0,0,0,0,0,0,0,0,0,0,0,0,0,0,0,0,0,0,0,0,0,0,0,0,0,0,0,0,0,0,0,0,0,0,0,0,0,0,0,0,0,0,0,0,0,0,0,0,10.0,94.31767243140939,102.24077458554997,100.84948211334752,2.419407239507848
2022/07/03,pases aldosivi ,Aldosivi,15:51:19,18:00:37,pase,,00:30:34,00:30:34,0.0,"191,25",11,8.0,,"153,1",corto,,1834.0,0,0,0,0,0,0,1,0,0,0,0,0,0,0,0,0,0,0,0,0,0,0,0,0,0,0,0,0,0,0,0,0,0,0,0,0,0,0,0,0,0,0,0,0,0,0,0,0,0,0,0,0,0,0,0,0,0,0,0,16.0,152.5127281092466,191.2830088656459,1.0696527877095612,24.906326095052844
2022/07/03,pases aldosivi ,Aldosivi,15:51:19,18:00:37,pase,,00:30:37,00:30:37,0.0,"216,21",7,11.0,,"219,22",corto,,1837.0,0,0,0,0,0,0,1,0,0,0,0,0,0,0,0,0,0,0,0,0,0,0,0,0,0,0,0,0,0,0,0,0,0,0,0,0,0,0,0,0,0,0,0,0,0,0,0,0,0,0,0,0,0,0,0,0,0,0,0,16.0,218.66699044147214,216.41721090774914,21.7179951710886,21.070205322229786
2022/07/03,pases aldosivi ,Aldosivi,15:51:19,18:00:37,pase,,00:30:52,00:30:52,0.0,"125,36",5,8.0,,"180,13",corto,,1852.0,0,0,0,0,0,0,1,0,0,0,0,0,0,0,0,0,0,0,0,0,0,0,0,0,0,0,0,0,0,0,0,0,0,0,0,0,0,0,0,0,0,0,0,0,0,0,0,0,0,0,0,0,0,0,0,0,0,0,0,10.0,179.95449788632197,124.58448918524678,13.187552696760356,36.33444649973486
2022/07/03,pases aldosivi ,Aldosivi,15:51:19,18:00:37,pase,,00:30:56,00:30:56,0.0,"58,91",6,5.0,,"90,32",medio,,1856.0,0,0,0,0,0,0,1,0,0,0,0,0,0,0,0,0,0,0,0,0,0,0,0,0,0,0,0,0,0,0,0,0,0,0,0,0,0,0,0,0,0,0,0,0,0,0,0,0,0,0,0,0,0,0,0,0,0,0,0,8.0,90.0033176717402,58.29479103342062,31.68003352152067,90.96558680308503
2022/07/03,pases aldosivi ,Aldosivi,15:51:19,18:00:37,pase,,00:31:00,00:31:00,0.0,"99,130",4,6.0,,"53,100",medio,,1860.0,0,0,0,0,0,0,1,0,0,0,0,0,0,0,0,0,0,0,0,0,0,0,0,0,0,0,0,0,0,0,0,0,0,0,0,0,0,0,0,0,0,0,0,0,0,0,0,0,0,0,0,0,0,0,0,0,0,0,0,12.0,53.251110473466845,98.6210037539052,100.04841111926376,129.5427242344988
2022/07/03,pases aldosivi ,Aldosivi,15:51:19,18:00:37,pase,,00:31:04,00:31:04,0.0,"258,131",10,4.0,,"158,153",largo,,1864.0,0,0,0,0,0,0,1,0,0,0,0,0,0,0,0,0,0,0,0,0,0,0,0,0,0,0,0,0,0,0,0,0,0,0,0,0,0,0,0,0,0,0,0,0,0,0,0,0,0,0,0,0,0,0,0,0,0,0,0,23.0,158.05739107486292,257.9383746658543,152.51382020775344,130.9979984327551
2022/07/03,pases aldosivi ,Aldosivi,15:51:19,18:00:37,pase,,00:31:07,00:31:07,0.0,"244,72",11,10.0,,"231,113",corto,,1867.0,0,0,0,0,0,0,0,1,0,0,0,0,0,0,0,0,0,0,0,0,0,0,0,0,0,0,0,0,0,0,0,0,0,0,0,0,0,0,0,0,0,0,0,0,0,0,0,0,0,0,0,0,0,0,0,0,0,0,0,21.0,231.1154089274561,243.51219465890682,113.3448560536321,71.83519855144152
2022/07/03,pases aldosivi ,Aldosivi,15:51:19,18:00:37,perdida,,00:31:08,00:31:08,0.0,,,10.0,,"270,128",robo,,1868.0,0,0,0,0,0,0,0,0,0,0,0,0,0,0,0,0,0,0,0,0,0,0,0,0,0,0,0,0,0,0,0,0,0,0,0,0,0,0,0,0,0,0,0,0,0,0,0,0,0,0,0,0,0,0,0,0,0,0,0,,269.7784503931101,,128.42374448859402,
2022/07/03,pases aldosivi ,Aldosivi,15:51:19,18:00:37,pase,,00:31:17,00:31:17,0.0,"205,25",3,8.0,,"180,35",corto,,1877.0,0,0,0,0,0,0,1,0,0,0,0,0,0,0,0,0,0,0,0,0,0,0,0,0,0,0,0,0,0,0,0,0,0,0,0,0,0,0,0,0,0,0,0,0,0,0,0,0,0,0,0,0,0,0,0,0,0,0,0,16.0,179.66709563958324,204.79478589680926,34.86770767893823,24.91465555235019
2022/07/03,pases aldosivi ,Aldosivi,15:51:19,18:00:37,remate pie,,00:31:24,00:31:24,0.0,"252,73",Rival,3.0,,"191,8",media distancia,,1884.0,0,0,0,0,0,0,0,0,0,0,0,0,0,0,0,0,0,0,0,0,0,0,0,0,0,0,0,0,0,0,0,0,0,0,0,0,0,0,0,0,0,0,0,0,0,0,0,0,0,0,0,0,0,0,0,0,0,0,0,22.0,190.59674686743182,251.90985077531127,8.219678078939198,73.09691566870173
2022/07/03,pases aldosivi ,Aldosivi,15:51:19,18:00:37,pase,,00:32:57,00:32:57,0.0,"58,100",6,5.0,,"112,95",corto,,1977.0,0,0,0,0,0,0,1,0,0,0,0,0,0,0,0,0,0,0,0,0,0,0,0,0,0,0,0,0,0,0,0,0,0,0,0,0,0,0,0,0,0,0,0,0,0,0,0,0,0,0,0,0,0,0,0,0,0,0,0,8.0,112.20249905524656,57.61363066918706,94.7798246414447,99.98210142297218
2022/07/03,pases aldosivi ,Aldosivi,15:51:19,18:00:37,pase,,00:33:00,00:33:00,0.0,"47,74",2,6.0,,"53,61",corto,,1980.0,0,0,0,0,0,0,1,0,0,0,0,0,0,0,0,0,0,0,0,0,0,0,0,0,0,0,0,0,0,0,0,0,0,0,0,0,0,0,0,0,0,0,0,0,0,0,0,0,0,0,0,0,0,0,0,0,0,0,0,8.0,52.846165060752156,46.75301520228274,61.31916651341307,73.70603997535488
2022/07/03,pases aldosivi ,Aldosivi,15:51:19,18:00:37,pase,,00:33:06,00:33:06,0.0,"162,27",3,2.0,,"109,37",medio,,1986.0,0,0,0,0,0,0,1,0,0,0,0,0,0,0,0,0,0,0,0,0,0,0,0,0,0,0,0,0,0,0,0,0,0,0,0,0,0,0,0,0,0,0,0,0,0,0,0,0,0,0,0,0,0,0,0,0,0,0,0,13.0,109.23645589625873,162.33232646546566,36.59748985868843,26.710111057334952
2022/07/03,pases aldosivi ,Aldosivi,15:51:19,18:00:37,pase,,00:33:07,00:33:07,0.0,"172,14",7,3.0,,"154,23",corto,,1987.0,0,0,0,0,0,0,1,0,0,0,0,0,0,0,0,0,0,0,0,0,0,0,0,0,0,0,0,0,0,0,0,0,0,0,0,0,0,0,0,0,0,0,0,0,0,0,0,0,0,0,0,0,0,0,0,0,0,0,0,13.0,154.08923761382445,172.44656606502468,23.0049452520272,14.368323392306817
2022/07/03,pases aldosivi ,Aldosivi,15:51:19,18:00:37,pase,,00:34:01,00:34:01,0.0,"0,75",1,2.0,,"14,24",corto,,2041.0,0,0,0,0,0,0,1,0,0,0,0,0,0,0,0,0,0,0,0,0,0,0,0,0,0,0,0,0,0,0,0,0,0,0,0,0,0,0,0,0,0,0,0,0,0,0,0,0,0,0,0,0,0,0,0,0,0,0,0,3.0,14.46962959811805,0.0,23.76692246878011,74.52135167168376
2022/07/03,pases aldosivi ,Aldosivi,15:51:19,18:00:37,pase,,00:34:05,00:34:05,0.0,"40,25",2,1.0,,"30,74",corto,,2045.0,0,0,0,0,0,0,1,0,0,0,0,0,0,0,0,0,0,0,0,0,0,0,0,0,0,0,0,0,0,0,0,0,0,0,0,0,0,0,0,0,0,0,0,0,0,0,0,0,0,0,0,0,0,0,0,0,0,0,0,2.0,29.910535161993252,39.81901552467854,73.5488880808577,25.207921926953805
2022/07/03,pases aldosivi ,Aldosivi,15:51:19,18:00:37,pase,,00:34:12,00:34:12,0.0,"18,72",6,2.0,,"70,27",corto,,2052.0,0,0,0,0,0,0,1,0,0,0,0,0,0,0,0,0,0,0,0,0,0,0,0,0,0,0,0,0,0,0,0,0,0,0,0,0,0,0,0,0,0,0,0,0,0,0,0,0,0,0,0,0,0,0,0,0,0,0,0,4.0,70.09238856903447,17.612786644680078,27.195801994203464,71.78088583232831
2022/07/03,pases aldosivi ,Aldosivi,15:51:19,18:00:37,pase,,00:34:16,00:34:16,0.0,"82,18",2,6.0,,"82,91",corto,,2056.0,0,0,0,0,0,0,1,0,0,0,0,0,0,0,0,0,0,0,0,0,0,0,0,0,0,0,0,0,0,0,0,0,0,0,0,0,0,0,0,0,0,0,0,0,0,0,0,0,0,0,0,0,0,0,0,0,0,0,0,7.0,82.28518333726166,81.56761508708902,91.49787319976474,17.70573768183065
2022/07/03,pases aldosivi ,Aldosivi,15:51:19,18:00:37,pase,,00:34:18,00:34:18,0.0,"105,9",3,2.0,,"64,77",medio,,2058.0,0,0,0,0,0,0,1,0,0,0,0,0,0,0,0,0,0,0,0,0,0,0,0,0,0,0,0,0,0,0,0,0,0,0,0,0,0,0,0,0,0,0,0,0,0,0,0,0,0,0,0,0,0,0,0,0,0,0,0,10.0,63.82754088587786,105.34552493042392,76.90954828538204,9.356823911579307
2022/07/03,pases aldosivi ,Aldosivi,15:51:19,18:00:37,pase,,00:34:19,00:34:19,0.0,"123,11",8,3.0,,"94,35",corto,,2059.0,0,0,0,0,0,0,1,0,0,0,0,0,0,0,0,0,0,0,0,0,0,0,0,0,0,0,0,0,0,0,0,0,0,0,0,0,0,0,0,0,0,0,0,0,0,0,0,0,0,0,0,0,0,0,0,0,0,0,0,10.0,94.25863538373304,123.01894580060252,35.07072761831943,10.870257834885034
2022/07/03,pases aldosivi ,Aldosivi,15:51:19,18:00:37,pase,,00:34:24,00:34:24,0.0,"75,29",2,8.0,,"92,29",corto,,2064.0,0,0,0,0,0,0,1,0,0,0,0,0,0,0,0,0,0,0,0,0,0,0,0,0,0,0,0,0,0,0,0,0,0,0,0,0,0,0,0,0,0,0,0,0,0,0,0,0,0,0,0,0,0,0,0,0,0,0,0,7.0,92.17226019082094,75.4241783683988,29.14802145981836,28.958532156680985
2022/07/03,pases aldosivi ,Aldosivi,15:51:19,18:00:37,pase,,00:34:30,00:34:30,0.0,"183,96",9,2.0,,"64,15",largo,,2070.0,0,0,0,0,0,0,0,1,0,0,0,0,0,0,0,0,0,0,0,0,0,0,0,0,0,0,0,0,0,0,0,0,0,0,0,0,0,0,0,0,0,0,0,0,0,0,0,0,0,0,0,0,0,0,0,0,0,0,0,17.0,64.03463388611081,183.2402954890213,15.238215216251689,95.64917646014302
2022/07/03,pases aldosivi ,Aldosivi,15:51:19,18:00:37,perdida,,00:34:31,00:34:31,0.0,,,2.0,,"86,22",interceptado,,2071.0,0,0,0,0,0,0,0,0,0,0,0,0,0,0,0,0,0,0,0,0,0,0,0,0,0,0,0,0,0,0,0,0,0,0,0,0,0,0,0,0,0,0,0,0,0,0,0,0,0,0,0,0,0,0,0,0,0,0,0,,86.13729440440218,,21.694562663508208,
2022/07/03,pases aldosivi ,Aldosivi,15:51:19,18:00:37,falta,,00:35:54,00:35:54,0.0,,,4.0,,"46,143",recibida,,2154.0,0,0,0,0,0,0,0,0,0,0,0,0,0,0,0,0,0,0,0,0,0,0,0,0,0,1,0,0,0,0,0,0,0,0,0,0,0,0,0,0,0,0,0,0,0,0,0,0,0,0,0,0,0,0,0,0,0,0,0,,46.44790684607977,,143.2675248942036,
2022/07/03,pases aldosivi ,Aldosivi,15:51:19,18:00:37,pase,,00:36:20,00:36:20,0.0,"34,56",2,1.0,,"30,84",corto,,2180.0,0,0,0,0,0,0,1,0,0,0,0,0,0,0,0,0,0,0,0,0,0,0,0,0,0,0,0,0,0,0,0,0,0,0,0,0,0,0,0,0,0,0,0,0,0,0,0,0,0,0,0,0,0,0,0,0,0,0,0,2.0,29.729079165129747,33.519394184188066,84.02113409491685,55.50116905542566
2022/07/03,pases aldosivi ,Aldosivi,15:51:19,18:00:37,falta,,00:36:40,00:36:40,0.0,,,10.0,,"110,152",recibida,,2200.0,0,0,0,0,0,0,0,0,0,0,0,0,0,0,0,0,0,0,0,0,0,0,0,0,0,1,0,0,0,0,0,0,0,0,0,0,0,0,0,0,0,0,0,0,0,0,0,0,0,0,0,0,0,0,0,0,0,0,0,,109.70293804378117,,151.8602141911921,
2022/07/03,pases aldosivi ,Aldosivi,15:51:19,18:00:37,pase,,00:36:56,00:36:56,0.0,"258,71",7,8.0,,"232,53",corto,,2216.0,0,0,0,0,0,0,1,0,0,0,0,0,0,0,0,0,0,0,0,0,0,0,0,0,0,0,0,0,0,0,0,0,0,0,0,0,0,0,0,0,0,0,0,0,0,0,0,0,0,0,0,0,0,0,0,0,0,0,0,21.0,231.90946945741655,257.72798254609734,53.33927910573955,70.63885560693768
2022/07/03,pases aldosivi ,Aldosivi,15:51:19,18:00:37,remate pie,,00:36:57,00:36:57,0.0,"243,85",Rival,7.0,,"229,94",corta distancia,,2217.0,0,0,0,0,0,0,0,0,0,0,0,0,0,0,0,0,0,0,0,0,0,0,0,0,0,0,0,0,0,0,0,0,0,0,0,0,0,0,0,0,0,0,0,0,0,0,0,0,0,0,0,0,0,0,0,0,0,0,0,22.0,229.2970752788023,242.6393718547562,94.33688739807823,84.53436325979548
2022/07/03,pases aldosivi ,Aldosivi,15:51:19,18:00:37,pase,,00:36:53,00:36:53,0.0,"223,27",8,3.0,,"202,16",corto,,2213.0,0,0,0,0,0,0,1,0,0,0,0,0,0,0,0,0,0,0,0,0,0,0,0,0,0,0,0,0,0,0,0,0,0,0,0,0,0,0,0,0,0,0,0,0,0,0,0,0,0,0,0,0,0,0,0,0,0,0,0,16.0,201.7383386656537,222.55039962720647,16.275699617959653,26.879924462370717
2022/07/03,pases aldosivi ,Aldosivi,15:51:19,18:00:37,pase,,00:38:31,00:38:31,0.0,"119,10",3,6.0,,"58,65",medio,,2311.0,0,0,0,0,0,0,1,0,0,0,0,0,0,0,0,0,0,0,0,0,0,0,0,0,0,0,0,0,0,0,0,0,0,0,0,0,0,0,0,0,0,0,0,0,0,0,0,0,0,0,0,0,0,0,0,0,0,0,0,10.0,58.07263044041653,118.55588969512951,65.34927620887106,9.878524182093653
2022/07/03,pases aldosivi ,Aldosivi,15:51:19,18:00:37,pase,,00:38:37,00:38:37,0.0,"249,95",9,3.0,,"224,10",medio,,2317.0,0,0,0,0,0,0,0,1,0,0,0,0,0,0,0,0,0,0,0,0,0,0,0,0,0,0,0,0,0,0,0,0,0,0,0,0,0,0,0,0,0,0,0,0,0,0,0,0,0,0,0,0,0,0,0,0,0,0,0,21.0,223.94033772839956,248.87451082163307,10.369096271467651,95.15608966023908
2022/07/03,pases aldosivi ,Aldosivi,15:51:19,18:00:37,perdida,,00:38:38,00:38:38,0.0,,,3.0,,"194,21",interceptado,,2318.0,0,0,0,0,0,0,0,0,0,0,0,0,0,0,0,0,0,0,0,0,0,0,0,0,0,0,0,0,0,0,0,0,0,0,0,0,0,0,0,0,0,0,0,0,0,0,0,0,0,0,0,0,0,0,0,0,0,0,0,,193.72154060698793,,20.879389877365725,
2022/07/03,pases aldosivi ,Aldosivi,15:51:19,18:00:37,pase,,00:38:46,00:38:46,0.0,"31,101",1,2.0,,"114,32",medio,,2326.0,0,0,0,0,0,0,1,0,0,0,0,0,0,0,0,0,0,0,0,0,0,0,0,0,0,0,0,0,0,0,0,0,0,0,0,0,0,0,0,0,0,0,0,0,0,0,0,0,0,0,0,0,0,0,0,0,0,0,0,4.0,113.6855952313382,30.92810642699868,31.53611246015339,101.35286606622685
2022/07/03,pases aldosivi ,Aldosivi,15:51:19,18:00:37,pase,,00:38:52,00:38:52,0.0,"97,98",5,1.0,,"17,66",corto,,2332.0,0,0,0,0,0,0,1,0,0,0,0,0,0,0,0,0,0,0,0,0,0,0,0,0,0,0,0,0,0,0,0,0,0,0,0,0,0,0,0,0,0,0,0,0,0,0,0,0,0,0,0,0,0,0,0,0,0,0,0,11.0,16.562208990648838,96.62838821188534,66.06873584775133,98.46105086437805
2022/07/03,pases aldosivi ,Aldosivi,15:51:19,18:00:37,pase,,00:38:55,00:38:55,0.0,"125,71",4,5.0,,"126,77",corto,,2335.0,0,0,0,0,0,0,1,0,0,0,0,0,0,0,0,0,0,0,0,0,0,0,0,0,0,0,0,0,0,0,0,0,0,0,0,0,0,0,0,0,0,0,0,0,0,0,0,0,0,0,0,0,0,0,0,0,0,0,0,11.0,126.32326374773663,125.27019685807957,77.03650661127047,71.24387543894737
2022/07/03,pases aldosivi ,Aldosivi,15:51:19,18:00:37,pase,,00:38:56,00:38:56,0.0,"110,90",5,4.0,,"103,94",corto,,2336.0,0,0,0,0,0,0,1,0,0,0,0,0,0,0,0,0,0,0,0,0,0,0,0,0,0,0,0,0,0,0,0,0,0,0,0,0,0,0,0,0,0,0,0,0,0,0,0,0,0,0,0,0,0,0,0,0,0,0,0,11.0,103.37975551172578,109.81294217461227,94.16280572222435,90.34645371709694
2022/07/03,pases aldosivi ,Aldosivi,15:51:19,18:00:37,pase,,00:39:03,00:39:03,0.0,"212,158",11,5.0,,"97,83",medio,,2343.0,0,0,0,0,0,0,0,1,0,0,0,0,0,0,0,0,0,0,0,0,0,0,0,0,0,0,0,0,0,0,0,0,0,0,0,0,0,0,0,0,0,0,0,0,0,0,0,0,0,0,0,0,0,0,0,0,0,0,0,18.0,97.22213008111288,212.11856681067638,82.90087915743322,157.97952841469322
2022/07/03,pases aldosivi ,Aldosivi,15:51:19,18:00:37,perdida,,00:39:04,00:39:04,0.0,,,5.0,,"106,82",balon afuera lateral,,2344.0,0,0,0,0,0,0,0,0,0,0,0,0,0,0,0,0,0,0,0,0,0,0,0,0,0,0,0,0,0,0,0,0,0,0,0,0,0,0,0,0,0,0,0,0,0,0,0,0,0,0,0,0,0,0,0,0,0,0,0,,106.27302950203953,,82.45124899986156,
2022/07/03,pases aldosivi ,Aldosivi,15:51:19,18:00:37,pase,,00:40:40,00:40:40,0.0,"192,39",5,8.0,,"201,15",corto,,2440.0,0,0,0,0,0,0,1,0,0,0,0,0,0,0,0,0,0,0,0,0,0,0,0,0,0,0,0,0,0,0,0,0,0,0,0,0,0,0,0,0,0,0,0,0,0,0,0,0,0,0,0,0,0,0,0,0,0,0,0,16.0,201.3426080352644,192.23966723284028,15.145108437107424,38.618546248989766
2022/07/03,pases aldosivi ,Aldosivi,15:51:19,18:00:37,pase,,00:40:44,00:40:44,0.0,"116,69",6,5.0,,"150,35",corto,,2444.0,0,0,0,0,0,0,1,0,0,0,0,0,0,0,0,0,0,0,0,0,0,0,0,0,0,0,0,0,0,0,0,0,0,0,0,0,0,0,0,0,0,0,0,0,0,0,0,0,0,0,0,0,0,0,0,0,0,0,0,11.0,149.50584859900945,116.11234787344296,34.64613279637381,68.63066764392516
2022/07/03,pases aldosivi ,Aldosivi,15:51:19,18:00:37,pase,,00:40:47,00:40:47,0.0,"166,133",4,6.0,,"157,76",corto,,2447.0,0,0,0,0,0,0,1,0,0,0,0,0,0,0,0,0,0,0,0,0,0,0,0,0,0,0,0,0,0,0,0,0,0,0,0,0,0,0,0,0,0,0,0,0,0,0,0,0,0,0,0,0,0,0,0,0,0,0,0,15.0,157.19385459796143,165.8035966293704,76.33143395421136,133.43651418652817
2022/07/03,pases aldosivi ,Aldosivi,15:51:19,18:00:37,pase,,00:40:53,00:40:53,0.0,"222,85",9,4.0,,"159,162",medio,,2453.0,0,0,0,0,0,0,1,0,0,0,0,0,0,0,0,0,0,0,0,0,0,0,0,0,0,0,0,0,0,0,0,0,0,0,0,0,0,0,0,0,0,0,0,0,0,0,0,0,0,0,0,0,0,0,0,0,0,0,0,17.0,159.3783865675489,222.2750639333953,161.83121481150903,84.7436916191973
2022/07/03,pases aldosivi ,Aldosivi,15:51:19,18:00:37,pase,,00:40:55,00:40:55,0.0,"158,75",5,9.0,,"217,63",medio,,2455.0,0,0,0,0,0,0,0,1,0,0,0,0,0,0,0,0,0,0,0,0,0,0,0,0,0,0,0,0,0,0,0,0,0,0,0,0,0,0,0,0,0,0,0,0,0,0,0,0,0,0,0,0,0,0,0,0,0,0,0,14.0,217.45161266152266,158.37410524653734,62.779538851323714,75.11011898742527
2022/07/03,pases aldosivi ,Aldosivi,15:51:19,18:00:37,perdida,,00:40:59,00:40:59,0.0,,,5.0,,"176,71",interceptado,,2459.0,0,0,0,0,0,0,0,0,0,0,0,0,0,0,0,0,0,0,0,0,0,0,0,0,0,0,0,0,0,0,0,0,0,0,0,0,0,0,0,0,0,0,0,0,0,0,0,0,0,0,0,0,0,0,0,0,0,0,0,,176.2042454181619,,70.98731008825156,
2022/07/03,pases aldosivi ,Aldosivi,15:51:19,18:00:37,falta,,00:41:07,00:41:07,0.0,,,5.0,,"101,65",hecha,,2467.0,0,0,0,0,0,0,0,0,0,0,0,0,0,0,0,0,0,0,0,0,0,0,0,0,1,0,0,0,0,0,0,0,0,0,0,0,0,0,0,0,0,0,0,0,0,0,0,0,0,0,0,0,0,0,0,0,0,0,0,,100.9653713711385,,65.10524711431384,
2022/07/03,pases aldosivi ,Aldosivi,15:51:19,18:00:37,pase,,00:43:40,00:43:40,0.0,"64,161",4,5.0,,"67,86",corto,,2620.0,0,0,0,0,0,0,1,0,0,0,0,0,0,0,0,0,0,0,0,0,0,0,0,0,0,0,0,0,0,0,0,0,0,0,0,0,0,0,0,0,0,0,0,0,0,0,0,0,0,0,0,0,0,0,0,0,0,0,0,9.0,66.9837238262753,63.939148079064125,86.4910048022538,160.56827116552523
2022/07/03,pases aldosivi ,Aldosivi,15:51:19,18:00:37,pase,,00:43:44,00:43:44,0.0,"95,93",9,4.0,,"95,125",corto,,2624.0,0,0,0,0,0,0,1,0,0,0,0,0,0,0,0,0,0,0,0,0,0,0,0,0,0,0,0,0,0,0,0,0,0,0,0,0,0,0,0,0,0,0,0,0,0,0,0,0,0,0,0,0,0,0,0,0,0,0,0,11.0,94.85145912008167,95.35091161747306,125.23505703634054,93.3346088204615
2022/07/03,pases aldosivi ,Aldosivi,15:51:19,18:00:37,pase,,00:43:46,00:43:46,0.0,"52,68",5,9.0,,"121,73",corto,,2626.0,0,0,0,0,0,0,1,0,0,0,0,0,0,0,0,0,0,0,0,0,0,0,0,0,0,0,0,0,0,0,0,0,0,0,0,0,0,0,0,0,0,0,0,0,0,0,0,0,0,0,0,0,0,0,0,0,0,0,0,8.0,121.378738292423,52.214804673364,72.55725540857154,68.32554465390058
2022/07/03,pases aldosivi ,Aldosivi,15:51:19,18:00:37,pase,,00:43:50,00:43:50,0.0,"148,8",3,5.0,,"55,74",medio,,2630.0,0,0,0,0,0,0,1,0,0,0,0,0,0,0,0,0,0,0,0,0,0,0,0,0,0,0,0,0,0,0,0,0,0,0,0,0,0,0,0,0,0,0,0,0,0,0,0,0,0,0,0,0,0,0,0,0,0,0,0,13.0,54.76406589446089,148.07193668989444,73.59173958409528,7.5674811064939895
2022/07/03,pases aldosivi ,Aldosivi,15:51:19,18:00:37,pase,,00:43:53,00:43:53,0.0,"201,14",11,3.0,,"178,29",medio,,2633.0,0,0,0,0,0,0,1,0,0,0,0,0,0,0,0,0,0,0,0,0,0,0,0,0,0,0,0,0,0,0,0,0,0,0,0,0,0,0,0,0,0,0,0,0,0,0,0,0,0,0,0,0,0,0,0,0,0,0,0,16.0,177.54906783597573,200.58630291210017,29.29129693947688,13.683693739016334
2022/07/03,pases aldosivi ,Aldosivi,15:51:19,18:00:37,falta,,00:43:56,00:43:56,0.0,,,11.0,,"198,5",recibida,,2636.0,0,0,0,0,0,0,0,0,0,0,0,0,0,0,0,0,0,0,0,0,0,0,0,0,0,1,0,0,0,0,0,0,0,0,0,0,0,0,0,0,0,0,0,0,0,0,0,0,0,0,0,0,0,0,0,0,0,0,0,,197.62924791956925,,4.776501610292335,
2022/07/03,pases aldosivi ,Aldosivi,15:51:19,18:00:37,falta,,00:45:55,00:45:55,0.0,,,7.0,,"104,31",hecha,,2755.0,0,0,0,0,0,0,0,0,0,0,0,0,0,0,0,0,0,0,0,0,0,0,0,0,1,0,0,0,0,0,0,0,0,0,0,0,0,0,0,0,0,0,0,0,0,0,0,0,0,0,0,0,0,0,0,0,0,0,0,,103.96969692669506,,30.998968536672013,
2022/07/03,pases aldosivi ,Aldosivi,15:51:19,18:00:37,pase,,00:48:36,00:48:36,0.0,"174,23",9,1.0,,"1,88",s arquero pie,,2916.0,0,0,0,0,0,0,0,0,0,0,0,0,0,0,0,0,0,0,0,0,0,0,0,0,0,0,0,0,0,0,0,0,0,0,0,0,0,0,0,0,0,0,0,0,0,0,0,0,0,0,0,0,0,0,0,0,0,1,0,13.0,1.1783176681292709,173.92460347865153,87.52779359240213,22.637947100975218
2022/07/03,pases aldosivi ,Aldosivi,15:51:19,18:00:37,pase,,00:48:39,00:48:39,0.0,"188,21",7,9.0,,"154,28",corto,,2919.0,0,0,0,0,0,0,0,1,0,0,0,0,0,0,0,0,0,0,0,0,0,0,0,0,0,0,0,0,0,0,0,0,0,0,0,0,0,0,0,0,0,0,0,0,0,0,0,0,0,0,0,0,0,0,0,0,0,0,0,16.0,153.5710405592612,188.20659522105097,27.59805173005541,21.19998039351229
2022/07/03,pases aldosivi ,Aldosivi,15:51:19,18:00:37,perdida,,00:48:41,00:48:41,0.0,,,9.0,,"159,36",robo,,2921.0,0,0,0,0,0,0,0,0,0,0,0,0,0,0,0,0,0,0,0,0,0,0,0,0,0,0,0,0,0,0,0,0,0,0,0,0,0,0,0,0,0,0,0,0,0,0,0,0,0,0,0,0,0,0,0,0,0,0,0,,158.5313670997594,,36.410868897197275,
2022/07/03,pases aldosivi ,Aldosivi,15:51:19,18:00:37,pase,,00:56:19,00:56:19,0.0,"180,159",5,4.0,,"168,122",corto,,3379.0,0,0,0,0,0,0,1,0,0,0,0,0,0,0,0,0,0,0,0,0,0,0,0,0,0,0,0,0,0,0,0,0,0,0,0,0,0,0,0,0,0,0,0,0,0,0,0,0,0,0,0,0,0,0,0,0,0,0,0,15.0,167.53061180846123,179.62037974693388,122.3194006099381,158.60659700382766
2022/07/03,pases aldosivi ,Aldosivi,15:51:19,18:00:37,pase,,00:56:21,00:56:21,0.0,"91,158",6,5.0,,"165,133",corto,,3381.0,0,0,0,0,0,0,1,0,0,0,0,0,0,0,0,0,0,0,0,0,0,0,0,0,0,0,0,0,0,0,0,0,0,0,0,0,0,0,0,0,0,0,0,0,0,0,0,0,0,0,0,0,0,0,0,0,0,0,0,12.0,165.01967947242406,91.18250865120298,133.44724952344194,157.87435495344377
2022/07/03,pases aldosivi ,Aldosivi,15:51:19,18:00:37,pase,,00:56:32,00:56:32,0.0,"37,70",1,6.0,,"71,131",corto,,3392.0,0,0,0,0,0,0,1,0,0,0,0,0,0,0,0,0,0,0,0,0,0,0,0,0,0,0,0,0,0,0,0,0,0,0,0,0,0,0,0,0,0,0,0,0,0,0,0,0,0,0,0,0,0,0,0,0,0,0,0,4.0,71.37101623320564,36.68415029702717,131.49033746500623,70.3701582538269
2022/07/03,pases aldosivi ,Aldosivi,15:51:19,18:00:37,pase,,00:56:36,00:56:36,0.0,"127,27",2,1.0,,"51,94",largo,,3396.0,0,0,0,0,0,0,1,0,0,0,0,0,0,0,0,0,0,0,0,0,0,0,0,0,0,0,0,0,0,0,0,0,0,0,0,0,0,0,0,0,0,0,0,0,0,0,0,0,0,0,0,0,0,0,0,0,0,0,0,10.0,50.867571630900386,126.63077680558882,94.35437311553403,26.94551617762827
2022/07/03,pases aldosivi ,Aldosivi,15:51:19,18:00:37,pase,,00:56:43,00:56:43,0.0,"252,97",9,2.0,,"204,43",medio,,3403.0,0,0,0,0,0,0,1,0,0,0,0,0,0,0,0,0,0,0,0,0,0,0,0,0,0,0,0,0,0,0,0,0,0,0,0,0,0,0,0,0,0,0,0,0,0,0,0,0,0,0,0,0,0,0,0,0,0,0,0,21.0,204.2020976214339,252.25287598976257,42.753128984610086,97.05421642763136
2022/07/03,pases aldosivi ,Aldosivi,15:51:19,18:00:37,pase,,00:56:48,00:56:48,0.0,"192,61",10,9.0,,"190,71",corto,,3408.0,0,0,0,0,0,0,1,0,0,0,0,0,0,0,0,0,0,0,0,0,0,0,0,0,0,0,0,0,0,0,0,0,0,0,0,0,0,0,0,0,0,0,0,0,0,0,0,0,0,0,0,0,0,0,0,0,0,0,0,17.0,189.75386590408309,192.3662839452016,70.69422953644641,60.60318299460726
2022/07/03,pases aldosivi ,Aldosivi,15:51:19,18:00:37,pase,,00:56:51,00:56:51,0.0,"158,93",4,10.0,,"198,91",corto,,3411.0,0,0,0,0,0,0,1,0,0,0,0,0,0,0,0,0,0,0,0,0,0,0,0,0,0,0,0,0,0,0,0,0,0,0,0,0,0,0,0,0,0,0,0,0,0,0,0,0,0,0,0,0,0,0,0,0,0,0,0,14.0,198.46777727016286,157.92311422763288,91.02888081097616,92.55032669616904
2022/07/03,pases aldosivi ,Aldosivi,15:51:19,18:00:37,pase,,00:56:55,00:56:55,0.0,"178,11",3,4.0,,"158,65",corto,,3415.0,0,0,0,0,0,0,1,0,0,0,0,0,0,0,0,0,0,0,0,0,0,0,0,0,0,0,0,0,0,0,0,0,0,0,0,0,0,0,0,0,0,0,0,0,0,0,0,0,0,0,0,0,0,0,0,0,0,0,0,13.0,157.6393430274404,178.0870731719811,65.03891425525924,10.95615766781627
2022/07/03,pases aldosivi ,Aldosivi,15:51:19,18:00:37,pase,,01:15:31,01:15:31,0.0,"57,126",2,5.0,,"105,68",corto,,4531.0,0,0,0,0,0,0,1,0,0,0,0,0,0,0,0,0,0,0,0,0,0,0,0,0,0,0,0,0,0,0,0,0,0,0,0,0,0,0,0,0,0,0,0,0,0,0,0,0,0,0,0,0,0,0,0,0,0,0,0,9.0,104.96839998431535,57.25777030917938,67.75135558341219,126.29912301423204
2022/07/03,pases aldosivi ,Aldosivi,15:51:19,18:00:37,pase,,01:15:42,01:15:42,0.0,"232,103",7,2.0,,"49,146",largo,,4542.0,0,0,0,0,0,0,1,0,0,0,0,0,0,0,0,0,0,0,0,0,0,0,0,0,0,0,0,0,0,0,0,0,0,0,0,0,0,0,0,0,0,0,0,0,0,0,0,0,0,0,0,0,0,0,0,0,0,0,0,23.0,49.398761331990215,231.7586101099766,145.83482444185523,102.54488941319542
2022/07/03,pases aldosivi ,Aldosivi,15:51:19,18:00:37,pase,,01:15:42,01:15:42,0.0,"240,125",7,17.0,,"75,152",largo,,4542.0,0,0,0,0,0,0,1,0,0,0,0,0,0,0,0,0,0,0,0,0,0,0,0,0,0,0,0,0,0,0,0,0,0,0,0,0,0,0,0,0,0,0,0,0,0,0,0,0,0,0,0,0,0,0,0,0,0,0,0,23.0,75.4310694954881,240.12633565709731,151.56403253013548,125.48364506801838
2022/07/03,pases aldosivi ,Aldosivi,15:51:19,18:00:37,pase,,01:16:54,01:16:54,0.0,"176,98",10,8.0,,"171,25",corto,,4614.0,0,0,0,0,0,0,1,0,0,0,0,0,0,0,0,0,0,0,0,0,0,0,0,0,0,0,0,0,0,0,0,0,0,0,0,0,0,0,0,0,0,0,0,0,0,0,0,0,0,0,0,0,0,0,0,0,0,0,0,14.0,170.80515458285822,176.17346499153905,25.03465571005166,98.34148317982233
2022/07/03,pases aldosivi ,Aldosivi,15:51:19,18:00:37,pase,,01:16:57,01:16:57,0.0,"172,37",5,10.0,,"174,81",corto,,4617.0,0,0,0,0,0,0,1,0,0,0,0,0,0,0,0,0,0,0,0,0,0,0,0,0,0,0,0,0,0,0,0,0,0,0,0,0,0,0,0,0,0,0,0,0,0,0,0,0,0,0,0,0,0,0,0,0,0,0,0,13.0,174.32649555008732,171.6734043982004,80.70386648925887,37.25613357784636
2022/07/03,pases aldosivi ,Aldosivi,15:51:19,18:00:37,pase,,01:17:54,01:17:54,0.0,"114,139",6,5.0,,"170,98",corto,,4674.0,0,0,0,0,0,0,1,0,0,0,0,0,0,0,0,0,0,0,0,0,0,0,0,0,0,0,0,0,0,0,0,0,0,0,0,0,0,0,0,0,0,0,0,0,0,0,0,0,0,0,0,0,0,0,0,0,0,0,0,12.0,169.8429464662263,114.37743730462154,98.4966922521507,138.51001117697047
2022/07/03,pases aldosivi ,Aldosivi,15:51:19,18:00:37,pase,,01:17:59,01:17:59,0.0,"142,25",3,6.0,,"103,122",medio,,4679.0,0,0,0,0,0,0,0,1,0,0,0,0,0,0,0,0,0,0,0,0,0,0,0,0,0,0,0,0,0,0,0,0,0,0,0,0,0,0,0,0,0,0,0,0,0,0,0,0,0,0,0,0,0,0,0,0,0,0,0,13.0,103.4690876134109,142.2075095896768,122.02187414341961,25.437341553888086
2022/07/03,pases aldosivi ,Aldosivi,15:51:19,18:00:37,perdida,,01:17:59,01:17:59,0.0,,,6.0,,"94,150",error tactico,,4679.0,0,0,0,0,0,0,0,0,0,0,0,0,0,0,0,0,0,0,0,0,0,0,0,0,0,0,0,0,0,0,0,0,0,0,0,0,0,0,0,0,0,0,0,0,0,0,0,0,0,0,0,0,0,0,0,0,0,0,0,,93.89336394599584,,150.10653232467973,
2022/07/03,pases aldosivi ,Aldosivi,15:51:19,18:00:37,falta,,01:18:50,01:18:50,0.0,,,9.0,,"219,69",recibida,,4730.0,0,0,0,0,0,0,0,0,0,0,0,0,0,0,0,0,0,0,0,0,0,0,0,0,0,1,0,0,0,0,0,0,0,0,0,0,0,0,0,0,0,0,0,0,0,0,0,0,0,0,0,0,0,0,0,0,0,0,0,,219.37602572453778,,68.89705997132855,
2022/07/03,pases aldosivi ,Aldosivi,15:51:19,18:00:37,sustitucion,,01:19:28,01:19:28,0.0,,18,,,,,,4768.0,0,0,0,0,0,0,0,0,0,0,0,0,0,0,0,0,0,0,0,0,0,0,0,0,0,0,0,0,0,0,0,0,0,0,0,0,0,0,0,0,0,0,0,0,0,0,0,0,0,0,0,0,0,0,0,0,0,0,0,,,,,
2022/07/03,pases aldosivi ,Aldosivi,15:51:19,18:00:37,arquero,,01:21:06,01:21:06,0.0,,,1.0,Malo,"13,76",salvada/atajada,,4866.0,0,0,0,0,0,0,0,0,0,0,0,0,0,0,0,0,0,0,0,0,0,0,0,0,0,0,0,0,0,0,0,0,0,0,0,0,0,0,0,0,0,0,0,0,0,0,0,0,0,0,0,0,1,0,0,0,0,0,0,,12.616172640084727,,75.54571507961424,
2022/07/03,pases aldosivi ,Aldosivi,15:51:19,18:00:37,arquero,,01:21:06,01:21:06,0.0,,,1.0,Malo,"23,101",salida suelo,,4866.0,0,0,0,0,0,0,0,0,0,0,0,0,0,0,0,0,0,0,0,0,0,0,0,0,0,0,0,0,0,0,0,0,0,0,0,0,0,0,0,0,0,0,0,0,0,0,0,0,0,0,0,0,0,0,0,0,0,0,0,,22.822409817861683,,101.46981707516645,
2022/07/03,pases aldosivi ,Aldosivi,15:51:19,18:00:37,gol rival,,01:21:08,01:21:08,0.0,"14,76",1,,,"41,73",indirecta,,4868.0,0,0,0,0,0,0,0,0,0,0,0,0,0,0,0,0,0,0,0,0,0,0,0,0,0,0,0,0,0,0,0,0,0,0,0,0,0,0,0,0,0,0,0,0,0,0,0,0,0,0,1,0,0,0,0,0,0,0,0,3.0,40.816541730433165,13.700032384983071,73.2757876046892,76.49967484997079
2022/07/03,pases aldosivi ,Aldosivi,15:51:19,18:00:37,pase,,01:22:55,01:22:55,0.0,"62,76",2,6.0,,"99,127",corto,,4975.0,0,0,0,0,0,0,1,0,0,0,0,0,0,0,0,0,0,0,0,0,0,0,0,0,0,0,0,0,0,0,0,0,0,0,0,0,0,0,0,0,0,0,0,0,0,0,0,0,0,0,0,0,0,0,0,0,0,0,0,8.0,98.61617612188967,62.419431844962126,127.38876982248644,75.67171373194589
2022/07/03,pases aldosivi ,Aldosivi,15:51:19,18:00:37,pase,,01:22:59,01:22:59,0.0,"156,155",5,2.0,,"71,62",medio,,4979.0,0,0,0,0,0,0,0,1,0,0,0,0,0,0,0,0,0,0,0,0,0,0,0,0,0,0,0,0,0,0,0,0,0,0,0,0,0,0,0,0,0,0,0,0,0,0,0,0,0,0,0,0,0,0,0,0,0,0,0,15.0,70.93554144060644,156.2984112560405,62.17319033753773,155.34465715258528
2022/07/03,pases aldosivi ,Aldosivi,15:51:19,18:00:37,perdida,,01:22:59,01:22:59,0.0,,,2.0,,"68,87",intercepcion aereo,,4979.0,0,0,0,0,0,0,0,0,0,0,0,0,0,0,0,0,0,0,0,0,0,0,0,0,0,0,0,0,0,0,0,0,0,0,0,0,0,0,0,0,0,0,0,0,0,0,0,0,0,0,0,0,0,0,0,0,0,0,0,,67.92331852271079,,87.36610773585818,
2022/07/03,pases aldosivi ,Aldosivi,15:51:19,18:00:37,falta,,01:23:08,01:23:08,0.0,,,7.0,,"222,146",recibida,,4988.0,0,0,0,0,0,0,0,0,0,0,0,0,0,0,0,0,0,0,0,0,0,0,0,0,0,1,0,0,0,0,0,0,0,0,0,0,0,0,0,0,0,0,0,0,0,0,0,0,0,0,0,0,0,0,0,0,0,0,0,,222.33292202313731,,145.9062190902443,
2022/07/03,pases aldosivi ,Aldosivi,15:51:19,18:00:37,falta,,01:23:50,01:23:50,0.0,,,10.0,,"199,84",recibida,,5030.0,0,0,0,0,0,0,0,0,0,0,0,0,0,0,0,0,0,0,0,0,0,0,0,0,0,1,0,0,0,0,0,0,0,0,0,0,0,0,0,0,0,0,0,0,0,0,0,0,0,0,0,0,0,0,0,0,0,0,0,,199.43743705360077,,83.80342484382436,
2022/07/03,pases aldosivi ,Aldosivi,15:51:19,18:00:37,pase,,01:24:38,01:24:38,0.0,"243,96",5,6.0,,"228,75",corto,,5078.0,0,0,0,0,0,0,1,0,0,0,0,0,0,0,0,0,0,0,0,0,0,0,0,0,0,0,0,0,0,0,0,0,0,0,0,0,0,0,0,0,0,0,0,0,0,0,0,0,0,0,0,0,0,0,0,0,0,0,0,21.0,227.56041844079502,243.10950446726685,75.17914869503038,95.92896960446899
2022/07/03,pases aldosivi ,Aldosivi,15:51:19,18:00:37,pase,,01:24:39,01:24:39,0.0,"257,84",9,5.0,,"227,83",corto,,5079.0,0,0,0,0,0,1,1,0,0,0,0,0,0,0,0,0,0,0,0,0,0,0,0,0,0,0,0,0,0,0,0,0,0,0,0,0,0,0,0,0,0,0,0,0,0,0,0,0,0,0,0,0,0,0,0,0,0,0,0,22.0,227.39942620042652,257.28533975676504,82.81559472660219,83.80158083163059
2022/07/03,pases aldosivi ,Aldosivi,15:51:19,18:00:37,remate pie,,01:24:41,01:24:41,0.0,"261,92",Rival,9.0,,"272,78",corta distancia,,5081.0,1,0,0,0,0,0,0,0,0,0,0,0,0,0,0,0,0,0,0,0,0,0,0,0,0,0,0,0,0,0,0,0,0,0,0,0,0,0,0,0,0,0,0,0,0,0,0,0,0,0,0,0,0,0,0,0,0,0,0,22.0,272.0,261.3517276475003,78.2707547509892,91.73841496134071
2022/07/03,pases aldosivi ,Aldosivi,15:51:19,18:00:37,gol,,01:24:41,01:24:41,0.0,,,9.0,,"272,68",directa,,5081.0,0,0,0,0,0,0,0,0,0,0,0,0,0,0,0,0,0,0,0,0,0,0,0,0,0,0,0,0,0,0,0,0,0,0,0,0,0,0,0,0,0,0,0,0,0,0,0,0,0,0,0,0,0,0,0,0,0,0,0,,272.0,,68.21092371964893,
2022/07/03,pases aldosivi ,Aldosivi,15:51:19,18:00:37,falta,,01:25:55,01:25:55,0.0,,,2.0,,"121,4",hecha,,5155.0,0,0,0,0,0,0,0,0,0,0,0,0,0,0,0,0,0,0,0,0,0,0,0,0,1,0,0,0,0,0,0,0,0,0,0,0,0,0,0,0,0,0,0,0,0,0,0,0,0,0,0,0,0,0,0,0,0,0,0,,120.80399525329591,,3.870629650428185,
2022/07/03,pases aldosivi ,Aldosivi,15:51:19,18:00:37,falta,,01:27:23,01:27:23,0.0,,,7.0,,"162,96",recibida,,5243.0,0,0,0,0,0,0,0,0,0,0,0,0,0,0,0,0,0,0,0,0,0,0,0,0,0,1,0,0,0,0,0,0,0,0,0,0,0,0,0,0,0,0,0,0,0,0,0,0,0,0,0,0,0,0,0,0,0,0,0,,162.00632393923775,,95.866939981332,
2022/07/03,pases aldosivi ,Aldosivi,15:51:19,18:00:37,arquero,,01:30:43,01:30:43,0.0,,,1.0,,"38,151",rebote/despeje,,5443.0,0,0,0,0,0,0,0,0,0,0,0,0,0,0,0,0,0,0,0,0,0,0,0,0,0,0,0,0,0,0,0,0,0,0,0,0,0,0,0,0,0,0,0,0,0,0,0,0,0,0,0,0,0,0,0,0,0,0,0,,38.1214807844153,,151.16554729971813,
2022/07/03,pases aldosivi ,Aldosivi,15:51:19,18:00:37,falta,,01:31:25,01:31:25,0.0,,,9.0,,"106,138",recibida,,5485.0,0,0,0,0,0,0,0,0,0,0,0,0,0,0,0,0,0,0,0,0,0,0,0,0,0,1,0,0,0,0,0,0,0,0,0,0,0,0,0,0,0,0,0,0,0,0,0,0,0,0,0,0,0,0,0,0,0,0,0,,106.24713691235195,,138.3162555218019,
2022/07/03,pases aldosivi ,Aldosivi,15:51:19,18:00:37,pase,,01:31:38,01:31:38,0.0,"17,106",1,6.0,,"104,144",medio,,5498.0,0,0,0,0,0,0,1,0,0,0,0,0,0,0,0,0,0,0,0,0,0,0,0,0,0,0,0,0,0,0,0,0,0,0,0,0,0,0,0,0,0,0,0,0,0,0,0,0,0,0,0,0,0,0,0,0,0,0,0,5.0,104.30731353497204,17.048967198335543,143.5774276356908,106.12824378234396
2022/07/03,pases aldosivi ,Aldosivi,15:51:19,18:00:37,pase,,01:31:48,01:31:48,0.0,"2,118",6,1.0,,"1,106",corto,,5508.0,0,0,0,0,0,0,1,0,0,0,0,0,0,0,0,0,0,0,0,0,0,0,0,0,0,0,0,0,0,0,0,0,0,0,0,0,0,0,0,0,0,0,0,0,0,0,0,0,0,0,0,0,0,0,0,0,0,0,0,5.0,1.4217632271784666,2.085400582170241,105.90207114155268,118.47277200998583
2022/07/03,pases aldosivi ,Aldosivi,15:51:19,18:00:37,pase,,01:31:48,01:31:48,0.0,,6,1.0,,"16,113",corto,,5508.0,0,0,0,0,0,0,1,0,0,0,0,0,0,0,0,0,0,0,0,0,0,0,0,0,0,0,0,0,0,0,0,0,0,0,0,0,0,0,0,0,0,0,0,0,0,0,0,0,0,0,0,0,0,0,0,0,0,0,0,,15.748810355479826,,113.00704433804088,
2022/07/03,pases aldosivi ,Aldosivi,15:51:19,18:00:37,pase,,01:31:49,01:31:49,0.0,"102,14",3,6.0,,"37,132",medio,,5509.0,0,0,0,0,0,0,0,1,0,0,0,0,0,0,0,0,0,0,0,0,0,0,0,0,0,0,0,0,0,0,0,0,0,0,0,0,0,0,0,0,0,0,0,0,0,0,0,0,0,0,0,0,0,0,0,0,0,0,0,10.0,36.79975444483111,101.87214211749892,131.7731190937663,14.41783805116449
2022/07/03,pases aldosivi ,Aldosivi,15:51:19,18:00:37,perdida,,01:31:51,01:31:51,0.0,,,6.0,,"6,118",interceptado,,5511.0,0,0,0,0,0,0,0,0,0,0,0,0,0,0,0,0,0,0,0,0,0,0,0,0,0,0,0,0,0,0,0,0,0,0,0,0,0,0,0,0,0,0,0,0,0,0,0,0,0,0,0,0,0,0,0,0,0,0,0,,6.383774867408938,,118.23570875857465,
2022/07/03,pases aldosivi ,Aldosivi,15:51:19,18:00:37,pase,,01:32:34,01:32:34,0.0,"122,123",10,1.0,,"31,63",s arquero pie,,5554.0,0,0,0,0,0,0,0,0,0,0,0,0,0,0,0,0,0,0,0,0,0,0,0,0,0,0,0,0,0,0,0,0,0,0,0,0,0,0,0,0,0,0,0,0,0,0,0,0,0,0,0,0,0,0,0,0,0,1,0,12.0,30.88685570990154,121.79676783338611,63.00817187854615,122.95209198531018
2022/07/03,pases aldosivi ,Aldosivi,15:51:19,18:00:37,pase,,01:32:36,01:32:36,0.0,"106,82",8,10.0,,"94,123",corto,,5556.0,0,0,0,0,0,0,1,0,0,0,0,0,0,0,0,0,0,0,0,0,0,0,0,0,0,0,0,0,0,0,0,0,0,0,0,0,0,0,0,0,0,0,0,0,0,0,0,0,0,0,0,0,0,0,0,0,0,0,0,11.0,94.45915726126431,106.18917039525321,122.73689485314151,81.66475946912561
2022/07/03,pases aldosivi ,Aldosivi,15:51:19,18:00:37,pase,,01:32:39,01:32:39,0.0,"156,31",3,8.0,,"122,94",corto,,5559.0,0,0,0,0,0,0,1,0,0,0,0,0,0,0,0,0,0,0,0,0,0,0,0,0,0,0,0,0,0,0,0,0,0,0,0,0,0,0,0,0,0,0,0,0,0,0,0,0,0,0,0,0,0,0,0,0,0,0,0,13.0,121.71071599563773,155.90500093089807,93.76638160834202,31.270576440630844
2022/07/03,pases aldosivi ,Aldosivi,15:51:19,18:00:37,pase,,01:32:43,01:32:43,0.0,"217,77",9,3.0,,"193,10",corto,,5563.0,0,0,0,0,0,0,0,1,0,0,0,0,0,0,0,0,0,0,0,0,0,0,0,0,0,0,0,0,0,0,0,0,0,0,0,0,0,0,0,0,0,0,0,0,0,0,0,0,0,0,0,0,0,0,0,0,0,0,0,17.0,192.79457349270558,216.74415751361198,9.75567722831076,77.35533771210561
2022/07/03,pases aldosivi ,Aldosivi,15:51:19,18:00:37,perdida,,01:32:44,01:32:44,0.0,,,3.0,,"220,7",interceptado,,5564.0,0,0,0,0,0,0,0,0,0,0,0,0,0,0,0,0,0,0,0,0,0,0,0,0,0,0,0,0,0,0,0,0,0,0,0,0,0,0,0,0,0,0,0,0,0,0,0,0,0,0,0,0,0,0,0,0,0,0,0,,219.9653114615299,,7.080935870876408,
2022/07/03,pases aldosivi ,Aldosivi,15:51:19,18:00:37,falta,,01:33:10,01:33:10,0.0,,,9.0,,"144,2",recibida,,5590.0,0,0,0,0,0,0,0,0,0,0,0,0,0,0,0,0,0,0,0,0,0,0,0,0,0,1,0,0,0,0,0,0,0,0,0,0,0,0,0,0,0,0,0,0,0,0,0,0,0,0,0,0,0,0,0,0,0,0,0,,144.47621455220474,,2.259215126433549,
2022/07/03,pases aldosivi ,Aldosivi,15:51:19,18:00:37,pase,,01:35:00,01:35:00,0.0,"50,76",2,5.0,,"68,71",corto,,5700.0,0,0,0,0,0,0,1,0,0,0,0,0,0,0,0,0,0,0,0,0,0,0,0,0,0,0,0,0,0,0,0,0,0,0,0,0,0,0,0,0,0,0,0,0,0,0,0,0,0,0,0,0,0,0,0,0,0,0,0,8.0,67.76736605589569,50.17329361246615,71.13781015478622,75.56823711782516
2022/07/03,pases aldosivi ,Aldosivi,15:51:19,18:00:37,pase,,01:35:02,01:35:02,0.0,"68,28",3,2.0,,"83,83",corto,,5702.0,0,0,0,0,0,0,1,0,0,0,0,0,0,0,0,0,0,0,0,0,0,0,0,0,0,0,0,0,0,0,0,0,0,0,0,0,0,0,0,0,0,0,0,0,0,0,0,0,0,0,0,0,0,0,0,0,0,0,0,7.0,83.27801161389013,68.07939508657294,82.78974923282425,28.44242180537819
2022/07/03,pases aldosivi ,Aldosivi,15:51:19,18:00:37,pase,,01:35:06,01:35:06,0.0,"114,7",18,3.0,,"76,42",corto,,5706.0,0,0,0,0,0,0,1,0,0,0,0,0,0,0,0,0,0,0,0,0,0,0,0,0,0,0,0,0,0,0,0,0,0,0,0,0,0,0,0,0,0,0,0,0,0,0,0,0,0,0,0,0,0,0,0,0,0,0,0,10.0,76.36241715412186,114.00516697111746,41.745297439354644,6.919602191870386
2022/07/03,pases aldosivi ,Aldosivi,15:51:19,18:00:37,pase,,01:35:07,01:35:07,0.0,"158,16",9,18.0,,"112,31",corto,,5707.0,0,0,0,0,0,0,1,0,0,0,0,0,0,0,0,0,0,0,0,0,0,0,0,0,0,0,0,0,0,0,0,0,0,0,0,0,0,0,0,0,0,0,0,0,0,0,0,0,0,0,0,0,0,0,0,0,0,0,0,13.0,112.0146712991692,157.56978614224784,30.76273653135363,15.511363123827268
2022/07/03,pases aldosivi ,Aldosivi,15:51:19,18:00:37,pase,,01:35:12,01:35:12,0.0,"146,77",8,9.0,,"146,85",corto,,5712.0,0,0,0,0,0,0,1,0,0,0,0,0,0,0,0,0,0,0,0,0,0,0,0,0,0,0,0,0,0,0,0,0,0,0,0,0,0,0,0,0,0,0,0,0,0,0,0,0,0,0,0,0,0,0,0,0,0,0,0,14.0,146.28575645919756,145.90763094755533,85.1932486069998,76.58017756567222
2022/07/03,pases aldosivi ,Aldosivi,15:51:19,18:00:37,falta,,01:36:08,01:36:08,0.0,,,7.0,,"168,29",hecha,,5768.0,0,0,0,0,0,0,0,0,0,0,0,0,0,0,0,0,0,0,0,0,0,0,0,0,1,0,0,0,0,0,0,0,0,0,0,0,0,0,0,0,0,0,0,0,0,0,0,0,0,0,0,0,0,0,0,0,0,0,0,,167.77863767252538,,28.654630269640926,
2022/07/03,pases aldosivi ,Aldosivi,15:51:19,18:00:37,pase,,01:36:52,01:36:52,0.0,"170,33",18,3.0,,"120,35",corto,,5812.0,0,0,0,0,0,0,1,0,0,0,0,0,0,0,0,0,0,0,0,0,0,0,0,0,0,0,0,0,0,0,0,0,0,0,0,0,0,0,0,0,0,0,0,0,0,0,0,0,0,0,0,0,0,0,0,0,0,0,0,13.0,119.94924917207408,169.62417689464385,35.183913579557604,33.36659585518901
2022/07/03,pases aldosivi ,Aldosivi,15:51:19,18:00:37,pase,,01:37:05,01:37:05,0.0,"144,69",5,7.0,,"179,82",corto,,5825.0,0,0,0,0,0,0,1,0,0,0,0,0,0,0,0,0,0,0,0,0,0,0,0,0,0,0,0,0,0,0,0,0,0,0,0,0,0,0,0,0,0,0,0,0,0,0,0,0,0,0,0,0,0,0,0,0,0,0,0,14.0,179.2022506285531,144.35719741551063,81.95751959486672,68.99098132939301
2022/07/03,pases aldosivi ,Aldosivi,15:51:19,18:00:37,pase,,01:37:09,01:37:09,0.0,"111,9",2,5.0,,"161,77",corto,,5829.0,0,0,0,0,0,0,1,0,0,0,0,0,0,0,0,0,0,0,0,0,0,0,0,0,0,0,0,0,0,0,0,0,0,0,0,0,0,0,0,0,0,0,0,0,0,0,0,0,0,0,0,0,0,0,0,0,0,0,0,10.0,161.26366762936414,110.76838441079632,76.9817942944629,8.600748438136904
2022/07/03,pases aldosivi ,Aldosivi,15:51:19,18:00:37,pase,,01:37:13,01:37:13,0.0,"65,139",6,2.0,,"60,99",corto,,5833.0,0,0,0,0,0,0,1,0,0,0,0,0,0,0,0,0,0,0,0,0,0,0,0,0,0,0,0,0,0,0,0,0,0,0,0,0,0,0,0,0,0,0,0,0,0,0,0,0,0,0,0,0,0,0,0,0,0,0,0,9.0,60.240144286602515,64.64336207722937,99.22708311554024,139.44703416424628
2022/07/03,pases aldosivi ,Aldosivi,15:51:19,18:00:37,pase,,01:37:19,01:37:19,0.0,"6,99",1,6.0,,"71,147",corto,,5839.0,0,0,0,0,0,0,1,0,0,0,0,0,0,0,0,0,0,0,0,0,0,0,0,0,0,0,0,0,0,0,0,0,0,0,0,0,0,0,0,0,0,0,0,0,0,0,0,0,0,0,0,0,0,0,0,0,0,0,0,5.0,70.59032579502914,6.384588973282574,147.28925107434964,99.13636622307423
2022/07/03,pases aldosivi ,Aldosivi,15:51:19,18:00:37,pase,,01:37:23,01:37:23,0.0,"86,119",4,1.0,,"4,137",medio,,5843.0,0,0,0,0,0,0,1,0,0,0,0,0,0,0,0,0,0,0,0,0,0,0,0,0,0,0,0,0,0,0,0,0,0,0,0,0,0,0,0,0,0,0,0,0,0,0,0,0,0,0,0,0,0,0,0,0,0,0,0,12.0,4.334095673374154,86.12115740979272,136.80538150318796,119.0697434291805
2022/07/03,pases aldosivi ,Aldosivi,15:51:19,18:00:37,pase,,01:37:26,01:37:26,0.0,"160,145",10,4.0,,"97,137",corto,,5846.0,0,0,0,0,0,0,1,0,0,0,0,0,0,0,0,0,0,0,0,0,0,0,0,0,0,0,0,0,0,0,0,0,0,0,0,0,0,0,0,0,0,0,0,0,0,0,0,0,0,0,0,0,0,0,0,0,0,0,0,15.0,96.54251250959157,159.7426271228575,137.1638020923769,145.49518815066074
2022/07/03,pases aldosivi ,Aldosivi,15:51:19,18:00:37,pase,,01:37:43,01:37:43,0.0,"213,145",4,10.0,,"189,146",corto,,5863.0,0,0,0,0,0,0,1,0,0,0,0,0,0,0,0,0,0,0,0,0,0,0,0,0,0,0,0,0,0,0,0,0,0,0,0,0,0,0,0,0,0,0,0,0,0,0,0,0,0,0,0,0,0,0,0,0,0,0,0,18.0,188.58689733451814,212.96850431857058,145.7856740343421,145.47893419567347
2022/07/03,pases aldosivi ,Aldosivi,15:51:19,18:00:37,pase,,01:37:45,01:37:45,0.0,"190,141",10,4.0,,"208,140",corto,,5865.0,0,0,0,0,0,0,1,0,0,0,0,0,0,0,0,0,0,0,0,0,0,0,0,0,0,0,0,0,0,0,0,0,0,0,0,0,0,0,0,0,0,0,0,0,0,0,0,0,0,0,0,0,0,0,0,0,0,0,0,18.0,208.27391438453907,190.03930947028925,140.24758510621814,141.23111012733233
2022/07/03,pases aldosivi ,Aldosivi,15:51:19,18:00:37,falta,,01:37:52,01:37:52,0.0,,,10.0,,"184,130",recibida,,5872.0,0,0,0,0,0,0,0,0,0,0,0,0,0,0,0,0,0,0,0,0,0,0,0,0,0,1,0,0,0,0,0,0,0,0,0,0,0,0,0,0,0,0,0,0,0,0,0,0,0,0,0,0,0,0,0,0,0,0,0,,184.04489864064305,,129.5578729520186,
2022/07/03,pases aldosivi ,Aldosivi,15:51:19,18:00:37,pase,,01:38:55,01:38:55,0.0,"172,141",5,10.0,,"161,146",corto,,5935.0,0,0,0,0,0,0,1,0,0,0,0,0,0,0,0,0,0,0,0,0,0,0,0,0,0,0,0,0,0,0,0,0,0,0,0,0,0,0,0,0,0,0,0,0,0,0,0,0,0,0,0,0,0,0,0,0,0,0,0,15.0,160.56446642713044,171.9166622739669,145.50260739586307,141.41105823204663
2022/07/03,pases aldosivi ,Aldosivi,15:51:19,18:00:37,pase,,01:38:59,01:38:59,0.0,"211,92",2,5.0,,"172,158",medio,,5939.0,0,0,0,0,0,0,1,0,0,0,0,0,0,0,0,0,0,0,0,0,0,0,0,0,0,0,0,0,0,0,0,0,0,0,0,0,0,0,0,0,0,0,0,0,0,0,0,0,0,0,0,0,0,0,0,0,0,0,0,17.0,172.27272326402,210.55235907055086,157.94696901533334,92.26209881130828
2022/07/03,pases aldosivi ,Aldosivi,15:51:19,18:00:37,pase,,01:39:02,01:39:02,0.0,"222,71",9,2.0,,"200,79",corto,,5942.0,0,0,0,0,0,0,0,1,0,0,0,0,0,0,0,0,0,0,0,0,0,0,0,0,0,0,0,0,0,0,0,0,0,0,0,0,0,0,0,0,0,0,0,0,0,0,0,0,0,0,0,0,0,0,0,0,0,0,0,17.0,200.4078202283221,222.4289369237967,78.94115658431446,71.41599800655051
2022/07/03,pases aldosivi ,Aldosivi,15:51:19,18:00:37,perdida,,01:39:02,01:39:02,0.0,,,2.0,,"200,79",robo,,5942.0,0,0,0,0,0,0,0,0,0,0,0,0,0,0,0,0,0,0,0,0,0,0,0,0,0,0,0,0,0,0,0,0,0,0,0,0,0,0,0,0,0,0,0,0,0,0,0,0,0,0,0,0,0,0,0,0,0,0,0,,200.35629952169472,,78.5947536827303,
2022/07/03,pases aldosivi ,Aldosivi,15:51:19,18:00:37,pase,,01:39:21,01:39:21,0.0,"32,22",18,5.0,,"29,29",corto,,5961.0,0,0,0,0,0,0,1,0,0,0,0,0,0,0,0,0,0,0,0,0,0,0,0,0,0,0,0,0,0,0,0,0,0,0,0,0,0,0,0,0,0,0,0,0,0,0,0,0,0,0,0,0,0,0,0,0,0,0,0,1.0,29.031400238994085,32.22856153167589,28.62054393631758,21.97549044332243
2022/07/03,pases aldosivi ,Aldosivi,15:51:19,18:00:37,pase,,01:39:23,01:39:23,0.0,"13,13",5,18.0,,"14,23",corto,,5963.0,0,0,0,0,0,0,1,0,0,0,0,0,0,0,0,0,0,0,0,0,0,0,0,0,0,0,0,0,0,0,0,0,0,0,0,0,0,0,0,0,0,0,0,0,0,0,0,0,0,0,0,0,0,0,0,0,0,0,0,1.0,13.65929503876917,12.991901708040679,23.211859090669133,13.349671896341857
2022/07/03,pases aldosivi ,Aldosivi,15:51:19,18:00:37,pase,,01:39:27,01:39:27,0.0,"115,79",10,5.0,,"54,3",corto,,5967.0,0,0,0,0,0,0,0,1,0,0,0,0,0,0,0,0,0,0,0,0,0,0,0,0,0,0,0,0,0,0,0,0,0,0,0,0,0,0,0,0,0,0,0,0,0,0,0,0,0,0,0,0,0,0,0,0,0,0,0,11.0,53.882921746604765,114.964321485339,2.558451132782288,78.74958808762943
2022/07/03,pases aldosivi ,Aldosivi,15:51:19,18:00:37,perdida,,01:39:27,01:39:27,0.0,,,5.0,,"66,7",robo,,5967.0,0,0,0,0,0,0,0,0,0,0,0,0,0,0,0,0,0,0,0,0,0,0,0,0,0,0,0,0,0,0,0,0,0,0,0,0,0,0,0,0,0,0,0,0,0,0,0,0,0,0,0,0,0,0,0,0,0,0,0,,66.07032294172123,,6.705034615289154,
2022/07/03,pases aldosivi ,Aldosivi,15:51:19,18:00:37,gol rival,,01:40:31,01:40:31,0.0,,,,,"8,107",indirecta,,6031.0,0,0,0,0,0,0,0,0,0,0,0,0,0,0,0,0,0,0,0,0,0,0,0,0,0,0,0,0,0,0,0,0,0,0,0,0,0,0,0,0,0,0,0,0,0,0,0,0,0,0,1,1,0,0,0,0,0,0,0,,8.101871223182833,,106.89440819051696,
2022/07/03,pases aldosivi ,Aldosivi,15:51:19,18:00:37,arquero,,01:41:54,01:41:54,0.0,,,1.0,,"16,127",remate atajable,,6114.0,0,0,0,0,0,0,0,0,0,0,0,0,0,0,0,0,0,0,0,0,0,0,0,0,0,0,0,0,0,0,0,0,0,0,0,0,0,0,0,0,0,0,0,0,0,0,0,0,0,0,0,0,0,0,0,0,0,0,0,,15.757279482384593,,127.07999909954508,
2022/07/03,pases aldosivi ,Aldosivi,15:51:19,18:00:37,pase,,01:43:38,01:43:38,0.0,"49,103",1,6.0,,"72,8",corto,,6218.0,0,0,0,0,0,0,1,0,0,0,0,0,0,0,0,0,0,0,0,0,0,0,0,0,0,0,0,0,0,0,0,0,0,0,0,0,0,0,0,0,0,0,0,0,0,0,0,0,0,0,0,0,0,0,0,0,0,0,0,4.0,71.57490953406565,48.75155222376087,7.773218692319183,102.69948879760398
2022/07/03,pases aldosivi ,Aldosivi,15:51:19,18:00:37,pase,,01:43:42,01:43:42,0.0,"158,96",5,1.0,,"41,75",medio,,6222.0,0,0,0,0,0,0,0,1,0,0,0,0,0,0,0,0,0,0,0,0,0,0,0,0,0,0,0,0,0,0,0,0,0,0,0,0,0,0,0,0,0,0,0,0,0,0,0,0,0,0,0,0,0,0,0,0,0,0,0,14.0,41.318048148318525,158.42312224918163,75.23466721766404,96.14577631439374
2022/07/03,pases aldosivi ,Aldosivi,15:51:19,18:00:37,perdida,,01:43:42,01:43:42,0.0,,,1.0,,"45,100",interceptado,,6222.0,0,0,0,0,0,0,0,0,0,0,0,0,0,0,0,0,0,0,0,0,0,0,0,0,0,0,0,0,0,0,0,0,0,0,0,0,0,0,0,0,0,0,0,0,0,0,0,0,0,0,0,0,0,0,0,0,0,0,0,,44.97772875832321,,99.98712261854878,
2022/07/03,pases aldosivi ,Aldosivi,15:51:19,18:00:37,pase,,01:44:31,01:44:31,0.0,"190,60",8,7.0,,"209,71",corto,,6271.0,0,0,0,0,0,0,1,0,0,0,0,0,0,0,0,0,0,0,0,0,0,0,0,0,0,0,0,0,0,0,0,0,0,0,0,0,0,0,0,0,0,0,0,0,0,0,0,0,0,0,0,0,0,0,0,0,0,0,0,17.0,208.57882339408772,189.674714945978,71.27892969811913,60.06678110330532
2022/07/03,pases aldosivi ,Aldosivi,15:51:19,18:00:37,pase,,01:44:34,01:44:34,0.0,"172,146",2,8.0,,"209,66",corto,,6274.0,0,0,0,0,0,0,1,0,0,0,0,0,0,0,0,0,0,0,0,0,0,0,0,0,0,0,0,0,0,0,0,0,0,0,0,0,0,0,0,0,0,0,0,0,0,0,0,0,0,0,0,0,0,0,0,0,0,0,0,15.0,209.2878831304522,172.11554016342527,65.64606311772653,146.35373852650739
2022/07/03,pases aldosivi ,Aldosivi,15:51:19,18:00:37,pase,,01:44:37,01:44:37,0.0,"160,84",5,2.0,,"149,162",corto,,6277.0,0,0,0,0,0,0,1,0,0,0,0,0,0,0,0,0,0,0,0,0,0,0,0,0,0,0,0,0,0,0,0,0,0,0,0,0,0,0,0,0,0,0,0,0,0,0,0,0,0,0,0,0,0,0,0,0,0,0,0,14.0,148.66123058358878,159.5994674926875,161.54540564696762,83.50580801509192
2022/07/03,pases aldosivi ,Aldosivi,15:51:19,18:00:37,pase,,01:44:41,01:44:41,0.0,"221,9",3,5.0,,"149,3",medio,,6281.0,0,0,0,0,0,0,1,0,0,0,0,0,0,0,0,0,0,0,0,0,0,0,0,0,0,0,0,0,0,0,0,0,0,0,0,0,0,0,0,0,0,0,0,0,0,0,0,0,0,0,0,0,0,0,0,0,0,0,0,16.0,148.67639377629555,220.54017306926522,2.607822029860312,8.951742525726619
2022/07/03,pases aldosivi ,Aldosivi,15:51:19,18:00:37,pase,,01:44:43,01:44:43,0.0,"237,92",9,3.0,,"261,4",corto,,6283.0,0,0,0,0,0,0,0,1,0,0,0,0,0,0,0,0,0,0,0,0,0,0,0,0,0,0,0,0,0,0,0,0,0,0,0,0,0,0,0,0,0,0,0,0,0,0,0,0,0,0,0,0,0,0,0,0,0,0,0,21.0,260.728260619603,237.08292941513923,3.615310402061759,92.20316238810182
2022/07/03,pases aldosivi ,Aldosivi,15:51:19,18:00:37,perdida,,01:44:43,01:44:43,0.0,,,3.0,,"264,38",interceptado,,6283.0,0,0,0,0,0,0,0,0,0,0,0,0,0,0,0,0,0,0,0,0,0,0,0,0,0,0,0,0,0,0,0,0,0,0,0,0,0,0,0,0,0,0,0,0,0,0,0,0,0,0,0,0,0,0,0,0,0,0,0,,264.2021291084665,,38.18023469417921,
2022/07/03,pases aldosivi ,Aldosivi,15:51:19,18:00:37,sustitucion,,01:45:13,01:45:13,0.0,,20,,,,,,6313.0,0,0,0,0,0,0,0,0,0,0,0,0,0,0,0,0,0,0,0,0,0,0,0,0,0,0,0,0,0,0,0,0,0,0,0,0,0,0,0,0,0,0,0,0,0,0,0,0,0,0,0,0,0,0,0,0,0,0,0,,,,,
2022/07/03,pases aldosivi ,Aldosivi,15:51:19,18:00:37,sustitucion,,01:45:26,01:45:26,0.0,,22,,,,,,6326.0,0,0,0,0,0,0,0,0,0,0,0,0,0,0,0,0,0,0,0,0,0,0,0,0,0,0,0,0,0,0,0,0,0,0,0,0,0,0,0,0,0,0,0,0,0,0,0,0,0,0,0,0,0,0,0,0,0,0,0,,,,,
2022/07/03,pases aldosivi ,Aldosivi,15:51:19,18:00:37,pase,,01:45:34,01:45:34,0.0,"187,135",18,7.0,,"141,142",corto,,6334.0,0,0,0,0,0,0,1,0,0,0,0,0,0,0,0,0,0,0,0,0,0,0,0,0,0,0,0,0,0,0,0,0,0,0,0,0,0,0,0,0,0,0,0,0,0,0,0,0,0,0,0,0,0,0,0,0,0,0,0,18.0,140.8965330748175,187.4035661898293,142.26464703697707,135.40974163952956
2022/07/03,pases aldosivi ,Aldosivi,15:51:19,18:00:37,pase,,01:45:38,01:45:38,0.0,"245,131",20,18.0,,"190,141",corto,,6338.0,0,0,0,0,0,0,1,0,0,0,0,0,0,0,0,0,0,0,0,0,0,0,0,0,0,0,0,0,0,0,0,0,0,0,0,0,0,0,0,0,0,0,0,0,0,0,0,0,0,0,0,0,0,0,0,0,0,0,0,24.0,190.40392580203485,245.38404416076384,141.1783922766141,130.858473560345
2022/07/03,pases aldosivi ,Aldosivi,15:51:19,18:00:37,pase,,01:47:50,01:47:50,0.0,"144,142",4,20.0,,"221,154",corto,,6470.0,0,0,0,0,0,0,1,0,0,0,0,0,0,0,0,0,0,0,0,0,0,0,0,0,0,0,0,0,0,0,0,0,0,0,0,0,0,0,0,0,0,0,0,0,0,0,0,0,0,0,0,0,0,0,0,0,0,0,0,15.0,220.76732824553278,144.18851926028512,153.7242636991194,142.26893724446927
2022/07/03,pases aldosivi ,Aldosivi,15:51:19,18:00:37,pase,,01:47:59,01:47:59,0.0,"245,12",3,4.0,,"161,139",medio,,6479.0,0,0,0,0,0,0,1,0,0,0,0,0,0,0,0,0,0,0,0,0,0,0,0,0,0,0,0,0,0,0,0,0,0,0,0,0,0,0,0,0,0,0,0,0,0,0,0,0,0,0,0,0,0,0,0,0,0,0,0,19.0,161.2344102526445,244.9796058820548,139.46695499542608,11.578830651901528
2022/07/03,pases aldosivi ,Aldosivi,15:51:19,18:00:37,pase,,01:48:03,01:48:03,0.0,"188,39",18,3.0,,"249,34",corto,,6483.0,0,0,0,0,0,0,1,0,0,0,0,0,0,0,0,0,0,0,0,0,0,0,0,0,0,0,0,0,0,0,0,0,0,0,0,0,0,0,0,0,0,0,0,0,0,0,0,0,0,0,0,0,0,0,0,0,0,0,0,16.0,249.0117629378568,188.2390226406496,34.019454086069175,39.10544695106426
2022/07/03,pases aldosivi ,Aldosivi,15:51:19,18:00:37,pase,,01:48:08,01:48:08,0.0,"186,40",7,18.0,,"192,39",corto,,6488.0,0,0,0,0,0,0,1,0,0,0,0,0,0,0,0,0,0,0,0,0,0,0,0,0,0,0,0,0,0,0,0,0,0,0,0,0,0,0,0,0,0,0,0,0,0,0,0,0,0,0,0,0,0,0,0,0,0,0,0,16.0,192.4246987941748,185.8665603462139,39.19048534423358,39.581161207732265
2022/07/03,pases aldosivi ,Aldosivi,15:51:19,18:00:37,pase,,01:48:13,01:48:13,0.0,"169,79",5,7.0,,"219,93",corto,,6493.0,0,0,0,0,0,0,1,0,0,0,0,0,0,0,0,0,0,0,0,0,0,0,0,0,0,0,0,0,0,0,0,0,0,0,0,0,0,0,0,0,0,0,0,0,0,0,0,0,0,0,0,0,0,0,0,0,0,0,0,14.0,219.15892225052875,168.9457959686965,93.49268288103904,78.66510980677914
2022/07/03,pases aldosivi ,Aldosivi,15:51:19,18:00:37,pase,,01:48:15,01:48:15,0.0,"207,146",22,5.0,,"161,100",corto,,6495.0,0,0,0,0,0,0,1,0,0,0,0,0,0,0,0,0,0,0,0,0,0,0,0,0,0,0,0,0,0,0,0,0,0,0,0,0,0,0,0,0,0,0,0,0,0,0,0,0,0,0,0,0,0,0,0,0,0,0,0,18.0,160.51968112294392,207.0009629128121,99.50658967794931,145.51674578239022
2022/07/03,pases aldosivi ,Aldosivi,15:51:19,18:00:37,pase,,01:48:16,01:48:16,0.0,"202,138",8,22.0,,"185,131",corto,,6496.0,0,0,0,0,0,0,0,1,0,0,0,0,0,0,0,0,0,0,0,0,0,0,0,0,0,0,0,0,0,0,0,0,0,0,0,0,0,0,0,0,0,0,0,0,0,0,0,0,0,0,0,0,0,0,0,0,0,0,0,18.0,184.77215711619903,201.6142150844087,131.07506326228537,137.53572348087664
2022/07/03,pases aldosivi ,Aldosivi,15:51:19,18:00:37,perdida,,01:48:16,01:48:16,0.0,,,22.0,,"199,150",robo,,6496.0,0,0,0,0,0,0,0,0,0,0,0,0,0,0,0,0,0,0,0,0,0,0,0,0,0,0,0,0,0,0,0,0,0,0,0,0,0,0,0,0,0,0,0,0,0,0,0,0,0,0,0,0,0,0,0,0,0,0,0,,198.71428750472654,,149.87784554206914,
2022/07/03,pases aldosivi ,Aldosivi,15:51:19,18:00:37,pase,,01:48:52,01:48:52,0.0,"69,69",5,2.0,,"87,40",corto,,6532.0,0,0,0,0,0,0,1,0,0,0,0,0,0,0,0,0,0,0,0,0,0,0,0,0,0,0,0,0,0,0,0,0,0,0,0,0,0,0,0,0,0,0,0,0,0,0,0,0,0,0,0,0,0,0,0,0,0,0,0,8.0,86.98750346765789,69.05831640891995,39.518881104164834,69.05936406562964
2022/07/03,pases aldosivi ,Aldosivi,15:51:19,18:00:37,pase,,01:49:00,01:49:00,0.0,"83,84",2,5.0,,"114,88",corto,,6540.0,0,0,0,0,0,0,1,0,0,0,0,0,0,0,0,0,0,0,0,0,0,0,0,0,0,0,0,0,0,0,0,0,0,0,0,0,0,0,0,0,0,0,0,0,0,0,0,0,0,0,0,0,0,0,0,0,0,0,0,8.0,113.73797547004345,82.6011279659721,88.45851460975328,83.842452118449
2022/07/03,pases aldosivi ,Aldosivi,15:51:19,18:00:37,pase,,01:49:04,01:49:04,0.0,"78,143",6,2.0,,"47,79",corto,,6544.0,0,0,0,0,0,0,1,0,0,0,0,0,0,0,0,0,0,0,0,0,0,0,0,0,0,0,0,0,0,0,0,0,0,0,0,0,0,0,0,0,0,0,0,0,0,0,0,0,0,0,0,0,0,0,0,0,0,0,0,9.0,46.5725777250909,78.14180156454049,78.88087219685175,142.8450829883667
2022/07/03,pases aldosivi ,Aldosivi,15:51:19,18:00:37,pase,,01:49:10,01:49:10,0.0,"269,121",8,6.0,,"45,132",largo,,6550.0,0,0,0,0,0,0,0,1,0,0,0,0,0,0,0,0,0,0,0,0,0,0,0,0,0,0,0,0,0,0,0,0,0,0,0,0,0,0,0,0,0,0,0,0,0,0,0,0,0,0,0,0,0,0,0,0,0,0,0,23.0,45.3340429295913,269.47173648741875,132.04301513940175,121.40329023048346
2022/07/03,pases aldosivi ,Aldosivi,15:51:19,18:00:37,perdida,,01:49:11,01:49:11,0.0,,,6.0,,"83,123",interceptado,,6551.0,0,0,0,0,0,0,0,0,0,0,0,0,0,0,0,0,0,0,0,0,0,0,0,0,0,0,0,0,0,0,0,0,0,0,0,0,0,0,0,0,0,0,0,0,0,0,0,0,0,0,0,0,0,0,0,0,0,0,0,,82.532539246477,,123.08037110400667,
2022/07/03,pases aldosivi ,Aldosivi,15:51:19,18:00:37,pase,,01:50:05,01:50:05,0.0,"119,74",2,5.0,,"164,136",corto,,6605.0,0,0,0,0,0,0,1,0,0,0,0,0,0,0,0,0,0,0,0,0,0,0,0,0,0,0,0,0,0,0,0,0,0,0,0,0,0,0,0,0,0,0,0,0,0,0,0,0,0,0,0,0,0,0,0,0,0,0,0,11.0,163.77408751464444,119.2040514496104,135.94037356626743,74.48535167804961
2022/07/03,pases aldosivi ,Aldosivi,15:51:19,18:00:37,pase,,01:50:09,01:50:09,0.0,"162,80",8,2.0,,"117,65",corto,,6609.0,0,0,0,0,0,0,1,0,0,0,0,0,0,0,0,0,0,0,0,0,0,0,0,0,0,0,0,0,0,0,0,0,0,0,0,0,0,0,0,0,0,0,0,0,0,0,0,0,0,0,0,0,0,0,0,0,0,0,0,14.0,117.18070118035942,162.08950847352804,65.27128306825628,79.90722863140641
2022/07/03,pases aldosivi ,Aldosivi,15:51:19,18:00:37,pase,,01:50:12,01:50:12,0.0,"171,159",4,8.0,,"157,91",corto,,6612.0,0,0,0,0,0,0,1,0,0,0,0,0,0,0,0,0,0,0,0,0,0,0,0,0,0,0,0,0,0,0,0,0,0,0,0,0,0,0,0,0,0,0,0,0,0,0,0,0,0,0,0,0,0,0,0,0,0,0,0,15.0,156.57544138357053,171.2046310859367,91.42026247353671,158.58720446379925
2022/07/03,pases aldosivi ,Aldosivi,15:51:19,18:00:37,pase,,01:50:14,01:50:14,0.0,"116,131",6,4.0,,"179,145",corto,,6614.0,0,0,0,0,0,0,1,0,0,0,0,0,0,0,0,0,0,0,0,0,0,0,0,0,0,0,0,0,0,0,0,0,0,0,0,0,0,0,0,0,0,0,0,0,0,0,0,0,0,0,0,0,0,0,0,0,0,0,0,12.0,179.05260286265664,116.39477647159792,144.6504603042494,130.82179467029516
2022/07/03,pases aldosivi ,Aldosivi,15:51:19,18:00:37,pase,,01:50:17,01:50:17,0.0,"112,85",2,6.0,,"107,124",corto,,6617.0,0,0,0,0,0,0,1,0,0,0,0,0,0,0,0,0,0,0,0,0,0,0,0,0,0,0,0,0,0,0,0,0,0,0,0,0,0,0,0,0,0,0,0,0,0,0,0,0,0,0,0,0,0,0,0,0,0,0,0,11.0,107.39616338302734,112.19218647682816,123.93647414462737,84.75979651345574
2022/07/03,pases aldosivi ,Aldosivi,15:51:19,18:00:37,pase,,01:50:21,01:50:21,0.0,"215,98",22,2.0,,"97,81",medio,,6621.0,0,0,0,0,0,0,1,0,0,0,0,0,0,0,0,0,0,0,0,0,0,0,0,0,0,0,0,0,0,0,0,0,0,0,0,0,0,0,0,0,0,0,0,0,0,0,0,0,0,0,0,0,0,0,0,0,0,0,0,17.0,96.51128629092722,215.20450822818242,81.21777301586823,98.05634709406434
2022/07/03,pases aldosivi ,Aldosivi,15:51:19,18:00:37,pase,,01:50:26,01:50:26,0.0,"214,23",3,22.0,,"189,35",corto,,6626.0,0,0,0,0,0,0,1,0,0,0,0,0,0,0,0,0,0,0,0,0,0,0,0,0,0,0,0,0,0,0,0,0,0,0,0,0,0,0,0,0,0,0,0,0,0,0,0,0,0,0,0,0,0,0,0,0,0,0,0,16.0,188.6409364244187,214.42785422485412,34.72473711691571,23.0909612539822
2022/07/03,pases aldosivi ,Aldosivi,15:51:19,18:00:37,pase,,01:50:30,01:50:30,0.0,"254,123",4,3.0,,"213,10",medio,,6630.0,0,0,0,0,0,0,1,0,0,0,0,0,0,0,0,0,0,0,0,0,0,0,0,0,0,0,0,0,0,0,0,0,0,0,0,0,0,0,0,0,0,0,0,0,0,0,0,0,0,0,0,0,0,0,0,0,0,0,0,23.0,212.57652007898923,253.70306906224056,9.97043135942554,123.33446461838551
2022/07/03,pases aldosivi ,Aldosivi,15:51:19,18:00:37,remate cabeza,,01:50:31,01:50:31,0.0,"272,87",Rival,4.0,,"262,103",facil,,6631.0,0,0,0,0,1,0,0,0,0,0,0,0,0,0,0,0,0,0,0,0,0,0,0,0,0,0,0,0,0,0,0,0,0,0,0,0,0,0,0,0,0,0,0,0,0,0,0,0,0,0,0,0,0,0,0,0,0,0,0,22.0,261.95016461159537,272.0,102.51768490651344,86.93760347348095
2022/07/03,pases aldosivi ,Aldosivi,15:51:19,18:00:37,sustitucion,,01:50:53,01:50:53,0.0,,13,2.0,,,,,6653.0,0,0,0,0,0,0,0,0,0,0,0,0,0,0,0,0,0,0,0,0,0,0,0,0,0,0,0,0,0,0,0,0,0,0,0,0,0,0,0,0,0,0,0,0,0,0,0,0,0,0,0,0,0,0,0,0,0,0,0,,,,,
2022/07/03,pases aldosivi ,Aldosivi,15:51:19,18:00:37,sustitucion,,01:51:08,01:51:08,0.0,,,17.0,,,,,6668.0,0,0,0,0,0,0,0,0,0,0,0,0,0,0,0,0,0,0,0,0,0,0,0,0,0,0,0,0,0,0,0,0,0,0,0,0,0,0,0,0,0,0,0,0,0,0,0,0,0,0,0,0,0,0,0,0,0,0,0,,,,,
2022/07/03,pases aldosivi ,Aldosivi,15:51:19,18:00:37,pase,,01:51:22,01:51:22,0.0,"203,156",17,20.0,,"153,80",corto,,6682.0,0,0,0,0,0,0,1,0,0,0,0,0,0,0,0,0,0,0,0,0,0,0,0,0,0,0,0,0,0,0,0,0,0,0,0,0,0,0,0,0,0,0,0,0,0,0,0,0,0,0,0,0,0,0,0,0,0,0,0,18.0,152.58602109568298,203.2595154197365,80.04756691437663,156.02429692889427
2022/07/03,pases aldosivi ,Aldosivi,15:51:19,18:00:37,pase,,01:51:24,01:51:24,0.0,"185,150",20,17.0,,"216,123",corto,,6684.0,0,0,0,0,0,0,1,0,0,0,0,0,0,0,0,0,0,0,0,0,0,0,0,0,0,0,0,0,0,0,0,0,0,0,0,0,0,0,0,0,0,0,0,0,0,0,0,0,0,0,0,0,0,0,0,0,0,0,0,18.0,216.0117173158664,185.3985070168376,122.78956362897353,149.7267480768246
2022/07/03,pases aldosivi ,Aldosivi,15:51:19,18:00:37,pase,,01:51:31,01:51:31,0.0,"246,162",17,20.0,,"211,154",corto,,6691.0,0,0,0,0,0,0,1,0,0,0,0,0,0,0,0,0,0,0,0,0,0,0,0,0,0,0,0,0,0,0,0,0,0,0,0,0,0,0,0,0,0,0,0,0,0,0,0,0,0,0,0,0,0,0,0,0,0,0,0,24.0,210.68042614104155,246.2206536477072,153.69889157531452,162.0
2022/07/03,pases aldosivi ,Aldosivi,15:51:19,18:00:37,remate pie,,01:51:32,01:51:32,0.0,"272,75",Rival,20.0,,"244,123",remate bloqueado,,6692.0,0,0,0,1,0,0,0,0,0,0,0,0,0,0,0,0,0,0,0,0,0,0,0,0,0,0,0,0,0,0,0,0,0,0,0,0,0,0,0,0,0,0,0,0,0,0,0,0,0,0,0,0,0,0,0,0,0,0,0,22.0,243.86255978697784,272.0,122.59304951311823,74.63332229200968
2022/07/03,pases aldosivi ,Aldosivi,15:51:19,18:00:37,pase,,01:51:49,01:51:49,0.0,"91,121",6,13.0,,"71,77",corto,,6709.0,0,0,0,0,0,0,1,0,0,0,0,0,0,0,0,0,0,0,0,0,0,0,0,0,0,0,0,0,0,0,0,0,0,0,0,0,0,0,0,0,0,0,0,0,0,0,0,0,0,0,0,0,0,0,0,0,0,0,0,12.0,70.86056957358608,91.27862738444858,77.4964274572904,121.40564384593358
2022/07/03,pases aldosivi ,Aldosivi,15:51:19,18:00:37,pase,,01:51:56,01:51:56,0.0,"164,144",5,6.0,,"96,145",corto,,6716.0,0,0,0,0,0,0,0,1,0,0,0,0,0,0,0,0,0,0,0,0,0,0,0,0,0,0,0,0,0,0,0,0,0,0,0,0,0,0,0,0,0,0,0,0,0,0,0,0,0,0,0,0,0,0,0,0,0,0,0,15.0,96.37915389201775,163.99651936880892,144.60245346441835,143.57436457788157
2022/07/03,pases aldosivi ,Aldosivi,15:51:19,18:00:37,perdida,,01:51:57,01:51:57,0.0,,,6.0,,"120,125",interceptado,,6717.0,0,0,0,0,0,0,0,0,0,0,0,0,0,0,0,0,0,0,0,0,0,0,0,0,0,0,0,0,0,0,0,0,0,0,0,0,0,0,0,0,0,0,0,0,0,0,0,0,0,0,0,0,0,0,0,0,0,0,0,,119.98030027491282,,124.59550163596539,
2022/07/03,pases aldosivi ,Aldosivi,15:51:19,18:00:37,arquero,,01:53:01,01:53:01,0.0,"227,78",Rival,1.0,,"0,89",rebote/despeje,,6781.0,0,0,0,0,0,0,0,0,0,0,0,0,0,0,0,0,0,0,0,0,0,0,0,0,0,0,0,0,0,0,0,0,0,0,0,0,0,0,0,0,0,0,0,0,0,0,0,0,0,0,0,0,0,0,0,0,0,0,0,21.0,0.0,227.04037916744562,88.80688242875436,77.66659821263877
2022/07/03,pases aldosivi ,Aldosivi,15:51:19,18:00:37,falta,,01:57:23,01:57:23,0.0,,,5.0,,"63,140",recibida,,7043.0,0,0,0,0,0,0,0,0,0,0,0,0,0,0,0,0,0,0,0,0,0,0,0,0,0,1,0,0,0,0,0,0,0,0,0,0,0,0,0,0,0,0,0,0,0,0,0,0,0,0,0,0,0,0,0,0,0,0,0,,62.88647126048443,,140.12907836011857,
2022/07/03,pases aldosivi ,Aldosivi,15:51:19,18:00:37,pase,,01:57:37,01:57:37,0.0,"142,87",22,1.0,,"36,89",s arquero pie,,7057.0,0,0,0,0,0,0,0,0,0,0,0,0,0,0,0,0,0,0,0,0,0,0,0,0,0,0,0,0,0,0,0,0,0,0,0,0,0,0,0,0,0,0,0,0,0,0,0,0,0,0,0,0,0,0,0,0,0,1,0,14.0,35.96123222789549,141.85084075127438,89.22534310661375,86.64892382511727
2022/07/03,pases aldosivi ,Aldosivi,15:51:19,18:00:37,pase,,01:57:44,01:57:44,0.0,"260,119",20,22.0,,"153,94",corto,,7064.0,0,0,0,0,0,0,1,0,0,0,0,0,0,0,0,0,0,0,0,0,0,0,0,0,0,0,0,0,0,0,0,0,0,0,0,0,0,0,0,0,0,0,0,0,0,0,0,0,0,0,0,0,0,0,0,0,0,0,0,23.0,153.4927211170767,260.2029518458297,93.94405665997081,119.367410513945
2022/07/03,pases aldosivi ,Aldosivi,15:51:19,18:00:37,pase,,01:57:47,01:57:47,0.0,"205,142",7,20.0,,"237,146",corto,,7067.0,0,0,0,0,0,0,1,0,0,0,0,0,0,0,0,0,0,0,0,0,0,0,0,0,0,0,0,0,0,0,0,0,0,0,0,0,0,0,0,0,0,0,0,0,0,0,0,0,0,0,0,0,0,0,0,0,0,0,0,18.0,236.83659296604,204.7718695644981,146.26922042323358,141.55538600178068
2022/07/03,pases aldosivi ,Aldosivi,15:51:19,18:00:37,pase,,01:57:49,01:57:49,0.0,"237,67",22,7.0,,"194,140",medio,,7069.0,0,0,0,0,0,0,1,0,0,0,0,0,0,0,0,0,0,0,0,0,0,0,0,0,0,0,0,0,0,0,0,0,0,0,0,0,0,0,0,0,0,0,0,0,0,0,0,0,0,0,0,0,0,0,0,0,0,0,0,21.0,194.39359730873372,236.73418728618785,140.07813697326503,66.73356916479693
2022/07/03,pases aldosivi ,Aldosivi,15:51:19,18:00:37,remate cabeza,,01:57:49,01:57:49,0.0,"253,63",Rival,22.0,,"236,76",facil,,7069.0,0,0,0,0,1,0,0,0,0,0,0,0,0,0,0,0,0,0,0,0,0,0,0,0,0,0,0,0,0,0,0,0,0,0,0,0,0,0,0,0,0,0,0,0,0,0,0,0,0,0,0,0,0,0,0,0,0,0,0,22.0,235.5553419865161,253.3361169793747,75.60731111272817,63.28226629704176
2022/07/03,pases aldosivi ,Aldosivi,15:51:19,18:00:37,falta,,01:58:28,01:58:28,0.0,,,13.0,,"34,10",hecha,,7108.0,0,0,0,0,0,0,0,0,0,0,0,0,0,0,0,0,0,0,0,0,0,0,0,0,1,0,0,0,0,0,0,0,0,0,0,0,0,0,0,0,0,0,0,0,0,0,0,0,0,0,0,0,0,0,0,0,0,0,0,,33.79697475855407,,10.313929262340682,
2022/07/03,pases aldosivi ,Aldosivi,15:51:19,18:00:37,arquero,,01:59:26,01:59:26,0.0,"50,73",Rival,1.0,,"8,73",remate atajable,,7166.0,0,0,0,0,0,0,0,0,0,0,0,0,0,0,0,0,0,0,0,0,0,0,0,0,0,0,0,0,0,0,0,0,0,0,0,0,0,0,0,0,0,0,0,0,0,0,0,0,0,0,0,0,0,0,0,0,0,0,0,8.0,7.55740957748843,49.97497274968397,72.89181867694295,73.25657912285696
2022/07/03,pases aldosivi ,Aldosivi,15:51:19,18:00:37,pase,,02:00:57,02:00:57,0.0,"167,132",20,17.0,,"116,156",corto,,7257.0,0,0,0,0,0,0,1,0,0,0,0,0,0,0,0,0,0,0,0,0,0,0,0,0,0,0,0,0,0,0,0,0,0,0,0,0,0,0,0,0,0,0,0,0,0,0,0,0,0,0,0,0,0,0,0,0,0,0,0,15.0,116.28122181785525,167.47385874706106,156.02513391671988,131.58597853981314
2022/07/03,pases aldosivi ,Aldosivi,15:51:19,18:00:37,falta,,02:01:06,02:01:06,0.0,,,20.0,,"269,160",recibida,,7266.0,0,0,0,0,0,0,0,0,0,0,0,0,0,0,0,0,0,0,0,0,0,0,0,0,0,1,0,0,0,0,0,0,0,0,0,0,0,0,0,0,0,0,0,0,0,0,0,0,0,0,0,0,0,0,0,0,0,0,0,,268.92468563564967,,160.11306503394042,
2022/07/03,pases aldosivi ,Aldosivi,15:51:19,18:00:37,falta,,02:04:11,02:04:11,0.0,,,22.0,,"168,84",recibida,,7451.0,0,0,0,0,0,0,0,0,0,0,0,0,0,0,0,0,0,0,0,0,0,0,0,0,0,1,0,0,0,0,0,0,0,0,0,0,0,0,0,0,0,0,0,0,0,0,0,0,0,0,0,0,0,0,0,0,0,0,0,,168.47710570393372,,84.42376355732183,
