Session.Start.Date,tiempo,partido,Session.Start,Session.End,Evento,Tag.Notes,Tag.Start,Tag.End,Tag.Duration.(secs),coord.final,Jugador.2,Calificacion,coord.inicial,Jugador.1,Subevento,Optional.Column,segundos,remate-Gol,remate-Fuera,remate-Al-arco,remate-Interceptado,remate-Cabeza,pase-Asistencia,pase-Completado,pase-Incompleto,pase-Inteligente,centro-Asistencia,centro-Completado,centro-Interceptado,centro-Bloqueado,centro-Fuera,duelo-Aereo-Perdido,duelo-Aereo-Ganado,duelo-Disputa-suelo-Perdida,duelo-Disputa-suelo-Ganada,duelo-Gambeta-contra-Ganada,duelo-Gambeta-contra-Perdida,duelo-Gambeta-favor-Perdida,duelo-Gambeta-favor-Ganada,duelo-Pivote-Perdido,duelo-Pivote-Ganado,falta-Cometida,falta-Recibida,falta-Penal-cometido,falta-Penal-recibido,falta-Offside,falta-Tarjeta-amarilla,falta-Tarjeta-roja,recuperacion-Robo,recuperacion-Encontrada,recuperacion-Intercepcion-suelo,recuperacion-Intercepcion-aereo,recuperacion-Intercepcion-anticipo,recuperacion-Disputa-suelo,parado-Lateral-interceptado,parado-Lateral-completado,parado-Corner-interceptado,parado-Corner-completado,parado-Tiro-libre-incompleto,parado-Tiro-libre-completado,perdida-Gambeta,perdida-Robo,perdida-Intercepcion,perdida-Error-tecnico,perdida-Balon-fuera,perdida-Error-tactico,perdida-Atajada,arquero-Gol-rival,arquero-Gol-rival-atajable,arquero-Atajada,arquero-Intercepcion-aerea,arquero-Intercepcion,arquero-Anticipo,arquero-Saque-mano,arquero-Saque-pie,arquero-Saque-meta,coord.final.num,coord.inicial.x,coord.final.x,coord.inicial.y,coord.final.y
2022/07/13,pases Newells,Newells,13:04:47,15:19:37,pase,,00:18:29,00:18:29,0.0,"119,91",5,,"150,82",9.0,corto,,1109.0,0,0,0,0,0,0,1,0,0,0,0,0,0,0,0,0,0,0,0,0,0,0,0,0,0,0,0,0,0,0,0,0,0,0,0,0,0,0,0,0,0,0,0,0,0,0,0,0,0,0,0,0,0,0,0,0,0,0,0,11.0,150.27333744571177,119.23139269241383,82.05329264656302,91.30765931644402
2022/07/13,pases Newells,Newells,13:04:47,15:19:37,pase,,00:18:33,00:18:33,0.0,"80,123",4,,"89,93",5.0,corto,,1113.0,0,0,0,0,0,0,1,0,0,0,0,0,0,0,0,0,0,0,0,0,0,0,0,0,0,0,0,0,0,0,0,0,0,0,0,0,0,0,0,0,0,0,0,0,0,0,0,0,0,0,0,0,0,0,0,0,0,0,0,9.0,88.95335852468045,80.11473665777174,92.91674946835865,123.00987812576997
2022/07/13,pases Newells,Newells,13:04:47,15:19:37,pase,,00:18:38,00:18:38,0.0,"147,155",9,,"65,130",4.0,medio,,1118.0,0,0,0,0,0,0,1,0,0,0,0,0,0,0,0,0,0,0,0,0,0,0,0,0,0,0,0,0,0,0,0,0,0,0,0,0,0,0,0,0,0,0,0,0,0,0,0,0,0,0,0,0,0,0,0,0,0,0,0,15.0,65.33286882790168,146.7813762619369,130.0447016930478,155.14136601828844
2022/07/13,pases Newells,Newells,13:04:47,15:19:37,pase,,00:19:05,00:19:05,0.0,"183,123",8,,"215,137",4.0,corto,,1145.0,0,0,0,0,0,0,1,0,0,0,0,0,0,0,0,0,0,0,0,0,0,0,0,0,0,0,0,0,0,0,0,0,0,0,0,0,0,0,0,0,0,0,0,0,0,0,0,0,0,0,0,0,0,0,0,0,0,0,0,18.0,215.02160777257055,183.38749097239662,136.63992323394854,123.11433292470618
2022/07/13,pases Newells,Newells,13:04:47,15:19:37,pase,,00:19:10,00:19:10,0.0,"177,66",5,,"201,74",8.0,corto,,1150.0,0,0,0,0,0,0,1,0,0,0,0,0,0,0,0,0,0,0,0,0,0,0,0,0,0,0,0,0,0,0,0,0,0,0,0,0,0,0,0,0,0,0,0,0,0,0,0,0,0,0,0,0,0,0,0,0,0,0,0,14.0,201.15257426400572,177.1632788036996,74.20707613914941,65.66933879708982
2022/07/13,pases Newells,Newells,13:04:47,15:19:37,pase,,00:19:13,00:19:13,0.0,"147,33",3,,"143,94",5.0,corto,,1153.0,0,0,0,0,0,0,1,0,0,0,0,0,0,0,0,0,0,0,0,0,0,0,0,0,0,0,0,0,0,0,0,0,0,0,0,0,0,0,0,0,0,0,0,0,0,0,0,0,0,0,0,0,0,0,0,0,0,0,0,13.0,143.04891314720072,146.7573705145889,94.07517573247233,32.958512751711496
2022/07/13,pases Newells,Newells,13:04:47,15:19:37,pase,,00:19:19,00:19:19,0.0,"185,98",11,,"149,13",3.0,corto,,1159.0,0,0,0,0,0,0,0,1,0,0,0,0,0,0,0,0,0,0,0,0,0,0,0,0,0,0,0,0,0,0,0,0,0,0,0,0,0,0,0,0,0,0,0,0,0,0,0,0,0,0,0,0,0,0,0,0,0,0,0,17.0,148.76116345465616,184.69650289702483,13.134417472721616,98.13351710438073
2022/07/13,pases Newells,Newells,13:04:47,15:19:37,perdida,,00:19:19,00:19:19,0.0,,,,"152,9",3.0,interceptado,,1159.0,0,0,0,0,0,0,0,0,0,0,0,0,0,0,0,0,0,0,0,0,0,0,0,0,0,0,0,0,0,0,0,0,0,0,0,0,0,0,0,0,0,0,0,0,0,0,0,0,0,0,0,0,0,0,0,0,0,0,0,,151.8238367537334,,9.252208800748445,
2022/07/13,pases Newells,Newells,13:04:47,15:19:37,pase,,00:19:32,00:19:32,0.0,"87,137",2,,"164,148",4.0,corto,,1172.0,0,0,0,0,0,0,1,0,0,0,0,0,0,0,0,0,0,0,0,0,0,0,0,0,0,0,0,0,0,0,0,0,0,0,0,0,0,0,0,0,0,0,0,0,0,0,0,0,0,0,0,0,0,0,0,0,0,0,0,12.0,163.64836326878515,87.12206153924443,148.0601153863747,137.24577513290407
2022/07/13,pases Newells,Newells,13:04:47,15:19:37,pase,,00:19:36,00:19:36,0.0,"86,83",6,,"64,125",2.0,corto,,1176.0,0,0,0,0,0,0,1,0,0,0,0,0,0,0,0,0,0,0,0,0,0,0,0,0,0,0,0,0,0,0,0,0,0,0,0,0,0,0,0,0,0,0,0,0,0,0,0,0,0,0,0,0,0,0,0,0,0,0,0,8.0,64.29134032997575,85.7686457246656,124.54534583517159,82.96077313424817
2022/07/13,pases Newells,Newells,13:04:47,15:19:37,pase,,00:19:40,00:19:40,0.0,"164,30",10,,"77,20",6.0,corto,,1180.0,0,0,0,0,0,0,0,1,0,0,0,0,0,0,0,0,0,0,0,0,0,0,0,0,0,0,0,0,0,0,0,0,0,0,0,0,0,0,0,0,0,0,0,0,0,0,0,0,0,0,0,0,0,0,0,0,0,0,0,13.0,76.55108070502851,164.33393898166884,20.34191837954711,30.0325081549182
2022/07/13,pases Newells,Newells,13:04:47,15:19:37,perdida,,00:19:40,00:19:40,0.0,,,,"80,35",6.0,interceptado,,1180.0,0,0,0,0,0,0,0,0,0,0,0,0,0,0,0,0,0,0,0,0,0,0,0,0,0,0,0,0,0,0,0,0,0,0,0,0,0,0,0,0,0,0,0,0,0,0,0,0,0,0,0,0,0,0,0,0,0,0,0,,79.56514348242779,,34.64667270338332,
2022/07/13,pases Newells,Newells,13:04:47,15:19:37,pase,,00:20:16,00:20:16,0.0,"182,35",11,,"32,79",1.0,s arquero pie,,1216.0,0,0,0,0,0,0,0,0,0,0,0,0,0,0,0,0,0,0,0,0,0,0,0,0,0,0,0,0,0,0,0,0,0,0,0,0,0,0,0,0,0,0,0,0,0,0,0,0,0,0,0,0,0,0,0,0,0,1,0,13.0,31.796464281934817,181.61236081573622,78.6153771667998,35.392548552093324
2022/07/13,pases Newells,Newells,13:04:47,15:19:37,perdida,,00:20:17,00:20:17,0.0,,,,"14,66",1.0,interceptado,,1217.0,0,0,0,0,0,0,0,0,0,0,0,0,0,0,0,0,0,0,0,0,0,0,0,0,0,0,0,0,0,0,0,0,0,0,0,0,0,0,0,0,0,0,0,0,0,0,0,0,0,0,0,0,0,0,0,0,0,0,0,,13.800037197156175,,65.64635764328888,
2022/07/13,pases Newells,Newells,13:04:47,15:19:37,falta,,00:20:51,00:20:51,0.0,,,,"109,34",9.0,recibida,,1251.0,0,0,0,0,0,0,0,0,0,0,0,0,0,0,0,0,0,0,0,0,0,0,0,0,0,1,0,0,0,0,0,0,0,0,0,0,0,0,0,0,0,0,0,0,0,0,0,0,0,0,0,0,0,0,0,0,0,0,0,,109.15758924298223,,34.097506526382745,
2022/07/13,pases Newells,Newells,13:04:47,15:19:37,pase,,00:21:10,00:21:10,0.0,"146,128",4,,"113,18",10.0,medio,,1270.0,0,0,0,0,0,0,1,0,0,0,0,0,0,0,0,0,0,0,0,0,0,0,0,0,0,0,0,0,0,0,0,0,0,0,0,0,0,0,0,0,0,0,0,0,0,0,0,0,0,0,0,0,0,0,0,0,0,0,0,15.0,112.87123190377808,146.37900627976768,17.90460277204475,128.23776165814826
2022/07/13,pases Newells,Newells,13:04:47,15:19:37,pase,,00:21:18,00:21:18,0.0,"200,91",9,,"165,150",4.0,corto,,1278.0,0,0,0,0,0,0,1,0,0,0,0,0,0,0,0,0,0,0,0,0,0,0,0,0,0,0,0,0,0,0,0,0,0,0,0,0,0,0,0,0,0,0,0,0,0,0,0,0,0,0,0,0,0,0,0,0,0,0,0,17.0,165.13876264130957,199.7812372772572,150.4890178145173,91.40552331943869
2022/07/13,pases Newells,Newells,13:04:47,15:19:37,pase,,00:21:30,00:21:30,0.0,"109,96",6,,"178,23",3.0,corto,,1290.0,0,0,0,0,0,0,1,0,0,0,0,0,0,0,0,0,0,0,0,0,0,0,0,0,0,0,0,0,0,0,0,0,0,0,0,0,0,0,0,0,0,0,0,0,0,0,0,0,0,0,0,0,0,0,0,0,0,0,0,11.0,177.73257113852458,108.7557390645014,23.437248144157653,95.84894851766444
2022/07/13,pases Newells,Newells,13:04:47,15:19:37,pase,,00:21:34,00:21:34,0.0,"189,146",4,,"114,74",6.0,medio,,1294.0,0,0,0,0,0,0,1,0,0,0,0,0,0,0,0,0,0,0,0,0,0,0,0,0,0,0,0,0,0,0,0,0,0,0,0,0,0,0,0,0,0,0,0,0,0,0,0,0,0,0,0,0,0,0,0,0,0,0,0,18.0,114.32684900619532,189.10733789313258,74.08493323345958,146.20167612888417
2022/07/13,pases Newells,Newells,13:04:47,15:19:37,pase,,00:21:40,00:21:40,0.0,"144,132",2,,"222,126",4.0,corto,,1300.0,0,0,0,0,0,0,1,0,0,0,0,0,0,0,0,0,0,0,0,0,0,0,0,0,0,0,0,0,0,0,0,0,0,0,0,0,0,0,0,0,0,0,0,0,0,0,0,0,0,0,0,0,0,0,0,0,0,0,0,15.0,221.97576076228103,144.24026052150438,125.61402027051702,132.40136437115376
2022/07/13,pases Newells,Newells,13:04:47,15:19:37,pase,,00:21:44,00:21:44,0.0,"147,4",3,,"86,141",2.0,medio,,1304.0,0,0,0,0,0,0,1,0,0,0,0,0,0,0,0,0,0,0,0,0,0,0,0,0,0,0,0,0,0,0,0,0,0,0,0,0,0,0,0,0,0,0,0,0,0,0,0,0,0,0,0,0,0,0,0,0,0,0,0,13.0,85.92173748643904,146.6780149934896,140.79663192880943,4.434943534476972
2022/07/13,pases Newells,Newells,13:04:47,15:19:37,pase,,00:22:23,00:22:23,0.0,"206,24",11,,"156,22",3.0,corto,,1343.0,0,0,0,0,0,0,1,0,0,0,0,0,0,0,0,0,0,0,0,0,0,0,0,0,0,0,0,0,0,0,0,0,0,0,0,0,0,0,0,0,0,0,0,0,0,0,0,0,0,0,0,0,0,0,0,0,0,0,0,16.0,155.55962974307621,205.74978539098737,21.896452380529766,24.46353553725318
2022/07/13,pases Newells,Newells,13:04:47,15:19:37,falta,,00:22:25,00:22:25,0.0,,,,"199,8",11.0,hecha,,1345.0,0,0,0,0,0,0,0,0,0,0,0,0,0,0,0,0,0,0,0,0,0,0,0,0,1,0,0,0,0,0,0,0,0,0,0,0,0,0,0,0,0,0,0,0,0,0,0,0,0,0,0,0,0,0,0,0,0,0,0,,198.54030158413943,,7.627068215041646,
2022/07/13,pases Newells,Newells,13:04:47,15:19:37,pase,,00:24:47,00:24:47,0.0,"215,157",9,,"144,132",7.0,corto,,1487.0,0,0,0,0,0,0,1,0,0,0,0,0,0,0,0,0,0,0,0,0,0,0,0,0,0,0,0,0,0,0,0,0,0,0,0,0,0,0,0,0,0,0,0,0,0,0,0,0,0,0,0,0,0,0,0,0,0,0,0,18.0,144.16252292114268,215.40500960079635,131.75983199790645,156.64040845429824
2022/07/13,pases Newells,Newells,13:04:47,15:19:37,pase,,00:24:52,00:24:52,0.0,"215,144",7,,"213,126",9.0,corto,,1492.0,0,0,0,0,0,0,1,0,0,0,0,0,0,0,0,0,0,0,0,0,0,0,0,0,0,0,0,0,0,0,0,0,0,0,0,0,0,0,0,0,0,0,0,0,0,0,0,0,0,0,0,0,0,0,0,0,0,0,0,18.0,212.96597818072217,215.42024647808609,126.25158570798536,144.46916052474194
2022/07/13,pases Newells,Newells,13:04:47,15:19:37,pase,,00:24:53,00:24:53,0.0,"189,78",10,,"187,155",7.0,corto,,1493.0,0,0,0,0,0,0,0,1,0,0,0,0,0,0,0,0,0,0,0,0,0,0,0,0,0,0,0,0,0,0,0,0,0,0,0,0,0,0,0,0,0,0,0,0,0,0,0,0,0,0,0,0,0,0,0,0,0,0,0,17.0,187.49888634298247,189.49255154632084,154.51777616774422,78.34790195460025
2022/07/13,pases Newells,Newells,13:04:47,15:19:37,perdida,,00:24:54,00:24:54,0.0,,,,"208,156",7.0,interceptado,,1494.0,0,0,0,0,0,0,0,0,0,0,0,0,0,0,0,0,0,0,0,0,0,0,0,0,0,0,0,0,0,0,0,0,0,0,0,0,0,0,0,0,0,0,0,0,0,0,0,0,0,0,0,0,0,0,0,0,0,0,0,,207.97997351554184,,155.75817000430013,
2022/07/13,pases Newells,Newells,13:04:47,15:19:37,pase,,00:25:08,00:25:08,0.0,"118,33",10,,"70,30",6.0,corto,,1508.0,0,0,0,0,0,0,1,0,0,0,0,0,0,0,0,0,0,0,0,0,0,0,0,0,0,0,0,0,0,0,0,0,0,0,0,0,0,0,0,0,0,0,0,0,0,0,0,0,0,0,0,0,0,0,0,0,0,0,0,10.0,70.42900782614755,117.56660278516006,29.93382060603644,32.590643537349024
2022/07/13,pases Newells,Newells,13:04:47,15:19:37,pase,,00:25:10,00:25:10,0.0,"49,11",3,,"92,28",10.0,corto,,1510.0,0,0,0,0,0,0,1,0,0,0,0,0,0,0,0,0,0,0,0,0,0,0,0,0,0,0,0,0,0,0,0,0,0,0,0,0,0,0,0,0,0,0,0,0,0,0,0,0,0,0,0,0,0,0,0,0,0,0,0,7.0,91.58309453178569,48.55062746578703,28.034036042501985,11.157869600472006
2022/07/13,pases Newells,Newells,13:04:47,15:19:37,pase,,00:25:14,00:25:14,0.0,"6,4",6,,"76,18",3.0,corto,,1514.0,0,0,0,0,0,0,1,0,0,0,0,0,0,0,0,0,0,0,0,0,0,0,0,0,0,0,0,0,0,0,0,0,0,0,0,0,0,0,0,0,0,0,0,0,0,0,0,0,0,0,0,0,0,0,0,0,0,0,0,1.0,75.58385164653048,5.72958388359595,17.712662830915146,3.8356861749578073
2022/07/13,pases Newells,Newells,13:04:47,15:19:37,pase,,00:25:21,00:25:21,0.0,"84,144",4,,"37,37",6.0,medio,,1521.0,0,0,0,0,0,0,1,0,0,0,0,0,0,0,0,0,0,0,0,0,0,0,0,0,0,0,0,0,0,0,0,0,0,0,0,0,0,0,0,0,0,0,0,0,0,0,0,0,0,0,0,0,0,0,0,0,0,0,0,9.0,36.62819249760284,84.46193082569019,37.22556698728778,144.29662650549375
2022/07/13,pases Newells,Newells,13:04:47,15:19:37,falta,,00:25:26,00:25:26,0.0,,,,"54,125",4.0,recibida,,1526.0,0,0,0,0,0,0,0,0,0,0,0,0,0,0,0,0,0,0,0,0,0,0,0,0,0,1,0,0,0,0,0,0,0,0,0,0,0,0,0,0,0,0,0,0,0,0,0,0,0,0,0,0,0,0,0,0,0,0,0,,53.85009587621528,,124.75348059016459,
2022/07/13,pases Newells,Newells,13:04:47,15:19:37,pase,,00:26:31,00:26:31,0.0,"199,15",3,,"206,98",10.0,corto,,1591.0,0,0,0,0,0,0,1,0,0,0,0,0,0,0,0,0,0,0,0,0,0,0,0,0,0,0,0,0,0,0,0,0,0,0,0,0,0,0,0,0,0,0,0,0,0,0,0,0,0,0,0,0,0,0,0,0,0,0,0,16.0,205.67790915483863,198.8664916672178,98.14299475122002,14.76583016493074
2022/07/13,pases Newells,Newells,13:04:47,15:19:37,pase,,00:26:34,00:26:34,0.0,"221,73",9,,"232,25",3.0,centro aereo,,1594.0,0,0,0,0,0,0,1,0,0,0,1,0,0,0,0,0,0,0,0,0,0,0,0,0,0,0,0,0,0,0,0,0,0,0,0,0,0,0,0,0,0,0,0,0,0,0,0,0,0,0,0,0,0,0,0,0,0,0,0,21.0,231.7058126167988,220.64195229882446,25.38978078545163,73.31472379792322
2022/07/13,pases Newells,Newells,13:04:47,15:19:37,pase,,00:29:49,00:29:49,0.0,"79,146",4,,"41,76",8.0,corto,,1789.0,0,0,0,0,0,0,1,0,0,0,0,0,0,0,0,0,0,0,0,0,0,0,0,0,0,0,0,0,0,0,0,0,0,0,0,0,0,0,0,0,0,0,0,0,0,0,0,0,0,0,0,0,0,0,0,0,0,0,0,9.0,40.865269743851115,79.13277603451962,75.83872377696811,146.096110013237
2022/07/13,pases Newells,Newells,13:04:47,15:19:37,pase,,00:29:52,00:29:52,0.0,"91,73",9,,"70,152",4.0,corto,,1792.0,0,0,0,0,0,0,0,1,0,0,0,0,0,0,0,0,0,0,0,0,0,0,0,0,0,0,0,0,0,0,0,0,0,0,0,0,0,0,0,0,0,0,0,0,0,0,0,0,0,0,0,0,0,0,0,0,0,0,0,11.0,70.3602405930983,91.0696405571792,152.14950169722894,73.00699767518046
2022/07/13,pases Newells,Newells,13:04:47,15:19:37,perdida,,00:29:54,00:29:54,0.0,,,,"66,150",4.0,interceptado,,1794.0,0,0,0,0,0,0,0,0,0,0,0,0,0,0,0,0,0,0,0,0,0,0,0,0,0,0,0,0,0,0,0,0,0,0,0,0,0,0,0,0,0,0,0,0,0,0,0,0,0,0,0,0,0,0,0,0,0,0,0,,65.60452110505862,,150.11968732164732,
2022/07/13,pases Newells,Newells,13:04:47,15:19:37,pase,,00:30:08,00:30:08,0.0,"196,150",9,,"184,68",10.0,corto,,1808.0,0,0,0,0,0,0,1,0,0,0,0,0,0,0,0,0,0,0,0,0,0,0,0,0,0,0,0,0,0,0,0,0,0,0,0,0,0,0,0,0,0,0,0,0,0,0,0,0,0,0,0,0,0,0,0,0,0,0,0,18.0,183.74423941699501,195.56929601892384,67.66027487986482,150.4366306101155
2022/07/13,pases Newells,Newells,13:04:47,15:19:37,remate pie,,00:30:11,00:30:11,0.0,"260,63",Rival,,"262,113",9.0,corta distancia,,1811.0,0,0,1,0,0,0,0,0,0,0,0,0,0,0,0,0,0,0,0,0,0,0,0,0,0,0,0,0,0,0,0,0,0,0,0,0,0,0,0,0,0,0,0,0,0,0,0,0,0,0,0,0,0,0,0,0,0,0,0,22.0,261.50671599520814,259.9954924928061,112.70268244484971,62.64658681215916
2022/07/13,pases Newells,Newells,13:04:47,15:19:37,perdida,,00:30:11,00:30:11,0.0,,,,"253,112",9.0,atajada,,1811.0,0,0,0,0,0,0,0,0,0,0,0,0,0,0,0,0,0,0,0,0,0,0,0,0,0,0,0,0,0,0,0,0,0,0,0,0,0,0,0,0,0,0,0,0,0,0,0,0,0,0,0,0,0,0,0,0,0,0,0,,253.41932299064135,,111.81820755510165,
2022/07/13,pases Newells,Newells,13:04:47,15:19:37,pase,,00:32:00,00:32:00,0.0,"118,65",10,,"90,34",3.0,corto,,1920.0,0,0,0,0,0,0,1,0,0,0,0,0,0,0,0,0,0,0,0,0,0,0,0,0,0,0,0,0,0,0,0,0,0,0,0,0,0,0,0,0,0,0,0,0,0,0,0,0,0,0,0,0,0,0,0,0,0,0,0,11.0,89.52041216749078,117.5060203200369,34.15440817917973,65.44080626064645
2022/07/13,pases Newells,Newells,13:04:47,15:19:37,pase,,00:32:02,00:32:02,0.0,"128,64",3,,"99,76",10.0,corto,,1922.0,0,0,0,0,0,0,1,0,0,0,0,0,0,0,0,0,0,0,0,0,0,0,0,0,0,0,0,0,0,0,0,0,0,0,0,0,0,0,0,0,0,0,0,0,0,0,0,0,0,0,0,0,0,0,0,0,0,0,0,11.0,98.7018091895077,127.70293614828176,76.40675155236985,63.7996956476099
2022/07/13,pases Newells,Newells,13:04:47,15:19:37,pase,,00:32:04,00:32:04,0.0,"69,33",2,,"86,20",3.0,corto,,1924.0,0,0,0,0,0,0,1,0,0,0,0,0,0,0,0,0,0,0,0,0,0,0,0,0,0,0,0,0,0,0,0,0,0,0,0,0,0,0,0,0,0,0,0,0,0,0,0,0,0,0,0,0,0,0,0,0,0,0,0,7.0,86.02137192829636,69.0959769373574,20.362826718554892,33.36535342544313
2022/07/13,pases Newells,Newells,13:04:47,15:19:37,pase,,00:32:07,00:32:07,0.0,"71,99",5,,"62,33",6.0,corto,,1927.0,0,0,0,0,0,0,1,0,0,0,0,0,0,0,0,0,0,0,0,0,0,0,0,0,0,0,0,0,0,0,0,0,0,0,0,0,0,0,0,0,0,0,0,0,0,0,0,0,0,0,0,0,0,0,0,0,0,0,0,8.0,61.6558299564506,70.73202884410212,32.860075775162336,98.71749728691002
2022/07/13,pases Newells,Newells,13:04:47,15:19:37,pase,,00:32:09,00:32:09,0.0,"59,132",2,,"69,91",5.0,corto,,1929.0,0,0,0,0,0,0,1,0,0,0,0,0,0,0,0,0,0,0,0,0,0,0,0,0,0,0,0,0,0,0,0,0,0,0,0,0,0,0,0,0,0,0,0,0,0,0,0,0,0,0,0,0,0,0,0,0,0,0,0,9.0,69.3291229376339,58.88887627032652,91.403087383985,132.13105544170384
2022/07/13,pases Newells,Newells,13:04:47,15:19:37,pase,,00:32:12,00:32:12,0.0,"167,142",4,,"87,140",2.0,corto,,1932.0,0,0,0,0,0,0,1,0,0,0,0,0,0,0,0,0,0,0,0,0,0,0,0,0,0,0,0,0,0,0,0,0,0,0,0,0,0,0,0,0,0,0,0,0,0,0,0,0,0,0,0,0,0,0,0,0,0,0,0,15.0,87.04783597752396,166.7466184104312,139.6326424805164,142.1860573808916
2022/07/13,pases Newells,Newells,13:04:47,15:19:37,pase,,00:32:18,00:32:18,0.0,"270,84",9,,"170,132",4.0,centro aereo,,1938.0,0,0,0,0,0,0,0,1,0,0,0,0,0,0,0,0,0,0,0,0,0,0,0,0,0,0,0,0,0,0,0,0,0,0,0,0,0,0,0,0,0,0,0,0,0,0,0,0,0,0,0,0,0,0,0,0,0,0,0,22.0,170.2205282509021,269.5499858839717,131.94332571690978,83.87602645457049
2022/07/13,pases Newells,Newells,13:04:47,15:19:37,perdida,,00:32:18,00:32:18,0.0,,,,"146,135",4.0,atajada,,1938.0,0,0,0,0,0,0,0,0,0,0,0,0,0,0,0,0,0,0,0,0,0,0,0,0,0,0,0,0,0,0,0,0,0,0,0,0,0,0,0,0,0,0,0,0,0,0,0,0,0,0,0,0,0,0,0,0,0,0,0,,145.5296479822138,,134.7445434141544,
2022/07/13,pases Newells,Newells,13:04:47,15:19:37,falta,,00:32:27,00:32:27,0.0,,,,"99,67",6.0,recibida,,1947.0,0,0,0,0,0,0,0,0,0,0,0,0,0,0,0,0,0,0,0,0,0,0,0,0,0,1,0,0,0,0,0,0,0,0,0,0,0,0,0,0,0,0,0,0,0,0,0,0,0,0,0,0,0,0,0,0,0,0,0,,98.58477883258365,,67.00179020858278,
2022/07/13,pases Newells,Newells,13:04:47,15:19:37,pase,,00:32:40,00:32:40,0.0,"76,86",1,,"58,32",6.0,corto,,1960.0,0,0,0,0,0,0,1,0,0,0,0,0,0,0,0,0,0,0,0,0,0,0,0,0,0,0,0,0,0,0,0,0,0,0,0,0,0,0,0,0,0,0,0,0,0,0,0,0,0,0,0,0,0,0,0,0,0,0,0,8.0,58.48686138561474,75.57086393446362,32.26140896476946,85.93330077647985
2022/07/13,pases Newells,Newells,13:04:47,15:19:37,pase,,00:32:48,00:32:48,0.0,"153,66",9,,"54,96",1.0,medio,,1968.0,0,0,0,0,0,0,1,0,0,0,0,0,0,0,0,0,0,0,0,0,0,0,0,0,0,0,0,0,0,0,0,0,0,0,0,0,0,0,0,0,0,0,0,0,0,0,0,0,0,0,0,0,0,0,0,0,0,0,0,14.0,53.63169558724119,152.9118566145002,95.65261239070699,65.87555216502088
2022/07/13,pases Newells,Newells,13:04:47,15:19:37,pase,,00:32:49,00:32:49,0.0,"206,85",7,,"176,95",9.0,corto,,1969.0,0,0,0,0,0,0,0,1,0,0,0,0,0,0,0,0,0,0,0,0,0,0,0,0,0,0,0,0,0,0,0,0,0,0,0,0,0,0,0,0,0,0,0,0,0,0,0,0,0,0,0,0,0,0,0,0,0,0,0,17.0,175.57823176480395,205.77187724390785,95.10712628370105,84.87826144261018
2022/07/13,pases Newells,Newells,13:04:47,15:19:37,perdida,,00:32:50,00:32:50,0.0,,,,"150,96",9.0,interceptado,,1970.0,0,0,0,0,0,0,0,0,0,0,0,0,0,0,0,0,0,0,0,0,0,0,0,0,0,0,0,0,0,0,0,0,0,0,0,0,0,0,0,0,0,0,0,0,0,0,0,0,0,0,0,0,0,0,0,0,0,0,0,,150.412889305003,,95.52762559013838,
2022/07/13,pases Newells,Newells,13:04:47,15:19:37,falta,,00:32:54,00:32:54,0.0,,,,"144,96",9.0,recibida,,1974.0,0,0,0,0,0,0,0,0,0,0,0,0,0,0,0,0,0,0,0,0,0,0,0,0,0,1,0,0,0,0,0,0,0,0,0,0,0,0,0,0,0,0,0,0,0,0,0,0,0,0,0,0,0,0,0,0,0,0,0,,143.67208840207076,,96.04832693377283,
2022/07/13,pases Newells,Newells,13:04:47,15:19:37,remate pie,,00:34:01,00:34:01,0.0,"265,94",Rival,,"192,82",5.0,corta distancia,,2041.0,0,1,0,0,0,0,0,0,0,0,0,0,0,0,0,0,0,0,0,0,0,0,0,0,0,0,0,0,0,0,0,0,0,0,0,0,0,0,0,0,0,0,0,0,0,0,0,0,0,0,0,0,0,0,0,0,0,0,0,22.0,191.7792769487568,264.6352401134835,81.76408223908643,94.03221418851082
2022/07/13,pases Newells,Newells,13:04:47,15:19:37,perdida,,00:34:02,00:34:02,0.0,,,,"200,85",5.0,balon afuera fondo,,2042.0,0,0,0,0,0,0,0,0,0,0,0,0,0,0,0,0,0,0,0,0,0,0,0,0,0,0,0,0,0,0,0,0,0,0,0,0,0,0,0,0,0,0,0,0,0,0,0,0,0,0,0,0,0,0,0,0,0,0,0,,200.42290970572742,,85.02424696111032,
2022/07/13,pases Newells,Newells,13:04:47,15:19:37,pase,,00:37:05,00:37:05,0.0,"68,38",8,,"2,98",1.0,s arquero pie,,2225.0,0,0,0,0,0,0,0,0,0,0,0,0,0,0,0,0,0,0,0,0,0,0,0,0,0,0,0,0,0,0,0,0,0,0,0,0,0,0,0,0,0,0,0,0,0,0,0,0,0,0,0,0,0,0,0,0,0,1,0,7.0,2.096403185719943,67.63194512606792,98.43587827428809,37.798997309412954
2022/07/13,pases Newells,Newells,13:04:47,15:19:37,perdida,,00:37:05,00:37:05,0.0,,,,"4,63",1.0,interceptado,,2225.0,0,0,0,0,0,0,0,0,0,0,0,0,0,0,0,0,0,0,0,0,0,0,0,0,0,0,0,0,0,0,0,0,0,0,0,0,0,0,0,0,0,0,0,0,0,0,0,0,0,0,0,0,0,0,0,0,0,0,0,,3.9386944728001687,,62.75487204273644,
2022/07/13,pases Newells,Newells,13:04:47,15:19:37,pase,,00:38:23,00:38:23,0.0,"152,84",7,,"6,91",1.0,largo,,2303.0,0,0,0,0,0,0,1,0,0,0,0,0,0,0,0,0,0,0,0,0,0,0,0,0,0,0,0,0,0,0,0,0,0,0,0,0,0,0,0,0,0,0,0,0,0,0,0,0,0,0,0,0,0,0,0,0,0,0,0,14.0,6.192753694647147,151.98178547464244,90.83837291197594,83.5280744969678
2022/07/13,pases Newells,Newells,13:04:47,15:19:37,pase,,00:38:23,00:38:23,0.0,"163,98",7,,"210,91",8.0,corto,,2303.0,0,0,0,0,0,0,1,0,0,0,0,0,0,0,0,0,0,0,0,0,0,0,0,0,0,0,0,0,0,0,0,0,0,0,0,0,0,0,0,0,0,0,0,0,0,0,0,0,0,0,0,0,0,0,0,0,0,0,0,14.0,209.56317996467627,163.28655398670662,91.05037342792754,97.56358533253243
2022/07/13,pases Newells,Newells,13:04:47,15:19:37,pase,,00:38:25,00:38:25,0.0,"209,100",11,,"149,93",7.0,corto,,2305.0,0,0,0,0,0,0,0,1,0,0,0,0,0,0,0,0,0,0,0,0,0,0,0,0,0,0,0,0,0,0,0,0,0,0,0,0,0,0,0,0,0,0,0,0,0,0,0,0,0,0,0,0,0,0,0,0,0,0,0,17.0,148.5343618994303,209.40509441031818,92.77854363496198,99.79066932054387
2022/07/13,pases Newells,Newells,13:04:47,15:19:37,perdida,,00:38:31,00:38:31,0.0,,,,"172,66",7.0,interceptado,,2311.0,0,0,0,0,0,0,0,0,0,0,0,0,0,0,0,0,0,0,0,0,0,0,0,0,0,0,0,0,0,0,0,0,0,0,0,0,0,0,0,0,0,0,0,0,0,0,0,0,0,0,0,0,0,0,0,0,0,0,0,,171.70987120944605,,66.36713078815791,
2022/07/13,pases Newells,Newells,13:04:47,15:19:37,pase,,00:38:36,00:38:36,0.0,"119,88",4,,"92,36",3.0,corto,,2316.0,0,0,0,0,0,0,1,0,0,0,0,0,0,0,0,0,0,0,0,0,0,0,0,0,0,0,0,0,0,0,0,0,0,0,0,0,0,0,0,0,0,0,0,0,0,0,0,0,0,0,0,0,0,0,0,0,0,0,0,11.0,91.85532960826929,119.09649137844208,35.93514414070634,87.62701217905426
2022/07/13,pases Newells,Newells,13:04:47,15:19:37,pase,,00:38:38,00:38:38,0.0,"180,98",7,,"126,64",4.0,corto,,2318.0,0,0,0,0,0,0,1,0,0,0,0,0,0,0,0,0,0,0,0,0,0,0,0,0,0,0,0,0,0,0,0,0,0,0,0,0,0,0,0,0,0,0,0,0,0,0,0,0,0,0,0,0,0,0,0,0,0,0,0,14.0,125.92905048130149,179.91301322424252,64.00416006100073,98.0500972761684
2022/07/13,pases Newells,Newells,13:04:47,15:19:37,pase,,00:38:58,00:38:58,0.0,"107,39",10,,"129,21",5.0,corto,,2338.0,0,0,0,0,0,0,1,0,0,0,0,0,0,0,0,0,0,0,0,0,0,0,0,0,0,0,0,0,0,0,0,0,0,0,0,0,0,0,0,0,0,0,0,0,0,0,0,0,0,0,0,0,0,0,0,0,0,0,0,10.0,128.54829128239976,106.81532430274002,21.347050540803707,39.29012544554615
2022/07/13,pases Newells,Newells,13:04:47,15:19:37,falta,,00:39:27,00:39:27,0.0,,,,"224,4",5.0,recibida,,2367.0,0,0,0,0,0,0,0,0,0,0,0,0,0,0,0,0,0,0,0,0,0,0,0,0,0,1,0,0,0,0,0,0,0,0,0,0,0,0,0,0,0,0,0,0,0,0,0,0,0,0,0,0,0,0,0,0,0,0,0,,224.21680475971573,,3.8400355402989277,
2022/07/13,pases Newells,Newells,13:04:47,15:19:37,falta,,00:41:59,00:41:59,0.0,,,,"185,35",11.0,hecha,,2519.0,0,0,0,0,0,0,0,0,0,0,0,0,0,0,0,0,0,0,0,0,0,0,0,0,1,0,0,0,0,0,0,0,0,0,0,0,0,0,0,0,0,0,0,0,0,0,0,0,0,0,0,0,0,0,0,0,0,0,0,,185.1511297836726,,34.85275796854752,
2022/07/13,pases Newells,Newells,13:04:47,15:19:37,falta,,00:42:22,00:42:22,0.0,,,,"94,35",5.0,recibida,,2542.0,0,0,0,0,0,0,0,0,0,0,0,0,0,0,0,0,0,0,0,0,0,0,0,0,0,1,0,0,0,0,0,0,0,0,0,0,0,0,0,0,0,0,0,0,0,0,0,0,0,0,0,0,0,0,0,0,0,0,0,,93.72525211433413,,35.435581155441845,
2022/07/13,pases Newells,Newells,13:04:47,15:19:37,pase,,00:42:30,00:42:30,0.0,"165,124",8,,"158,148",4.0,corto,,2550.0,0,0,0,0,0,0,1,0,0,0,0,0,0,0,0,0,0,0,0,0,0,0,0,0,0,0,0,0,0,0,0,0,0,0,0,0,0,0,0,0,0,0,0,0,0,0,0,0,0,0,0,0,0,0,0,0,0,0,0,15.0,158.09587695635403,165.1026290423148,147.6899951452791,124.23673271062559
2022/07/13,pases Newells,Newells,13:04:47,15:19:37,pase,,00:42:38,00:42:38,0.0,"50,79",6,,"178,66",8.0,corto,,2558.0,0,0,0,0,0,0,1,0,0,0,0,0,0,0,0,0,0,0,0,0,0,0,0,0,0,0,0,0,0,0,0,0,0,0,0,0,0,0,0,0,0,0,0,0,0,0,0,0,0,0,0,0,0,0,0,0,0,0,0,8.0,177.77911490445882,50.24792091364908,66.47270585675842,78.73271458451917
2022/07/13,pases Newells,Newells,13:04:47,15:19:37,pase,,00:42:41,00:42:41,0.0,"85,159",2,,"81,77",6.0,corto,,2561.0,0,0,0,0,0,0,1,0,0,0,0,0,0,0,0,0,0,0,0,0,0,0,0,0,0,0,0,0,0,0,0,0,0,0,0,0,0,0,0,0,0,0,0,0,0,0,0,0,0,0,0,0,0,0,0,0,0,0,0,9.0,80.7388614293636,84.86571870528365,77.23558024090944,158.73797253105266
2022/07/13,pases Newells,Newells,13:04:47,15:19:37,pase,,00:42:44,00:42:44,0.0,"76,90",1,,"69,126",2.0,corto,,2564.0,0,0,0,0,0,0,1,0,0,0,0,0,0,0,0,0,0,0,0,0,0,0,0,0,0,0,0,0,0,0,0,0,0,0,0,0,0,0,0,0,0,0,0,0,0,0,0,0,0,0,0,0,0,0,0,0,0,0,0,8.0,68.86830477075809,75.80445159869817,126.03237214445527,90.01027809805633
2022/07/13,pases Newells,Newells,13:04:47,15:19:37,pase,,00:42:48,00:42:48,0.0,"168,76",11,,"77,91",1.0,largo,,2568.0,0,0,0,0,0,0,1,0,0,0,0,0,0,0,0,0,0,0,0,0,0,0,0,0,0,0,0,0,0,0,0,0,0,0,0,0,0,0,0,0,0,0,0,0,0,0,0,0,0,0,0,0,0,0,0,0,0,0,0,14.0,76.75074941910319,168.4583270436115,90.94446482756697,75.85859353554919
2022/07/13,pases Newells,Newells,13:04:47,15:19:37,falta,,00:42:49,00:42:49,0.0,,,,"146,99",11.0,hecha,,2569.0,0,0,0,0,0,0,0,0,0,0,0,0,0,0,0,0,0,0,0,0,0,0,0,0,1,0,0,0,0,0,0,0,0,0,0,0,0,0,0,0,0,0,0,0,0,0,0,0,0,0,0,0,0,0,0,0,0,0,0,,146.10244583688575,,99.2423361815905,
2022/07/13,pases Newells,Newells,13:04:47,15:19:37,falta,,00:43:15,00:43:15,0.0,,,,"163,128",8.0,hecha,,2595.0,0,0,0,0,0,0,0,0,0,0,0,0,0,0,0,0,0,0,0,0,0,0,0,0,1,0,0,0,0,0,0,0,0,0,0,0,0,0,0,0,0,0,0,0,0,0,0,0,0,0,0,0,0,0,0,0,0,0,0,,162.9332129982675,,128.28557869672431,
2022/07/13,pases Newells,Newells,13:04:47,15:19:37,falta,,00:44:09,00:44:09,0.0,,,,"104,135",9.0,recibida,,2649.0,0,0,0,0,0,0,0,0,0,0,0,0,0,0,0,0,0,0,0,0,0,0,0,0,0,1,0,0,0,0,0,0,0,0,0,0,0,0,0,0,0,0,0,0,0,0,0,0,0,0,0,0,0,0,0,0,0,0,0,,103.7649352169441,,134.7317508907734,
2022/07/13,pases Newells,Newells,13:04:47,15:19:37,arquero,,00:44:31,00:44:31,0.0,,,,"211,31",1.0,rebote/despeje,,2671.0,0,0,0,0,0,0,0,0,0,0,0,0,0,0,0,0,0,0,0,0,0,0,0,0,0,0,0,0,0,0,0,0,0,0,0,0,0,0,0,0,0,0,0,0,0,0,0,0,0,0,0,0,0,0,0,0,0,0,0,,211.23998550810902,,30.660431565414093,
2022/07/13,pases Newells,Newells,13:04:47,15:19:37,pase,,00:45:31,00:45:31,0.0,"162,140",7,,"10,99",1.0,s arquero pie,,2731.0,0,0,0,0,0,0,0,0,0,0,0,0,0,0,0,0,0,0,0,0,0,0,0,0,0,0,0,0,0,0,0,0,0,0,0,0,0,0,0,0,0,0,0,0,0,0,0,0,0,0,0,0,0,0,0,0,0,1,0,15.0,10.031953418689604,161.99304226667243,98.8388484015596,140.0250614191001
2022/07/13,pases Newells,Newells,13:04:47,15:19:37,perdida,,00:45:43,00:45:43,0.0,,,,"22,77",1.0,interceptado,,2743.0,0,0,0,0,0,0,0,0,0,0,0,0,0,0,0,0,0,0,0,0,0,0,0,0,0,0,0,0,0,0,0,0,0,0,0,0,0,0,0,0,0,0,0,0,0,0,0,0,0,0,0,0,0,0,0,0,0,0,0,,22.02167732493146,,77.25082278646958,
2022/07/13,pases Newells,Newells,13:04:47,15:19:37,pase,,00:46:27,00:46:27,0.0,"67,2",3,,"20,77",1.0,corto,,2787.0,0,0,0,0,0,0,1,0,0,0,0,0,0,0,0,0,0,0,0,0,0,0,0,0,0,0,0,0,0,0,0,0,0,0,0,0,0,0,0,0,0,0,0,0,0,0,0,0,0,0,0,0,0,0,0,0,0,0,0,7.0,20.033793750242573,67.19904356772935,77.49186299926265,2.0140917996137624
2022/07/13,pases Newells,Newells,13:04:47,15:19:37,pase,,00:46:32,00:46:32,0.0,"3,42",1,,"54,32",3.0,corto,,2792.0,0,0,0,0,0,0,1,0,0,0,0,0,0,0,0,0,0,0,0,0,0,0,0,0,0,0,0,0,0,0,0,0,0,0,0,0,0,0,0,0,0,0,0,0,0,0,0,0,0,0,0,0,0,0,0,0,0,0,0,2.0,53.57801933458688,2.698189724739919,32.455180291743986,42.44888338083334
2022/07/13,pases Newells,Newells,13:04:47,15:19:37,pase,,00:46:44,00:46:44,0.0,"99,10",3,,"166,20",10.0,corto,,2804.0,0,0,0,0,0,0,1,0,0,0,0,0,0,0,0,0,0,0,0,0,0,0,0,0,0,0,0,0,0,0,0,0,0,0,0,0,0,0,0,0,0,0,0,0,0,0,0,0,0,0,0,0,0,0,0,0,0,0,0,10.0,165.72650330141587,99.35158744363981,19.844394851871012,10.30308785744117
2022/07/13,pases Newells,Newells,13:04:47,15:19:37,pase,,00:46:46,00:46:46,0.0,"127,25",5,,"95,12",3.0,corto,,2806.0,0,0,0,0,0,0,1,0,0,0,0,0,0,0,0,0,0,0,0,0,0,0,0,0,0,0,0,0,0,0,0,0,0,0,0,0,0,0,0,0,0,0,0,0,0,0,0,0,0,0,0,0,0,0,0,0,0,0,0,10.0,95.44117003826828,127.47014866679501,11.852730887539952,24.69052170452514
2022/07/13,pases Newells,Newells,13:04:47,15:19:37,pase,,00:46:50,00:46:50,0.0,"102,119",4,,"104,89",5.0,corto,,2810.0,0,0,0,0,0,0,1,0,0,0,0,0,0,0,0,0,0,0,0,0,0,0,0,0,0,0,0,0,0,0,0,0,0,0,0,0,0,0,0,0,0,0,0,0,0,0,0,0,0,0,0,0,0,0,0,0,0,0,0,12.0,104.32679046862864,101.93148340861515,89.39407532590181,119.16036063632498
2022/07/13,pases Newells,Newells,13:04:47,15:19:37,pase,,00:46:56,00:46:56,0.0,"214,135",7,,"118,133",4.0,medio,,2816.0,0,0,0,0,0,0,0,1,0,0,0,0,0,0,0,0,0,0,0,0,0,0,0,0,0,0,0,0,0,0,0,0,0,0,0,0,0,0,0,0,0,0,0,0,0,0,0,0,0,0,0,0,0,0,0,0,0,0,0,18.0,117.91577600388644,214.16920559538556,133.45951207313823,135.2489292449242
2022/07/13,pases Newells,Newells,13:04:47,15:19:37,perdida,,00:46:56,00:46:56,0.0,,,,"107,154",4.0,balon afuera lateral,,2816.0,0,0,0,0,0,0,0,0,0,0,0,0,0,0,0,0,0,0,0,0,0,0,0,0,0,0,0,0,0,0,0,0,0,0,0,0,0,0,0,0,0,0,0,0,0,0,0,0,0,0,0,0,0,0,0,0,0,0,0,,107.35084925108505,,153.85974224879237,
2022/07/13,pases Newells,Newells,13:04:47,15:19:37,pase,,00:49:44,00:49:44,0.0,"221,147",5,,"223,129",10.0,corto,,2984.0,0,0,0,0,0,0,1,0,0,0,0,0,0,0,0,0,0,0,0,0,0,0,0,0,0,0,0,0,0,0,0,0,0,0,0,0,0,0,0,0,0,0,0,0,0,0,0,0,0,0,0,0,0,0,0,0,0,0,0,18.0,222.68103909462533,221.26088952131167,129.23837785249432,147.44973339548773
2022/07/13,pases Newells,Newells,13:04:47,15:19:37,remate pie,,00:49:46,00:49:46,0.0,"268,88",Rival,,"217,67",5.0,corta distancia,,2986.0,0,0,1,0,0,0,0,0,0,0,0,0,0,0,0,0,0,0,0,0,0,0,0,0,0,0,0,0,0,0,0,0,0,0,0,0,0,0,0,0,0,0,0,0,0,0,0,0,0,0,0,0,0,0,0,0,0,0,0,22.0,217.24193683405656,267.83238827586484,67.0758065658482,88.0108258349881
2022/07/13,pases Newells,Newells,13:04:47,15:19:37,perdida,,00:49:46,00:49:46,0.0,,,,"220,87",5.0,atajada,,2986.0,0,0,0,0,0,0,0,0,0,0,0,0,0,0,0,0,0,0,0,0,0,0,0,0,0,0,0,0,0,0,0,0,0,0,0,0,0,0,0,0,0,0,0,0,0,0,0,0,0,0,0,0,0,0,0,0,0,0,0,,219.89131338562277,,87.35975457578951,
2022/07/13,pases Newells,Newells,13:04:47,15:19:37,pase,,00:50:26,00:50:26,0.0,"193,43",10,,"235,131",7.0,corto,,3026.0,0,0,0,0,0,0,1,0,0,0,0,0,0,0,0,0,0,0,0,0,0,0,0,0,0,0,0,0,0,0,0,0,0,0,0,0,0,0,0,0,0,0,0,0,0,0,0,0,0,0,0,0,0,0,0,0,0,0,0,16.0,235.3783123438484,193.28715056231513,130.61074469576295,42.54393652467819
2022/07/13,pases Newells,Newells,13:04:47,15:19:37,remate pie,,00:50:31,00:50:31,0.0,"272,80",Rival,,"184,99",10.0,corta distancia,,3031.0,0,0,1,0,0,0,0,0,0,0,0,0,0,0,0,0,0,0,0,0,0,0,0,0,0,0,0,0,0,0,0,0,0,0,0,0,0,0,0,0,0,0,0,0,0,0,0,0,0,0,0,0,0,0,0,0,0,0,0,22.0,183.52406960639757,272.0,99.25747448534216,79.65167991244643
2022/07/13,pases Newells,Newells,13:04:47,15:19:37,perdida,,00:50:31,00:50:31,0.0,,,,"218,65",10.0,atajada,,3031.0,0,0,0,0,0,0,0,0,0,0,0,0,0,0,0,0,0,0,0,0,0,0,0,0,0,0,0,0,0,0,0,0,0,0,0,0,0,0,0,0,0,0,0,0,0,0,0,0,0,0,0,0,0,0,0,0,0,0,0,,217.83028690360834,,64.84386494041499,
2022/07/13,pases Newells,Newells,13:04:47,15:19:37,arquero,,00:51:34,00:51:34,0.0,,,,"16,30",1.0,rebote/despeje,,3094.0,0,0,0,0,0,0,0,0,0,0,0,0,0,0,0,0,0,0,0,0,0,0,0,0,0,0,0,0,0,0,0,0,0,0,0,0,0,0,0,0,0,0,0,0,0,0,0,0,0,0,0,0,0,0,0,0,0,0,0,,16.127842801841823,,30.099306330984398,
2022/07/13,pases Newells,Newells,13:04:47,15:19:37,pase,,00:52:21,00:52:21,0.0,"94,38",10,,"105,14",3.0,corto,,3141.0,0,0,0,0,0,0,1,0,0,0,0,0,0,0,0,0,0,0,0,0,0,0,0,0,0,0,0,0,0,0,0,0,0,0,0,0,0,0,0,0,0,0,0,0,0,0,0,0,0,0,0,0,0,0,0,0,0,0,0,10.0,104.71535699123741,93.54361822828169,13.81030596713355,38.1174019915236
2022/07/13,pases Newells,Newells,13:04:47,15:19:37,pase,,00:52:17,00:52:17,0.0,"109,33",9,,"21,98",1.0,s arquero pie,,3137.0,0,0,0,0,0,0,0,0,0,0,0,0,0,0,0,0,0,0,0,0,0,0,0,0,0,0,0,0,0,0,0,0,0,0,0,0,0,0,0,0,0,0,0,0,0,0,0,0,0,0,0,0,0,0,0,0,0,1,0,10.0,20.880243757725044,109.1797531855482,97.81777386141557,33.249794725712405
2022/07/13,pases Newells,Newells,13:04:47,15:19:37,pase,,00:52:19,00:52:19,0.0,"122,26",3,,"102,16",9.0,corto,,3139.0,0,0,0,0,0,0,1,0,0,0,0,0,0,0,0,0,0,0,0,0,0,0,0,0,0,0,0,0,0,0,0,0,0,0,0,0,0,0,0,0,0,0,0,0,0,0,0,0,0,0,0,0,0,0,0,0,0,0,0,10.0,101.77104763362581,122.42563328947904,15.988008494911512,25.604188416009308
2022/07/13,pases Newells,Newells,13:04:47,15:19:37,pase,,00:55:11,00:55:11,0.0,"40,34",6,,"10,65",1.0,corto,,3311.0,0,0,0,0,0,0,1,0,0,0,0,0,0,0,0,0,0,0,0,0,0,0,0,0,0,0,0,0,0,0,0,0,0,0,0,0,0,0,0,0,0,0,0,0,0,0,0,0,0,0,0,0,0,0,0,0,0,0,0,2.0,10.256087256138535,40.402918930419105,64.51677033010463,34.334057475361405
2022/07/13,pases Newells,Newells,13:04:47,15:19:37,pase,,00:55:13,00:55:13,0.0,"87,26",3,,"8,52",6.0,corto,,3313.0,0,0,0,0,0,0,1,0,0,0,0,0,0,0,0,0,0,0,0,0,0,0,0,0,0,0,0,0,0,0,0,0,0,0,0,0,0,0,0,0,0,0,0,0,0,0,0,0,0,0,0,0,0,0,0,0,0,0,0,7.0,8.116752157682175,86.7686969560559,52.41553539458388,25.787934133746163
2022/07/13,pases Newells,Newells,13:04:47,15:19:37,pase,,00:55:17,00:55:17,0.0,"199,16",9,,"55,7",3.0,medio,,3317.0,0,0,0,0,0,0,1,0,0,0,0,0,0,0,0,0,0,0,0,0,0,0,0,0,0,0,0,0,0,0,0,0,0,0,0,0,0,0,0,0,0,0,0,0,0,0,0,0,0,0,0,0,0,0,0,0,0,0,0,16.0,54.82099638271,199.20556344094052,7.442534119425414,15.570530472315454
2022/07/13,pases Newells,Newells,13:04:47,15:19:37,pase,,00:55:19,00:55:19,0.0,"190,40",11,,"215,23",9.0,corto,,3319.0,0,0,0,0,0,0,1,0,0,0,0,0,0,0,0,0,0,0,0,0,0,0,0,0,0,0,0,0,0,0,0,0,0,0,0,0,0,0,0,0,0,0,0,0,0,0,0,0,0,0,0,0,0,0,0,0,0,0,0,16.0,215.24954339514863,189.78444852963622,23.10207500248412,40.17458266620075
2022/07/13,pases Newells,Newells,13:04:47,15:19:37,pase,,00:55:21,00:55:21,0.0,"187,31",9,,"207,40",11.0,corto,,3321.0,0,0,0,0,0,0,1,0,0,0,0,0,0,0,0,0,0,0,0,0,0,0,0,0,0,0,0,0,0,0,0,0,0,0,0,0,0,0,0,0,0,0,0,0,0,0,0,0,0,0,0,0,0,0,0,0,0,0,0,16.0,206.93855819750976,187.18642834725313,40.0511739136075,31.114308704197054
2022/07/13,pases Newells,Newells,13:04:47,15:19:37,pase,,00:55:23,00:55:23,0.0,"222,25",10,,"191,12",9.0,corto,,3323.0,0,0,0,0,0,0,1,0,0,0,0,0,0,0,0,0,0,0,0,0,0,0,0,0,0,0,0,0,0,0,0,0,0,0,0,0,0,0,0,0,0,0,0,0,0,0,0,0,0,0,0,0,0,0,0,0,0,0,0,16.0,191.0196546114695,221.5720424577526,11.880833323347606,24.72187619248613
2022/07/13,pases Newells,Newells,13:04:47,15:19:37,pase,,00:55:26,00:55:26,0.0,"208,151",8,,"192,70",10.0,corto,,3326.0,0,0,0,0,0,0,1,0,0,0,0,0,0,0,0,0,0,0,0,0,0,0,0,0,0,0,0,0,0,0,0,0,0,0,0,0,0,0,0,0,0,0,0,0,0,0,0,0,0,0,0,0,0,0,0,0,0,0,0,18.0,192.180881732641,207.6623301442765,70.2423388724523,150.57873465955342
2022/07/13,pases Newells,Newells,13:04:47,15:19:37,pase,,00:55:32,00:55:32,0.0,"164,162",4,,"199,160",8.0,corto,,3332.0,0,0,0,0,0,0,1,0,0,0,0,0,0,0,0,0,0,0,0,0,0,0,0,0,0,0,0,0,0,0,0,0,0,0,0,0,0,0,0,0,0,0,0,0,0,0,0,0,0,0,0,0,0,0,0,0,0,0,0,15.0,199.2848624548914,163.56947466081607,159.83190630243897,161.68717381731707
2022/07/13,pases Newells,Newells,13:04:47,15:19:37,pase,,00:55:36,00:55:36,0.0,"187,150",8,,"211,139",4.0,corto,,3336.0,0,0,0,0,0,0,1,0,0,0,0,0,0,0,0,0,0,0,0,0,0,0,0,0,0,0,0,0,0,0,0,0,0,0,0,0,0,0,0,0,0,0,0,0,0,0,0,0,0,0,0,0,0,0,0,0,0,0,0,18.0,211.4107704070097,187.34302056500056,139.45311893601516,149.90384137938872
2022/07/13,pases Newells,Newells,13:04:47,15:19:37,pase,,00:55:36,00:55:36,0.0,"211,134",4,,"200,145",8.0,corto,,3336.0,0,0,0,0,0,0,1,0,0,0,0,0,0,0,0,0,0,0,0,0,0,0,0,0,0,0,0,0,0,0,0,0,0,0,0,0,0,0,0,0,0,0,0,0,0,0,0,0,0,0,0,0,0,0,0,0,0,0,0,18.0,199.91965118004734,211.3439715150333,144.8859534150044,134.22096140936452
2022/07/13,pases Newells,Newells,13:04:47,15:19:37,pase,,00:55:37,00:55:37,0.0,"194,137",11,,"187,149",4.0,corto,,3337.0,0,0,0,0,0,0,1,0,0,0,0,0,0,0,0,0,0,0,0,0,0,0,0,0,0,0,0,0,0,0,0,0,0,0,0,0,0,0,0,0,0,0,0,0,0,0,0,0,0,0,0,0,0,0,0,0,0,0,0,18.0,187.48834028211317,194.36395393283678,148.56199415491596,137.02681499348085
2022/07/13,pases Newells,Newells,13:04:47,15:19:37,pase,,00:55:40,00:55:40,0.0,"193,125",9,,"216,149",11.0,corto,,3340.0,0,0,0,0,0,0,1,0,0,0,0,0,0,0,0,0,0,0,0,0,0,0,0,0,0,0,0,0,0,0,0,0,0,0,0,0,0,0,0,0,0,0,0,0,0,0,0,0,0,0,0,0,0,0,0,0,0,0,0,18.0,215.63727756708812,192.99749042814622,148.99025799561002,125.44883176933978
2022/07/13,pases Newells,Newells,13:04:47,15:19:37,falta,,00:56:36,00:56:36,0.0,,,,"257,141",11.0,recibida,,3396.0,0,0,0,0,0,0,0,0,0,0,0,0,0,0,0,0,0,0,0,0,0,0,0,0,0,1,0,0,0,0,0,0,0,0,0,0,0,0,0,0,0,0,0,0,0,0,0,0,0,0,0,0,0,0,0,0,0,0,0,,257.03052334811434,,140.96629718976467,
2022/07/13,pases Newells,Newells,13:04:47,15:19:37,falta,,00:59:41,00:59:41,0.0,,,,"60,142",4.0,offside,,3581.0,0,0,0,0,0,0,0,0,0,0,0,0,0,0,0,0,0,0,0,0,0,0,0,0,0,0,0,0,1,0,0,0,0,0,0,0,0,0,0,0,0,0,0,0,0,0,0,0,0,0,0,0,0,0,0,0,0,0,0,,59.74492892035658,,142.2889112994588,
2022/07/13,pases Newells,Newells,13:04:47,15:19:37,pase,,01:00:29,01:00:29,0.0,"212,60",10,,"199,147",5.0,corto,,3629.0,0,0,0,0,0,0,1,0,0,0,0,0,0,0,0,0,0,0,0,0,0,0,0,0,0,0,0,0,0,0,0,0,0,0,0,0,0,0,0,0,0,0,0,0,0,0,0,0,0,0,0,0,0,0,0,0,0,0,0,17.0,198.6648346261074,211.55327561957628,147.4770169700017,60.39889412633272
2022/07/13,pases Newells,Newells,13:04:47,15:19:37,remate pie,,01:00:31,01:00:31,0.0,"245,100",Rival,,"217,68",10.0,corta distancia,,3631.0,0,1,0,0,0,0,0,0,0,0,0,0,0,0,0,0,0,0,0,0,0,0,0,0,0,0,0,0,0,0,0,0,0,0,0,0,0,0,0,0,0,0,0,0,0,0,0,0,0,0,0,0,0,0,0,0,0,0,0,22.0,217.44092022439958,245.23317051963357,68.09602045977954,100.19352965172496
2022/07/13,pases Newells,Newells,13:04:47,15:19:37,perdida,,01:00:32,01:00:32,0.0,,,,"215,73",10.0,balon afuera fondo,,3632.0,0,0,0,0,0,0,0,0,0,0,0,0,0,0,0,0,0,0,0,0,0,0,0,0,0,0,0,0,0,0,0,0,0,0,0,0,0,0,0,0,0,0,0,0,0,0,0,0,0,0,0,0,0,0,0,0,0,0,0,,215.0789803858163,,73.00038055796092,
2022/07/13,pases Newells,Newells,13:04:47,15:19:37,falta,,01:19:45,01:19:45,0.0,,,,"258,157",11.0,recibida,,4785.0,0,0,0,0,0,0,0,0,0,0,0,0,0,0,0,0,0,0,0,0,0,0,0,0,0,1,0,0,0,0,0,0,0,0,0,0,0,0,0,0,0,0,0,0,0,0,0,0,0,0,0,0,0,0,0,0,0,0,0,,258.41485121322677,,157.00163076100068,
2022/07/13,pases Newells,Newells,13:04:47,15:19:37,pase,,01:22:24,01:22:24,0.0,"51,8",6,,"6,98",1.0,corto,,4944.0,0,0,0,0,0,0,1,0,0,0,0,0,0,0,0,0,0,0,0,0,0,0,0,0,0,0,0,0,0,0,0,0,0,0,0,0,0,0,0,0,0,0,0,0,0,0,0,0,0,0,0,0,0,0,0,0,0,0,0,7.0,5.747102014759687,51.00894206272845,98.44800776080459,8.416537118597674
2022/07/13,pases Newells,Newells,13:04:47,15:19:37,pase,,01:22:30,01:22:30,0.0,"194,14",10,,"72,3",6.0,corto,,4950.0,0,0,0,0,0,0,0,1,0,0,0,0,0,0,0,0,0,0,0,0,0,0,0,0,0,0,0,0,0,0,0,0,0,0,0,0,0,0,0,0,0,0,0,0,0,0,0,0,0,0,0,0,0,0,0,0,0,0,0,16.0,71.81305412002902,194.29229345240668,3.2455264218827082,14.431382685973084
2022/07/13,pases Newells,Newells,13:04:47,15:19:37,perdida,,01:22:31,01:22:31,0.0,,,,"82,9",6.0,interceptado,,4951.0,0,0,0,0,0,0,0,0,0,0,0,0,0,0,0,0,0,0,0,0,0,0,0,0,0,0,0,0,0,0,0,0,0,0,0,0,0,0,0,0,0,0,0,0,0,0,0,0,0,0,0,0,0,0,0,0,0,0,0,,81.87995757167971,,8.939304003382087,
2022/07/13,pases Newells,Newells,13:04:47,15:19:37,pase,,01:22:52,01:22:52,0.0,"116,122",4,,"101,84",7.0,corto,,4972.0,0,0,0,0,0,0,1,0,0,0,0,0,0,0,0,0,0,0,0,0,0,0,0,0,0,0,0,0,0,0,0,0,0,0,0,0,0,0,0,0,0,0,0,0,0,0,0,0,0,0,0,0,0,0,0,0,0,0,0,12.0,100.8850921146414,116.44137209026249,84.37002673938775,122.40142124912875
2022/07/13,pases Newells,Newells,13:04:47,15:19:37,pase,,01:22:56,01:22:56,0.0,"97,132",8,,"93,151",4.0,corto,,4976.0,0,0,0,0,0,0,1,0,0,0,0,0,0,0,0,0,0,0,0,0,0,0,0,0,0,0,0,0,0,0,0,0,0,0,0,0,0,0,0,0,0,0,0,0,0,0,0,0,0,0,0,0,0,0,0,0,0,0,0,12.0,93.3142509950993,97.25270145689325,150.60245902307136,132.04169058218548
2022/07/13,pases Newells,Newells,13:04:47,15:19:37,pase,,01:23:32,01:23:32,0.0,"166,31",10,,"30,101",1.0,s arquero pie,,5012.0,0,0,0,0,0,0,0,0,0,0,0,0,0,0,0,0,0,0,0,0,0,0,0,0,0,0,0,0,0,0,0,0,0,0,0,0,0,0,0,0,0,0,0,0,0,0,0,0,0,0,0,0,0,0,0,0,0,1,0,13.0,29.950221301839413,165.70952002607876,100.75402020478745,31.124500532554016
2022/07/13,pases Newells,Newells,13:04:47,15:19:37,pase,,01:23:42,01:23:42,0.0,"190,133",4,,"219,97",10.0,corto,,5022.0,0,0,0,0,0,0,1,0,0,0,0,0,0,0,0,0,0,0,0,0,0,0,0,0,0,0,0,0,0,0,0,0,0,0,0,0,0,0,0,0,0,0,0,0,0,0,0,0,0,0,0,0,0,0,0,0,0,0,0,18.0,218.85890737278893,190.33087622804013,96.62586294166647,133.3995665457906
2022/07/13,pases Newells,Newells,13:04:47,15:19:37,pase,,01:23:46,01:23:46,0.0,"192,88",8,,"185,132",4.0,corto,,5026.0,0,0,0,0,0,0,1,0,0,0,0,0,0,0,0,0,0,0,0,0,0,0,0,0,0,0,0,0,0,0,0,0,0,0,0,0,0,0,0,0,0,0,0,0,0,0,0,0,0,0,0,0,0,0,0,0,0,0,0,17.0,185.06805509533515,191.7393405619356,131.94507603843866,88.2645086814968
2022/07/13,pases Newells,Newells,13:04:47,15:19:37,pase,,01:23:48,01:23:48,0.0,"204,153",11,,"207,132",8.0,corto,,5028.0,0,0,0,0,0,0,0,1,0,0,0,0,0,0,0,0,0,0,0,0,0,0,0,0,0,0,0,0,0,0,0,0,0,0,0,0,0,0,0,0,0,0,0,0,0,0,0,0,0,0,0,0,0,0,0,0,0,0,0,18.0,206.81335557424035,204.41199734164175,131.97888391048917,152.94066009791518
2022/07/13,pases Newells,Newells,13:04:47,15:19:37,perdida,,01:23:48,01:23:48,0.0,,,,"214,134",8.0,interceptado,,5028.0,0,0,0,0,0,0,0,0,0,0,0,0,0,0,0,0,0,0,0,0,0,0,0,0,0,0,0,0,0,0,0,0,0,0,0,0,0,0,0,0,0,0,0,0,0,0,0,0,0,0,0,0,0,0,0,0,0,0,0,,214.33434378310315,,134.1369129766497,
2022/07/13,pases Newells,Newells,13:04:47,15:19:37,pase,,01:23:52,01:23:52,0.0,"215,147",8,,"208,136",10.0,corto,,5032.0,0,0,0,0,0,0,1,0,0,0,0,0,0,0,0,0,0,0,0,0,0,0,0,0,0,0,0,0,0,0,0,0,0,0,0,0,0,0,0,0,0,0,0,0,0,0,0,0,0,0,0,0,0,0,0,0,0,0,0,18.0,207.93033067317063,215.47406677632958,136.12659501340184,147.47447622547406
2022/07/13,pases Newells,Newells,13:04:47,15:19:37,pase,,01:23:54,01:23:54,0.0,"211,96",9,,"212,123",8.0,corto,,5034.0,0,0,0,0,0,0,1,0,0,0,0,0,0,0,0,0,0,0,0,0,0,0,0,0,0,0,0,0,0,0,0,0,0,0,0,0,0,0,0,0,0,0,0,0,0,0,0,0,0,0,0,0,0,0,0,0,0,0,0,17.0,211.9272198160396,210.76097758260067,123.16712041794287,95.92167584153472
2022/07/13,pases Newells,Newells,13:04:47,15:19:37,pase,,01:23:55,01:23:55,0.0,"202,95",10,,"205,93",9.0,corto,,5035.0,0,0,0,0,0,0,1,0,0,0,0,0,0,0,0,0,0,0,0,0,0,0,0,0,0,0,0,0,0,0,0,0,0,0,0,0,0,0,0,0,0,0,0,0,0,0,0,0,0,0,0,0,0,0,0,0,0,0,0,17.0,204.80709654091754,201.90870843480823,93.09062895614169,94.9609327442486
2022/07/13,pases Newells,Newells,13:04:47,15:19:37,pase,,01:24:00,01:24:00,0.0,"201,14",3,,"183,82",10.0,corto,,5040.0,0,0,0,0,0,0,1,0,0,0,0,0,0,0,0,0,0,0,0,0,0,0,0,0,0,0,0,0,0,0,0,0,0,0,0,0,0,0,0,0,0,0,0,0,0,0,0,0,0,0,0,0,0,0,0,0,0,0,0,16.0,183.1162520925695,201.09710181337192,81.76371387540279,13.856621799397157
2022/07/13,pases Newells,Newells,13:04:47,15:19:37,pase,,01:24:08,01:24:08,0.0,"221,72",9,,"220,37",3.0,centro aereo,,5048.0,0,0,0,0,0,0,0,1,0,0,0,0,0,0,0,0,0,0,0,0,0,0,0,0,0,0,0,0,0,0,0,0,0,0,0,0,0,0,0,0,0,0,0,0,0,0,0,0,0,0,0,0,0,0,0,0,0,0,0,21.0,219.74848709363584,221.34943831253844,36.51645729947198,71.98169920952189
2022/07/13,pases Newells,Newells,13:04:47,15:19:37,perdida,,01:24:09,01:24:09,0.0,,,,"207,5",3.0,atajada,,5049.0,0,0,0,0,0,0,0,0,0,0,0,0,0,0,0,0,0,0,0,0,0,0,0,0,0,0,0,0,0,0,0,0,0,0,0,0,0,0,0,0,0,0,0,0,0,0,0,0,0,0,0,0,0,0,0,0,0,0,0,,206.95145425151782,,4.58536355003443,
2022/07/13,pases Newells,Newells,13:04:47,15:19:37,pase,,01:24:33,01:24:33,0.0,"203,17",10,,"199,31",5.0,corto,,5073.0,0,0,0,0,0,0,1,0,0,0,0,0,0,0,0,0,0,0,0,0,0,0,0,0,0,0,0,0,0,0,0,0,0,0,0,0,0,0,0,0,0,0,0,0,0,0,0,0,0,0,0,0,0,0,0,0,0,0,0,16.0,198.62315669213288,202.78431504442514,31.411486041357193,17.373424448272946
2022/07/13,pases Newells,Newells,13:04:47,15:19:37,pase,,01:24:38,01:24:38,0.0,"121,37",6,,"156,10",10.0,corto,,5078.0,0,0,0,0,0,0,1,0,0,0,0,0,0,0,0,0,0,0,0,0,0,0,0,0,0,0,0,0,0,0,0,0,0,0,0,0,0,0,0,0,0,0,0,0,0,0,0,0,0,0,0,0,0,0,0,0,0,0,0,10.0,155.91310752571627,120.53105607744834,10.188449111977292,36.571767819842584
2022/07/13,pases Newells,Newells,13:04:47,15:19:37,pase,,01:24:42,01:24:42,0.0,"121,23",3,,"113,17",6.0,corto,,5082.0,0,0,0,0,0,0,1,0,0,0,0,0,0,0,0,0,0,0,0,0,0,0,0,0,0,0,0,0,0,0,0,0,0,0,0,0,0,0,0,0,0,0,0,0,0,0,0,0,0,0,0,0,0,0,0,0,0,0,0,10.0,112.84554992612607,121.38412466413996,16.81154981602272,23.16748883902341
2022/07/13,pases Newells,Newells,13:04:47,15:19:37,pase,,01:24:44,01:24:44,0.0,"168,8",10,,"174,7",3.0,corto,,5084.0,0,0,0,0,0,0,1,0,0,0,0,0,0,0,0,0,0,0,0,0,0,0,0,0,0,0,0,0,0,0,0,0,0,0,0,0,0,0,0,0,0,0,0,0,0,0,0,0,0,0,0,0,0,0,0,0,0,0,0,13.0,174.38419711277274,167.99843315096717,6.986685011740862,8.164533438783982
2022/07/13,pases Newells,Newells,13:04:47,15:19:37,pase,,01:24:47,01:24:47,0.0,"97,19",6,,"164,2",10.0,corto,,5087.0,0,0,0,0,0,0,1,0,0,0,0,0,0,0,0,0,0,0,0,0,0,0,0,0,0,0,0,0,0,0,0,0,0,0,0,0,0,0,0,0,0,0,0,0,0,0,0,0,0,0,0,0,0,0,0,0,0,0,0,10.0,164.34734487304834,96.91486771867456,1.6080515063750056,19.288988164539848
2022/07/13,pases Newells,Newells,13:04:47,15:19:37,pase,,01:24:58,01:24:58,0.0,"157,32",5,,"111,28",6.0,corto,,5098.0,0,0,0,0,0,0,1,0,0,0,0,0,0,0,0,0,0,0,0,0,0,0,0,0,0,0,0,0,0,0,0,0,0,0,0,0,0,0,0,0,0,0,0,0,0,0,0,0,0,0,0,0,0,0,0,0,0,0,0,13.0,110.57266857239229,157.2776111491529,27.758733843096913,32.2191685684596
2022/07/13,pases Newells,Newells,13:04:47,15:19:37,pase,,01:25:01,01:25:01,0.0,"190,85",8,,"184,72",5.0,corto,,5101.0,0,0,0,0,0,0,1,0,0,0,0,0,0,0,0,0,0,0,0,0,0,0,0,0,0,0,0,0,0,0,0,0,0,0,0,0,0,0,0,0,0,0,0,0,0,0,0,0,0,0,0,0,0,0,0,0,0,0,0,17.0,183.59122550940506,189.90044016024675,72.17161345495994,85.21033948672564
2022/07/13,pases Newells,Newells,13:04:47,15:19:37,pase,,01:25:03,01:25:03,0.0,"192,98",9,,"200,95",8.0,corto,,5103.0,0,0,0,0,0,0,0,1,0,0,0,0,0,0,0,0,0,0,0,0,0,0,0,0,0,0,0,0,0,0,0,0,0,0,0,0,0,0,0,0,0,0,0,0,0,0,0,0,0,0,0,0,0,0,0,0,0,0,0,17.0,200.48653117908856,191.62498243907302,94.65899512786568,98.49575529993245
2022/07/13,pases Newells,Newells,13:04:47,15:19:37,perdida,,01:25:03,01:25:03,0.0,,,,"205,97",8.0,interceptado,,5103.0,0,0,0,0,0,0,0,0,0,0,0,0,0,0,0,0,0,0,0,0,0,0,0,0,0,0,0,0,0,0,0,0,0,0,0,0,0,0,0,0,0,0,0,0,0,0,0,0,0,0,0,0,0,0,0,0,0,0,0,,204.66403831698247,,96.99292885878523,
2022/07/13,pases Newells,Newells,13:04:47,15:19:37,pase,,01:25:30,01:25:30,0.0,"188,157",4,,"184,76",5.0,corto,,5130.0,0,0,0,0,0,0,1,0,0,0,0,0,0,0,0,0,0,0,0,0,0,0,0,0,0,0,0,0,0,0,0,0,0,0,0,0,0,0,0,0,0,0,0,0,0,0,0,0,0,0,0,0,0,0,0,0,0,0,0,18.0,184.08013960931723,187.85235912820096,76.09355683930283,156.70649507596326
2022/07/13,pases Newells,Newells,13:04:47,15:19:37,pase,,01:25:33,01:25:33,0.0,"222,64",9,,"220,131",4.0,centro aereo,,5133.0,0,0,0,0,0,0,0,1,0,0,1,1,0,0,0,0,0,0,0,0,0,0,0,0,0,0,0,0,0,0,0,0,0,0,0,0,0,0,0,0,0,0,0,0,0,0,0,0,0,0,0,0,0,0,0,0,0,0,0,21.0,220.2752051247507,222.12842980494975,131.33000193562117,64.14434922190192
2022/07/13,pases Newells,Newells,13:04:47,15:19:37,perdida,,01:25:34,01:25:34,0.0,,,,"187,132",9.0,interceptado,,5134.0,0,0,0,0,0,0,0,0,0,0,0,0,0,0,0,0,0,0,0,0,0,0,0,0,0,0,0,0,0,0,0,0,0,0,0,0,0,0,0,0,0,0,0,0,0,0,0,0,0,0,0,0,0,0,0,0,0,0,0,,187.40998540163335,,132.44502504627064,
2022/07/13,pases Newells,Newells,13:04:47,15:19:37,remate pie,,01:25:43,01:25:43,0.0,"272,84",Rival,,"206,32",3.0,media distancia,,5143.0,0,1,0,0,0,0,0,0,0,0,0,0,0,0,0,0,0,0,0,0,0,0,0,0,0,0,0,0,0,0,0,0,0,0,0,0,0,0,0,0,0,0,0,0,0,0,0,0,0,0,0,0,0,0,0,0,0,0,0,22.0,206.19161893543156,272.0,32.11629185490664,83.76527125677097
2022/07/13,pases Newells,Newells,13:04:47,15:19:37,perdida,,01:25:43,01:25:43,0.0,,,,"191,28",3.0,balon afuera fondo,,5143.0,0,0,0,0,0,0,0,0,0,0,0,0,0,0,0,0,0,0,0,0,0,0,0,0,0,0,0,0,0,0,0,0,0,0,0,0,0,0,0,0,0,0,0,0,0,0,0,0,0,0,0,0,0,0,0,0,0,0,0,,190.9246955923686,,27.510919039996967,
2022/07/13,pases Newells,Newells,13:04:47,15:19:37,falta,,01:26:49,01:26:49,0.0,,,,"150,157",4.0,recibida,,5209.0,0,0,0,0,0,0,0,0,0,0,0,0,0,0,0,0,0,0,0,0,0,0,0,0,0,1,0,0,0,0,0,0,0,0,0,0,0,0,0,0,0,0,0,0,0,0,0,0,0,0,0,0,0,0,0,0,0,0,0,,150.4845553744225,,156.7141054270637,
2022/07/13,pases Newells,Newells,13:04:47,15:19:37,pase,,01:27:09,01:27:09,0.0,"94,22",3,,"96,21",6.0,corto,,5229.0,0,0,0,0,0,0,1,0,0,0,0,0,0,0,0,0,0,0,0,0,0,0,0,0,0,0,0,0,0,0,0,0,0,0,0,0,0,0,0,0,0,0,0,0,0,0,0,0,0,0,0,0,0,0,0,0,0,0,0,10.0,96.23903307366112,94.135699211193,21.2604835684135,21.7161307589938
2022/07/13,pases Newells,Newells,13:04:47,15:19:37,pase,,01:27:12,01:27:12,0.0,"125,35",9,,"92,28",3.0,corto,,5232.0,0,0,0,0,0,0,1,0,0,0,0,0,0,0,0,0,0,0,0,0,0,0,0,0,0,0,0,0,0,0,0,0,0,0,0,0,0,0,0,0,0,0,0,0,0,0,0,0,0,0,0,0,0,0,0,0,0,0,0,10.0,92.48190012114739,125.09654355421455,27.95758232050755,34.53342561032752
2022/07/13,pases Newells,Newells,13:04:47,15:19:37,pase,,01:27:14,01:27:14,0.0,"146,7",5,,"106,3",9.0,corto,,5234.0,0,0,0,0,0,0,1,0,0,0,0,0,0,0,0,0,0,0,0,0,0,0,0,0,0,0,0,0,0,0,0,0,0,0,0,0,0,0,0,0,0,0,0,0,0,0,0,0,0,0,0,0,0,0,0,0,0,0,0,13.0,105.90277833501011,146.31253846717112,3.113197727236127,7.428329082030793
2022/07/13,pases Newells,Newells,13:04:47,15:19:37,pase,,01:27:16,01:27:16,0.0,"179,17",3,,"161,18",5.0,corto,,5236.0,0,0,0,0,0,0,1,0,0,0,0,0,0,0,0,0,0,0,0,0,0,0,0,0,0,0,0,0,0,0,0,0,0,0,0,0,0,0,0,0,0,0,0,0,0,0,0,0,0,0,0,0,0,0,0,0,0,0,0,13.0,161.41896948543584,178.67241597339992,17.67160570185601,16.974771821769515
2022/07/13,pases Newells,Newells,13:04:47,15:19:37,pase,,01:27:21,01:27:21,0.0,"214,17",7,,"175,17",3.0,corto,,5241.0,0,0,0,0,0,0,1,0,0,0,0,0,0,0,0,0,0,0,0,0,0,0,0,0,0,0,0,0,0,0,0,0,0,0,0,0,0,0,0,0,0,0,0,0,0,0,0,0,0,0,0,0,0,0,0,0,0,0,0,16.0,174.69184755612298,214.31933407561232,17.278644309562452,17.100718650889377
2022/07/13,pases Newells,Newells,13:04:47,15:19:37,pase,,01:27:27,01:27:27,0.0,"147,96",2,,"216,18",10.0,corto,,5247.0,0,0,0,0,0,0,1,0,0,0,0,0,0,0,0,0,0,0,0,0,0,0,0,0,0,0,0,0,0,0,0,0,0,0,0,0,0,0,0,0,0,0,0,0,0,0,0,0,0,0,0,0,0,0,0,0,0,0,0,14.0,215.72347829601927,147.26888670948938,17.559924578948333,95.60241131656886
2022/07/13,pases Newells,Newells,13:04:47,15:19:37,pase,,01:27:30,01:27:30,0.0,"221,147",4,,"179,86",2.0,corto,,5250.0,0,0,0,0,0,0,1,0,0,0,0,0,0,0,0,0,0,0,0,0,0,0,0,0,0,0,0,0,0,0,0,0,0,0,0,0,0,0,0,0,0,0,0,0,0,0,0,0,0,0,0,0,0,0,0,0,0,0,0,18.0,179.22710830144578,220.88141692408223,85.648711979539,147.04311482355706
2022/07/13,pases Newells,Newells,13:04:47,15:19:37,pase,,01:27:34,01:27:34,0.0,"243,124",8,,"234,151",4.0,corto,,5254.0,0,0,0,0,0,0,1,0,0,0,0,0,0,0,0,0,0,0,0,0,0,0,0,0,0,0,0,0,0,0,0,0,0,0,0,0,0,0,0,0,0,0,0,0,0,0,0,0,0,0,0,0,0,0,0,0,0,0,0,23.0,233.81937150253756,243.374240258879,151.08580349284094,124.34889358172748
2022/07/13,pases Newells,Newells,13:04:47,15:19:37,pase,,01:27:35,01:27:35,0.0,"244,63",10,,"248,122",8.0,medio,,5255.0,0,0,0,0,0,0,1,0,0,0,0,0,0,0,0,0,0,0,0,0,0,0,0,0,0,0,0,0,0,0,0,0,0,0,0,0,0,0,0,0,0,0,0,0,0,0,0,0,0,0,0,0,0,0,0,0,0,0,0,20.0,248.03104514284817,244.34347972876998,122.42786455250899,62.68805222960464
2022/07/13,pases Newells,Newells,13:04:47,15:19:37,falta,,01:27:41,01:27:41,0.0,,,,"250,37",10.0,hecha,,5261.0,0,0,0,0,0,0,0,0,0,0,0,0,0,0,0,0,0,0,0,0,0,0,0,0,1,0,0,0,0,0,0,0,0,0,0,0,0,0,0,0,0,0,0,0,0,0,0,0,0,0,0,0,0,0,0,0,0,0,0,,249.73093373390765,,37.23480409758789,
2022/07/13,pases Newells,Newells,13:04:47,15:19:37,pase,,01:28:42,01:28:42,0.0,"62,10",6,,"120,11",5.0,corto,,5322.0,0,0,0,0,0,0,1,0,0,0,0,0,0,0,0,0,0,0,0,0,0,0,0,0,0,0,0,0,0,0,0,0,0,0,0,0,0,0,0,0,0,0,0,0,0,0,0,0,0,0,0,0,0,0,0,0,0,0,0,7.0,120.46766307169221,61.889771223637034,11.457799188425415,10.470863531442197
2022/07/13,pases Newells,Newells,13:04:47,15:19:37,pase,,01:28:44,01:28:44,0.0,"119,38",3,,"69,7",6.0,corto,,5324.0,0,0,0,0,0,0,1,0,0,0,0,0,0,0,0,0,0,0,0,0,0,0,0,0,0,0,0,0,0,0,0,0,0,0,0,0,0,0,0,0,0,0,0,0,0,0,0,0,0,0,0,0,0,0,0,0,0,0,0,10.0,69.21719755173628,119.26992057334046,7.197869348453864,38.12435851252973
2022/07/13,pases Newells,Newells,13:04:47,15:19:37,pase,,01:28:45,01:28:45,0.0,"105,31",5,,"94,39",3.0,corto,,5325.0,0,0,0,0,0,0,1,0,0,0,0,0,0,0,0,0,0,0,0,0,0,0,0,0,0,0,0,0,0,0,0,0,0,0,0,0,0,0,0,0,0,0,0,0,0,0,0,0,0,0,0,0,0,0,0,0,0,0,0,10.0,93.72911432872621,104.88246301045126,39.34782966158964,30.66556761822876
2022/07/13,pases Newells,Newells,13:04:47,15:19:37,pase,,01:28:51,01:28:51,0.0,"120,149",2,,"119,31",5.0,corto,,5331.0,0,0,0,0,0,0,1,0,0,0,0,0,0,0,0,0,0,0,0,0,0,0,0,0,0,0,0,0,0,0,0,0,0,0,0,0,0,0,0,0,0,0,0,0,0,0,0,0,0,0,0,0,0,0,0,0,0,0,0,12.0,119.29724285201183,119.5237003882593,30.855004864144984,148.73307807765931
2022/07/13,pases Newells,Newells,13:04:47,15:19:37,remate pie,,01:28:57,01:28:57,0.0,"270,105",Rival,,"156,152",2.0,larga distancia,,5337.0,0,1,0,0,0,0,0,0,0,0,0,0,0,0,0,0,0,0,0,0,0,0,0,0,0,0,0,0,0,0,0,0,0,0,0,0,0,0,0,0,0,0,0,0,0,0,0,0,0,0,0,0,0,0,0,0,0,0,0,23.0,155.90343587711698,269.5261672966614,152.0353299812034,105.35793937626843
2022/07/13,pases Newells,Newells,13:04:47,15:19:37,perdida,,01:28:56,01:28:56,0.0,,,,"160,151",2.0,balon afuera fondo,,5336.0,0,0,0,0,0,0,0,0,0,0,0,0,0,0,0,0,0,0,0,0,0,0,0,0,0,0,0,0,0,0,0,0,0,0,0,0,0,0,0,0,0,0,0,0,0,0,0,0,0,0,0,0,0,0,0,0,0,0,0,,160.2324371791511,,151.2802630976843,
2022/07/13,pases Newells,Newells,13:04:47,15:19:37,falta,,01:30:06,01:30:06,0.0,,,,"110,96",5.0,recibida,,5406.0,0,0,0,0,0,0,0,0,0,0,0,0,0,0,0,0,0,0,0,0,0,0,0,0,0,1,0,0,0,0,0,0,0,0,0,0,0,0,0,0,0,0,0,0,0,0,0,0,0,0,0,0,0,0,0,0,0,0,0,,109.76562116090454,,96.28601805394521,
2022/07/13,pases Newells,Newells,13:04:47,15:19:37,falta,,01:30:24,01:30:24,0.0,,,,"96,88",5.0,recibida,,5424.0,0,0,0,0,0,0,0,0,0,0,0,0,0,0,0,0,0,0,0,0,0,0,0,0,0,1,0,0,0,0,0,0,0,0,0,0,0,0,0,0,0,0,0,0,0,0,0,0,0,0,0,0,0,0,0,0,0,0,0,,96.13415736863679,,87.72487595116834,
2022/07/13,pases Newells,Newells,13:04:47,15:19:37,pase,,01:30:55,01:30:55,0.0,"189,64",7,,"216,94",10.0,corto,,5455.0,0,0,0,0,0,0,1,0,0,0,0,0,0,0,0,0,0,0,0,0,0,0,0,0,0,0,0,0,0,0,0,0,0,0,0,0,0,0,0,0,0,0,0,0,0,0,0,0,0,0,0,0,0,0,0,0,0,0,0,17.0,215.55730011663223,188.65064703623605,93.89926501406072,64.48082131378031
2022/07/13,pases Newells,Newells,13:04:47,15:19:37,pase,,01:30:58,01:30:58,0.0,"211,77",8,,"223,96",7.0,corto,,5458.0,0,0,0,0,0,0,1,0,0,0,0,0,0,0,0,0,0,0,0,0,0,0,0,0,0,0,0,0,0,0,0,0,0,0,0,0,0,0,0,0,0,0,0,0,0,0,0,0,0,0,0,0,0,0,0,0,0,0,0,17.0,222.7074841134987,210.94669782271131,96.2869555243573,77.01686837360162
2022/07/13,pases Newells,Newells,13:04:47,15:19:37,pase,,01:31:02,01:31:02,0.0,"194,99",10,,"213,78",8.0,corto,,5462.0,0,0,0,0,0,0,1,0,0,0,0,0,0,0,0,0,0,0,0,0,0,0,0,0,0,0,0,0,0,0,0,0,0,0,0,0,0,0,0,0,0,0,0,0,0,0,0,0,0,0,0,0,0,0,0,0,0,0,0,17.0,213.20721003425976,194.18955319228502,77.99924567964561,98.77582738461214
2022/07/13,pases Newells,Newells,13:04:47,15:19:37,pase,,01:31:03,01:31:03,0.0,"196,61",9,,"212,93",10.0,corto,,5463.0,0,0,0,0,0,0,0,1,0,0,0,0,0,0,0,0,0,0,0,0,0,0,0,0,0,0,0,0,0,0,0,0,0,0,0,0,0,0,0,0,0,0,0,0,0,0,0,0,0,0,0,0,0,0,0,0,0,0,0,17.0,212.05903474570266,195.61756888221322,92.6051706149184,61.177951192447914
2022/07/13,pases Newells,Newells,13:04:47,15:19:37,perdida,,01:31:03,01:31:03,0.0,,,,"183,99",10.0,interceptado,,5463.0,0,0,0,0,0,0,0,0,0,0,0,0,0,0,0,0,0,0,0,0,0,0,0,0,0,0,0,0,0,0,0,0,0,0,0,0,0,0,0,0,0,0,0,0,0,0,0,0,0,0,0,0,0,0,0,0,0,0,0,,183.41413069165222,,98.67404113681476,
2022/07/13,pases Newells,Newells,13:04:47,15:19:37,pase,,01:31:12,01:31:12,0.0,"53,63",5,,"32,87",1.0,s arquero pie,,5472.0,0,0,0,0,0,0,0,0,0,0,0,0,0,0,0,0,0,0,0,0,0,0,0,0,0,0,0,0,0,0,0,0,0,0,0,0,0,0,0,0,0,0,0,0,0,0,0,0,0,0,0,0,0,0,0,0,0,1,0,8.0,31.913710748333912,53.34798073454577,87.49626472087365,63.32052993929593
2022/07/13,pases Newells,Newells,13:04:47,15:19:37,pase,,01:31:15,01:31:15,0.0,"79,124",4,,"63,161",5.0,corto,,5475.0,0,0,0,0,0,0,1,0,0,0,0,0,0,0,0,0,0,0,0,0,0,0,0,0,0,0,0,0,0,0,0,0,0,0,0,0,0,0,0,0,0,0,0,0,0,0,0,0,0,0,0,0,0,0,0,0,0,0,0,9.0,62.67193545714414,78.84309524957872,160.94704640680698,124.28261960361425
2022/07/13,pases Newells,Newells,13:04:47,15:19:37,pase,,01:31:19,01:31:19,0.0,"172,150",11,,"91,142",4.0,corto,,5479.0,0,0,0,0,0,0,1,0,0,0,0,0,0,0,0,0,0,0,0,0,0,0,0,0,0,0,0,0,0,0,0,0,0,0,0,0,0,0,0,0,0,0,0,0,0,0,0,0,0,0,0,0,0,0,0,0,0,0,0,15.0,90.83790667535176,172.39636894743506,142.20051478782707,149.64927698482296
2022/07/13,pases Newells,Newells,13:04:47,15:19:37,pase,,01:31:20,01:31:20,0.0,"179,139",8,,"148,134",11.0,corto,,5480.0,0,0,0,0,0,0,1,0,0,0,0,0,0,0,0,0,0,0,0,0,0,0,0,0,0,0,0,0,0,0,0,0,0,0,0,0,0,0,0,0,0,0,0,0,0,0,0,0,0,0,0,0,0,0,0,0,0,0,0,15.0,147.5305323913901,178.75967147400047,134.21416712516177,139.37892482033038
2022/07/13,pases Newells,Newells,13:04:47,15:19:37,pase,,01:31:22,01:31:22,0.0,"205,123",11,,"167,154",8.0,corto,,5482.0,0,0,0,0,0,0,1,0,0,0,0,0,0,0,0,0,0,0,0,0,0,0,0,0,0,0,0,0,0,0,0,0,0,0,0,0,0,0,0,0,0,0,0,0,0,0,0,0,0,0,0,0,0,0,0,0,0,0,0,18.0,167.229614922571,205.17963412999157,153.5084410797925,123.20927321333724
2022/07/13,pases Newells,Newells,13:04:47,15:19:37,pase,,01:31:24,01:31:24,0.0,"189,72",9,,"187,66",11.0,corto,,5484.0,0,0,0,0,0,0,1,0,0,0,0,0,0,0,0,0,0,0,0,0,0,0,0,0,0,0,0,0,0,0,0,0,0,0,0,0,0,0,0,0,0,0,0,0,0,0,0,0,0,0,0,0,0,0,0,0,0,0,0,17.0,186.895750878894,188.64707777081736,66.42366321157512,71.98889360013246
2022/07/13,pases Newells,Newells,13:04:47,15:19:37,pase,,01:31:26,01:31:26,0.0,"241,132",7,,"187,61",9.0,medio,,5486.0,0,0,0,0,0,0,1,0,0,0,0,0,0,0,0,0,0,0,0,0,0,0,0,0,0,0,0,0,0,0,0,0,0,0,0,0,0,0,0,0,0,0,0,0,0,0,0,0,0,0,0,0,0,0,0,0,0,0,0,23.0,187.26814709604264,240.7465845116606,61.27461115945393,131.69865722441307
2022/07/13,pases Newells,Newells,13:04:47,15:19:37,pase,,01:31:29,01:31:29,0.0,"223,75",9,,"263,128",7.0,corto,,5489.0,0,0,0,0,0,0,0,1,0,0,0,0,0,0,0,0,0,0,0,0,0,0,0,0,0,0,0,0,0,0,0,0,0,0,0,0,0,0,0,0,0,0,0,0,0,0,0,0,0,0,0,0,0,0,0,0,0,0,0,21.0,262.6018751177082,223.09180548713547,127.90110109378485,74.89828949931209
2022/07/13,pases Newells,Newells,13:04:47,15:19:37,perdida,,01:31:29,01:31:29,0.0,,,,"240,132",7.0,interceptado,,5489.0,0,0,0,0,0,0,0,0,0,0,0,0,0,0,0,0,0,0,0,0,0,0,0,0,0,0,0,0,0,0,0,0,0,0,0,0,0,0,0,0,0,0,0,0,0,0,0,0,0,0,0,0,0,0,0,0,0,0,0,,240.18164271212473,,131.75585218238473,
2022/07/13,pases Newells,Newells,13:04:47,15:19:37,pase,,01:31:40,01:31:40,0.0,"121,34",6,,"108,29",5.0,corto,,5500.0,0,0,0,0,0,0,1,0,0,0,0,0,0,0,0,0,0,0,0,0,0,0,0,0,0,0,0,0,0,0,0,0,0,0,0,0,0,0,0,0,0,0,0,0,0,0,0,0,0,0,0,0,0,0,0,0,0,0,0,10.0,107.67839844094311,121.11322640519984,29.25983753876313,33.68846291204835
2022/07/13,pases Newells,Newells,13:04:47,15:19:37,falta,,01:31:44,01:31:44,0.0,,,,"90,23",6.0,recibida,,5504.0,0,0,0,0,0,0,0,0,0,0,0,0,0,0,0,0,0,0,0,0,0,0,0,0,0,1,0,0,0,0,0,0,0,0,0,0,0,0,0,0,0,0,0,0,0,0,0,0,0,0,0,0,0,0,0,0,0,0,0,,90.41491540310332,,22.73016845165922,
2022/07/13,pases Newells,Newells,13:04:47,15:19:37,pase,,01:31:56,01:31:56,0.0,"191,36",7,,"106,42",3.0,corto,,5516.0,0,0,0,0,0,0,1,0,0,0,0,0,0,0,0,0,0,0,0,0,0,0,0,0,0,0,0,0,0,0,0,0,0,0,0,0,0,0,0,0,0,0,0,0,0,0,0,0,0,0,0,0,0,0,0,0,0,0,0,16.0,105.62450056848647,191.1565154704862,41.68654661762133,35.805726335648025
2022/07/13,pases Newells,Newells,13:04:47,15:19:37,pase,,01:31:58,01:31:58,0.0,"207,6",10,,"201,43",7.0,corto,,5518.0,0,0,0,0,0,0,1,0,0,0,0,0,0,0,0,0,0,0,0,0,0,0,0,0,0,0,0,0,0,0,0,0,0,0,0,0,0,0,0,0,0,0,0,0,0,0,0,0,0,0,0,0,0,0,0,0,0,0,0,16.0,201.116538225272,206.64063670276593,42.684400307722626,5.999706849856697
2022/07/13,pases Newells,Newells,13:04:47,15:19:37,pase,,01:32:01,01:32:01,0.0,"221,23",11,,"215,22",10.0,corto,,5521.0,0,0,0,0,0,0,1,0,0,0,0,0,0,0,0,0,0,0,0,0,0,0,0,0,0,0,0,0,0,0,0,0,0,0,0,0,0,0,0,0,0,0,0,0,0,0,0,0,0,0,0,0,0,0,0,0,0,0,0,16.0,215.39732984826924,220.64966624947962,22.05062277324535,22.926238730727782
2022/07/13,pases Newells,Newells,13:04:47,15:19:37,pase,,01:32:05,01:32:05,0.0,"258,1",10,,"238,31",11.0,corto,,5525.0,0,0,0,0,0,0,1,0,0,0,0,0,0,0,0,0,0,0,0,0,0,0,0,0,0,0,0,0,0,0,0,0,0,0,0,0,0,0,0,0,0,0,0,0,0,0,0,0,0,0,0,0,0,0,0,0,0,0,0,19.0,237.67231800494284,257.77286115828997,30.572195698788978,1.3851010377529462
2022/07/13,pases Newells,Newells,13:04:47,15:19:37,pase,,01:34:07,01:34:07,0.0,"91,92",8,,"69,30",6.0,corto,,5647.0,0,0,0,0,0,0,1,0,0,0,0,0,0,0,0,0,0,0,0,0,0,0,0,0,0,0,0,0,0,0,0,0,0,0,0,0,0,0,0,0,0,0,0,0,0,0,0,0,0,0,0,0,0,0,0,0,0,0,0,11.0,69.36675358990831,91.41519339766543,29.869869370261043,92.20418729361077
2022/07/13,pases Newells,Newells,13:04:47,15:19:37,pase,,01:34:09,01:34:09,0.0,"156,82",7,,"106,97",8.0,corto,,5649.0,0,0,0,0,0,0,1,0,0,0,0,0,0,0,0,0,0,0,0,0,0,0,0,0,0,0,0,0,0,0,0,0,0,0,0,0,0,0,0,0,0,0,0,0,0,0,0,0,0,0,0,0,0,0,0,0,0,0,0,14.0,106.37405104515167,155.77498013219238,96.69681016009393,81.99475998448317
2022/07/13,pases Newells,Newells,13:04:47,15:19:37,pase,,01:34:13,01:34:13,0.0,"198,93",9,,"206,98",7.0,corto,,5653.0,0,0,0,0,0,0,0,1,0,0,0,0,0,0,0,0,0,0,0,0,0,0,0,0,0,0,0,0,0,0,0,0,0,0,0,0,0,0,0,0,0,0,0,0,0,0,0,0,0,0,0,0,0,0,0,0,0,0,0,17.0,206.19200576771476,198.38737806306693,97.6035955497349,93.03517644130066
2022/07/13,pases Newells,Newells,13:04:47,15:19:37,perdida,,01:34:13,01:34:13,0.0,,,,"192,75",7.0,interceptado,,5653.0,0,0,0,0,0,0,0,0,0,0,0,0,0,0,0,0,0,0,0,0,0,0,0,0,0,0,0,0,0,0,0,0,0,0,0,0,0,0,0,0,0,0,0,0,0,0,0,0,0,0,0,0,0,0,0,0,0,0,0,,192.0468729825588,,74.5982892494626,
2022/07/13,pases Newells,Newells,13:04:47,15:19:37,pase,,01:35:54,01:35:54,0.0,"207,142",4,,"168,155",2.0,corto,,5754.0,0,0,0,0,0,0,1,0,0,0,0,0,0,0,0,0,0,0,0,0,0,0,0,0,0,0,0,0,0,0,0,0,0,0,0,0,0,0,0,0,0,0,0,0,0,0,0,0,0,0,0,0,0,0,0,0,0,0,0,18.0,168.27169171867752,207.0731201916613,154.89907964244503,142.02365814065723
2022/07/13,pases Newells,Newells,13:04:47,15:19:37,pase,,01:35:58,01:35:58,0.0,"223,155",5,,"207,122",4.0,corto,,5758.0,0,0,0,0,0,0,1,0,0,0,0,0,0,0,0,0,0,0,0,0,0,0,0,0,0,0,0,0,0,0,0,0,0,0,0,0,0,0,0,0,0,0,0,0,0,0,0,0,0,0,0,0,0,0,0,0,0,0,0,18.0,207.38476682784312,222.63613189806628,121.94560411936332,155.022323122715
2022/07/13,pases Newells,Newells,13:04:47,15:19:37,pase,,01:35:59,01:35:59,0.0,,8,,"193,142",5.0,corto,,5759.0,0,0,0,0,0,0,1,0,0,0,0,0,0,0,0,0,0,0,0,0,0,0,0,0,0,0,0,0,0,0,0,0,0,0,0,0,0,0,0,0,0,0,0,0,0,0,0,0,0,0,0,0,0,0,0,0,0,0,0,,193.0546102907595,,142.13531624597948,
2022/07/13,pases Newells,Newells,13:04:47,15:19:37,pase,,01:36:12,01:36:12,0.0,"53,155",4,,"78,140",6.0,corto,,5772.0,0,0,0,0,0,0,1,0,0,0,0,0,0,0,0,0,0,0,0,0,0,0,0,0,0,0,0,0,0,0,0,0,0,0,0,0,0,0,0,0,0,0,0,0,0,0,0,0,0,0,0,0,0,0,0,0,0,0,0,9.0,78.33260515877338,52.78330610794031,140.4278703475644,155.49437185975063
2022/07/13,pases Newells,Newells,13:04:47,15:19:37,pase,,01:36:16,01:36:16,0.0,"66,158",8,,"79,130",4.0,corto,,5776.0,0,0,0,0,0,0,0,1,0,0,0,0,0,0,0,0,0,0,0,0,0,0,0,0,0,0,0,0,0,0,0,0,0,0,0,0,0,0,0,0,0,0,0,0,0,0,0,0,0,0,0,0,0,0,0,0,0,0,0,9.0,79.38198120074095,65.9985934673469,130.11278079320732,158.12180915636716
2022/07/13,pases Newells,Newells,13:04:47,15:19:37,perdida,,01:36:16,01:36:16,0.0,,,,"70,146",4.0,interceptado,,5776.0,0,0,0,0,0,0,0,0,0,0,0,0,0,0,0,0,0,0,0,0,0,0,0,0,0,0,0,0,0,0,0,0,0,0,0,0,0,0,0,0,0,0,0,0,0,0,0,0,0,0,0,0,0,0,0,0,0,0,0,,69.76897384650547,,145.62867042968062,
2022/07/13,pases Newells,Newells,13:04:47,15:19:37,sustitucion,,01:36:38,01:36:38,0.0,,20,,,,,,5798.0,0,0,0,0,0,0,0,0,0,0,0,0,0,0,0,0,0,0,0,0,0,0,0,0,0,0,0,0,0,0,0,0,0,0,0,0,0,0,0,0,0,0,0,0,0,0,0,0,0,0,0,0,0,0,0,0,0,0,0,,,,,
2022/07/13,pases Newells,Newells,13:04:47,15:19:37,pase,,01:37:15,01:37:15,0.0,"188,93",20,,"221,87",11.0,corto,,5835.0,0,0,0,0,0,0,1,0,0,0,0,0,0,0,0,0,0,0,0,0,0,0,0,0,0,0,0,0,0,0,0,0,0,0,0,0,0,0,0,0,0,0,0,0,0,0,0,0,0,0,0,0,0,0,0,0,0,0,0,17.0,221.39421253756018,188.08248254588096,87.03463920507602,92.62630195291236
2022/07/13,pases Newells,Newells,13:04:47,15:19:37,pase,,01:37:19,01:37:19,0.0,"217,22",10,,"194,79",20.0,corto,,5839.0,0,0,0,0,0,0,1,0,0,0,0,0,0,0,0,0,0,0,0,0,0,0,0,0,0,0,0,0,0,0,0,0,0,0,0,0,0,0,0,0,0,0,0,0,0,0,0,0,0,0,0,0,0,0,0,0,0,0,0,16.0,194.44516168186055,217.04594233108295,79.12870091048862,21.68157330495995
2022/07/13,pases Newells,Newells,13:04:47,15:19:37,pase,,01:38:06,01:38:06,0.0,"189,121",2,,"160,77",4.0,corto,,5886.0,0,0,0,0,0,0,1,0,0,0,0,0,0,0,0,0,0,0,0,0,0,0,0,0,0,0,0,0,0,0,0,0,0,0,0,0,0,0,0,0,0,0,0,0,0,0,0,0,0,0,0,0,0,0,0,0,0,0,0,18.0,160.44006799723041,189.37837052505216,76.87573747253555,121.36901170969246
2022/07/13,pases Newells,Newells,13:04:47,15:19:37,pase,,01:38:10,01:38:10,0.0,"253,123",8,,"208,122",2.0,corto,,5890.0,0,0,0,0,0,0,1,0,0,0,0,0,0,0,0,0,0,0,0,0,0,0,0,0,0,0,0,0,0,0,0,0,0,0,0,0,0,0,0,0,0,0,0,0,0,0,0,0,0,0,0,0,0,0,0,0,0,0,0,23.0,208.38762054438064,252.5285581282447,122.45356431463284,123.20613347337792
2022/07/13,pases Newells,Newells,13:04:47,15:19:37,pase,,01:38:14,01:38:14,0.0,"262,146",2,,"234,103",8.0,corto,,5894.0,0,0,0,0,0,0,1,0,0,0,0,0,0,0,0,0,0,0,0,0,0,0,0,0,0,0,0,0,0,0,0,0,0,0,0,0,0,0,0,0,0,0,0,0,0,0,0,0,0,0,0,0,0,0,0,0,0,0,0,24.0,234.2081741183103,262.09952034362885,103.10341855581935,146.28738881102592
2022/07/13,pases Newells,Newells,13:04:47,15:19:37,pase,,01:42:14,01:42:14,0.0,"85,68",2,,"51,22",5.0,corto,,6134.0,0,0,0,0,0,0,1,0,0,0,0,0,0,0,0,0,0,0,0,0,0,0,0,0,0,0,0,0,0,0,0,0,0,0,0,0,0,0,0,0,0,0,0,0,0,0,0,0,0,0,0,0,0,0,0,0,0,0,0,8.0,51.13991269304978,84.81238273830172,21.965220692704754,68.0382187542289
2022/07/13,pases Newells,Newells,13:04:47,15:19:37,pase,,01:42:18,01:42:18,0.0,"111,36",3,,"61,74",2.0,medio,,6138.0,0,0,0,0,0,0,0,1,0,0,0,0,0,0,0,0,0,0,0,0,0,0,0,0,0,0,0,0,0,0,0,0,0,0,0,0,0,0,0,0,0,0,0,0,0,0,0,0,0,0,0,0,0,0,0,0,0,0,0,10.0,60.80614339660768,111.08080838040809,73.83345989268773,36.04305489109636
2022/07/13,pases Newells,Newells,13:04:47,15:19:37,perdida,,01:42:18,01:42:18,0.0,,,,"74,83",2.0,balon afuera lateral,,6138.0,0,0,0,0,0,0,0,0,0,0,0,0,0,0,0,0,0,0,0,0,0,0,0,0,0,0,0,0,0,0,0,0,0,0,0,0,0,0,0,0,0,0,0,0,0,0,0,0,0,0,0,0,0,0,0,0,0,0,0,,73.86626182150478,,82.60422715547048,
2022/07/13,pases Newells,Newells,13:04:47,15:19:37,falta,,01:42:28,01:42:28,0.0,,,,"82,37",6.0,recibida,,6148.0,0,0,0,0,0,0,0,0,0,0,0,0,0,0,0,0,0,0,0,0,0,0,0,0,0,1,0,0,0,0,0,0,0,0,0,0,0,0,0,0,0,0,0,0,0,0,0,0,0,0,0,0,0,0,0,0,0,0,0,,82.15267454697648,,37.21861958464348,
2022/07/13,pases Newells,Newells,13:04:47,15:19:37,sustitucion,,01:43:35,01:43:35,0.0,,16,,,,,,6215.0,0,0,0,0,0,0,0,0,0,0,0,0,0,0,0,0,0,0,0,0,0,0,0,0,0,0,0,0,0,0,0,0,0,0,0,0,0,0,0,0,0,0,0,0,0,0,0,0,0,0,0,0,0,0,0,0,0,0,0,,,,,
2022/07/13,pases Newells,Newells,13:04:47,15:19:37,falta,,01:44:44,01:44:44,0.0,,,,"51,146",16.0,recibida,,6284.0,0,0,0,0,0,0,0,0,0,0,0,0,0,0,0,0,0,0,0,0,0,0,0,0,0,1,0,0,0,0,0,0,0,0,0,0,0,0,0,0,0,0,0,0,0,0,0,0,0,0,0,0,0,0,0,0,0,0,0,,51.256036075965945,,146.12725613381417,
2022/07/13,pases Newells,Newells,13:04:47,15:19:37,falta,,01:46:32,01:46:32,0.0,,,,"147,10",3.0,recibida,,6392.0,0,0,0,0,0,0,0,0,0,0,0,0,0,0,0,0,0,0,0,0,0,0,0,0,0,1,0,0,0,0,0,0,0,0,0,0,0,0,0,0,0,0,0,0,0,0,0,0,0,0,0,0,0,0,0,0,0,0,0,,147.43703121244852,,9.66468929665642,
2022/07/13,pases Newells,Newells,13:04:47,15:19:37,pase,,01:46:39,01:46:39,0.0,"73,72",2,,"52,34",6.0,corto,,6399.0,0,0,0,0,0,0,1,0,0,0,0,0,0,0,0,0,0,0,0,0,0,0,0,0,0,0,0,0,0,0,0,0,0,0,0,0,0,0,0,0,0,0,0,0,0,0,0,0,0,0,0,0,0,0,0,0,0,0,0,8.0,51.728713239366506,72.56235915201955,34.34968969838603,72.08163739169525
2022/07/13,pases Newells,Newells,13:04:47,15:19:37,pase,,01:46:42,01:46:42,0.0,"54,82",1,,"49,87",2.0,corto,,6402.0,0,0,0,0,0,0,1,0,0,0,0,0,0,0,0,0,0,0,0,0,0,0,0,0,0,0,0,0,0,0,0,0,0,0,0,0,0,0,0,0,0,0,0,0,0,0,0,0,0,0,0,0,0,0,0,0,0,0,0,8.0,48.77636283349876,54.09354290683537,86.61298204348425,82.09191740300302
2022/07/13,pases Newells,Newells,13:04:47,15:19:37,pase,,01:46:45,01:46:45,0.0,"102,9",3,,"48,103",1.0,largo,,6405.0,0,0,0,0,0,0,1,0,0,0,0,0,0,0,0,0,0,0,0,0,0,0,0,0,0,0,0,0,0,0,0,0,0,0,0,0,0,0,0,0,0,0,0,0,0,0,0,0,0,0,0,0,0,0,0,0,0,0,0,10.0,48.130134953972096,101.76694148686941,102.98733800202653,9.25867946984299
2022/07/13,pases Newells,Newells,13:04:47,15:19:37,pase,,01:46:49,01:46:49,0.0,"104,18",5,,"104,34",3.0,corto,,6409.0,0,0,0,0,0,0,1,0,0,0,0,0,0,0,0,0,0,0,0,0,0,0,0,0,0,0,0,0,0,0,0,0,0,0,0,0,0,0,0,0,0,0,0,0,0,0,0,0,0,0,0,0,0,0,0,0,0,0,0,10.0,104.17374363755148,104.04136330919513,33.686800374359976,18.02822909771152
2022/07/13,pases Newells,Newells,13:04:47,15:19:37,pase,,01:46:51,01:46:51,0.0,"169,12",16,,"103,18",5.0,corto,,6411.0,0,0,0,0,0,0,1,0,0,0,0,0,0,0,0,0,0,0,0,0,0,0,0,0,0,0,0,0,0,0,0,0,0,0,0,0,0,0,0,0,0,0,0,0,0,0,0,0,0,0,0,0,0,0,0,0,0,0,0,13.0,102.57047213077666,168.59499017816157,18.151646140325738,12.204215978073808
2022/07/13,pases Newells,Newells,13:04:47,15:19:37,pase,,01:46:54,01:46:54,0.0,"121,17",5,,"147,36",16.0,corto,,6414.0,0,0,0,0,0,0,0,1,0,0,0,0,0,0,0,0,0,0,0,0,0,0,0,0,0,0,0,0,0,0,0,0,0,0,0,0,0,0,0,0,0,0,0,0,0,0,0,0,0,0,0,0,0,0,0,0,0,0,0,10.0,146.53244407875144,121.21371159212225,36.35361311949691,16.52450845395887
2022/07/13,pases Newells,Newells,13:04:47,15:19:37,perdida,,01:46:55,01:46:55,0.0,,,,"179,16",16.0,interceptado,,6415.0,0,0,0,0,0,0,0,0,0,0,0,0,0,0,0,0,0,0,0,0,0,0,0,0,0,0,0,0,0,0,0,0,0,0,0,0,0,0,0,0,0,0,0,0,0,0,0,0,0,0,0,0,0,0,0,0,0,0,0,,179.07970298301413,,16.282602403259137,
2022/07/13,pases Newells,Newells,13:04:47,15:19:37,falta,,01:47:56,01:47:56,0.0,,,,"160,32",20.0,recibida,,6476.0,0,0,0,0,0,0,0,0,0,0,0,0,0,0,0,0,0,0,0,0,0,0,0,0,0,1,0,0,0,0,0,0,0,0,0,0,0,0,0,0,0,0,0,0,0,0,0,0,0,0,0,0,0,0,0,0,0,0,0,,159.5926795471401,,32.266650638487874,
2022/07/13,pases Newells,Newells,13:04:47,15:19:37,remate cabeza,,01:48:37,01:48:37,0.0,"256,65",Rival,,"238,61",6.0,dificil,,6517.0,0,0,1,0,1,0,0,0,0,0,0,0,0,0,0,0,0,0,0,0,0,0,0,0,0,0,0,0,0,0,0,0,0,0,0,0,0,0,0,0,0,0,0,0,0,0,0,0,0,0,0,0,0,0,0,0,0,0,0,22.0,237.79593540194486,256.4363162250638,61.47932884316683,65.17879087680667
2022/07/13,pases Newells,Newells,13:04:47,15:19:37,perdida,,01:48:38,01:48:38,0.0,,,,"219,78",6.0,atajada,,6518.0,0,0,0,0,0,0,0,0,0,0,0,0,0,0,0,0,0,0,0,0,0,0,0,0,0,0,0,0,0,0,0,0,0,0,0,0,0,0,0,0,0,0,0,0,0,0,0,0,0,0,0,0,0,0,0,0,0,0,0,,218.68178884815637,,78.1458142018027,
2022/07/13,pases Newells,Newells,13:04:47,15:19:37,pase,,01:49:16,01:49:16,0.0,"47,82",1,,"88,8",6.0,corto,,6556.0,0,0,0,0,0,0,1,0,0,0,0,0,0,0,0,0,0,0,0,0,0,0,0,0,0,0,0,0,0,0,0,0,0,0,0,0,0,0,0,0,0,0,0,0,0,0,0,0,0,0,0,0,0,0,0,0,0,0,0,8.0,87.67929973771415,46.96130407656558,7.583610131609863,82.19519293724098
2022/07/13,pases Newells,Newells,13:04:47,15:19:37,pase,,01:49:18,01:49:18,0.0,"71,99",2,,"63,101",1.0,corto,,6558.0,0,0,0,0,0,0,1,0,0,0,0,0,0,0,0,0,0,0,0,0,0,0,0,0,0,0,0,0,0,0,0,0,0,0,0,0,0,0,0,0,0,0,0,0,0,0,0,0,0,0,0,0,0,0,0,0,0,0,0,8.0,62.63296468720962,71.31102993223271,100.95823781716749,98.58528989151182
2022/07/13,pases Newells,Newells,13:04:47,15:19:37,pase,,01:49:21,01:49:21,0.0,"69,101",5,,"53,73",2.0,corto,,6561.0,0,0,0,0,0,0,1,0,0,0,0,0,0,0,0,0,0,0,0,0,0,0,0,0,0,0,0,0,0,0,0,0,0,0,0,0,0,0,0,0,0,0,0,0,0,0,0,0,0,0,0,0,0,0,0,0,0,0,0,8.0,52.51036695236679,68.72587499378041,72.7594008931255,100.55487251847761
2022/07/13,pases Newells,Newells,13:04:47,15:19:37,pase,,01:49:22,01:49:22,0.0,"69,85",2,,"70,81",5.0,corto,,6562.0,0,0,0,0,0,0,1,0,0,0,0,0,0,0,0,0,0,0,0,0,0,0,0,0,0,0,0,0,0,0,0,0,0,0,0,0,0,0,0,0,0,0,0,0,0,0,0,0,0,0,0,0,0,0,0,0,0,0,0,8.0,69.51233303973133,68.5767631603533,81.35832290542812,85.0604603078793
2022/07/13,pases Newells,Newells,13:04:47,15:19:37,pase,,01:49:27,01:49:27,0.0,"163,8",20,,"57,62",2.0,medio,,6567.0,0,0,0,0,0,0,1,0,0,0,0,0,0,0,0,0,0,0,0,0,0,0,0,0,0,0,0,0,0,0,0,0,0,0,0,0,0,0,0,0,0,0,0,0,0,0,0,0,0,0,0,0,0,0,0,0,0,0,0,13.0,57.09439261266934,162.53738121732036,61.953208683543295,8.48785894697268
2022/07/13,pases Newells,Newells,13:04:47,15:19:37,pase,,01:49:30,01:49:30,0.0,"127,22",3,,"177,7",20.0,corto,,6570.0,0,0,0,0,0,0,1,0,0,0,0,0,0,0,0,0,0,0,0,0,0,0,0,0,0,0,0,0,0,0,0,0,0,0,0,0,0,0,0,0,0,0,0,0,0,0,0,0,0,0,0,0,0,0,0,0,0,0,0,10.0,177.38373438930975,127.36260150426085,7.167461860910194,22.06934942508873
2022/07/13,pases Newells,Newells,13:04:47,15:19:37,pase,,01:49:33,01:49:33,0.0,"79,12",6,,"101,41",3.0,corto,,6573.0,0,0,0,0,0,0,1,0,0,0,0,0,0,0,0,0,0,0,0,0,0,0,0,0,0,0,0,0,0,0,0,0,0,0,0,0,0,0,0,0,0,0,0,0,0,0,0,0,0,0,0,0,0,0,0,0,0,0,0,7.0,100.96337439839665,79.28005368369705,40.986612291712326,12.36243989268046
2022/07/13,pases Newells,Newells,13:04:47,15:19:37,pase,,01:49:38,01:49:38,0.0,"72,13",5,,"67,16",6.0,corto,,6578.0,0,0,0,0,0,0,1,0,0,0,0,0,0,0,0,0,0,0,0,0,0,0,0,0,0,0,0,0,0,0,0,0,0,0,0,0,0,0,0,0,0,0,0,0,0,0,0,0,0,0,0,0,0,0,0,0,0,0,0,7.0,66.536916665544,72.02755363350586,15.9080250593158,12.749378307514723
2022/07/13,pases Newells,Newells,13:04:47,15:19:37,pase,,01:49:41,01:49:41,0.0,"20,39",1,,"55,5",5.0,corto,,6581.0,0,0,0,0,0,0,1,0,0,0,0,0,0,0,0,0,0,0,0,0,0,0,0,0,0,0,0,0,0,0,0,0,0,0,0,0,0,0,0,0,0,0,0,0,0,0,0,0,0,0,0,0,0,0,0,0,0,0,0,2.0,54.82196408570906,19.873388846110867,5.423415647565378,38.709189447796746
2022/07/13,pases Newells,Newells,13:04:47,15:19:37,pase,,01:49:48,01:49:48,0.0,"162,85",20,,"36,94",1.0,largo,,6588.0,0,0,0,0,0,0,0,1,0,0,0,0,0,0,0,0,0,0,0,0,0,0,0,0,0,0,0,0,0,0,0,0,0,0,0,0,0,0,0,0,0,0,0,0,0,0,0,0,0,0,0,0,0,0,0,0,0,0,0,14.0,36.332646691532446,161.84638145352656,94.12396062165348,84.63876282088383
2022/07/13,pases Newells,Newells,13:04:47,15:19:37,perdida,,01:49:49,01:49:49,0.0,,,,"32,102",1.0,interceptado,,6589.0,0,0,0,0,0,0,0,0,0,0,0,0,0,0,0,0,0,0,0,0,0,0,0,0,0,0,0,0,0,0,0,0,0,0,0,0,0,0,0,0,0,0,0,0,0,0,0,0,0,0,0,0,0,0,0,0,0,0,0,,31.72250491104472,,102.46073453154162,
2022/07/13,pases Newells,Newells,13:04:47,15:19:37,pase,,01:49:52,01:49:52,0.0,"187,100",16,,"146,76",8.0,corto,,6592.0,0,0,0,0,0,0,1,0,0,0,0,0,0,0,0,0,0,0,0,0,0,0,0,0,0,0,0,0,0,0,0,0,0,0,0,0,0,0,0,0,0,0,0,0,0,0,0,0,0,0,0,0,0,0,0,0,0,0,0,17.0,146.15478536114068,187.21048198009782,76.14154655687204,99.71080522813102
2022/07/13,pases Newells,Newells,13:04:47,15:19:37,pase,,01:49:54,01:49:54,0.0,"148,93",20,,"161,62",16.0,corto,,6594.0,0,0,0,0,0,0,1,0,0,0,0,0,0,0,0,0,0,0,0,0,0,0,0,0,0,0,0,0,0,0,0,0,0,0,0,0,0,0,0,0,0,0,0,0,0,0,0,0,0,0,0,0,0,0,0,0,0,0,0,14.0,160.88352781628538,147.98138200595434,62.04506550593099,93.33288934510418
2022/07/13,pases Newells,Newells,13:04:47,15:19:37,pase,,01:49:55,01:49:55,0.0,"163,73",10,,"149,66",20.0,corto,,6595.0,0,0,0,0,0,0,1,0,0,0,0,0,0,0,0,0,0,0,0,0,0,0,0,0,0,0,0,0,0,0,0,0,0,0,0,0,0,0,0,0,0,0,0,0,0,0,0,0,0,0,0,0,0,0,0,0,0,0,0,14.0,149.1425944785995,163.2917106097592,65.92454661784022,72.71401936627062
2022/07/13,pases Newells,Newells,13:04:47,15:19:37,pase,,01:50:40,01:50:40,0.0,"169,8",10,,"149,20",16.0,corto,,6640.0,0,0,0,0,0,0,1,0,0,0,0,0,0,0,0,0,0,0,0,0,0,0,0,0,0,0,0,0,0,0,0,0,0,0,0,0,0,0,0,0,0,0,0,0,0,0,0,0,0,0,0,0,0,0,0,0,0,0,0,13.0,148.78330426627582,169.12307057700255,20.45822346129276,8.207720075835034
2022/07/13,pases Newells,Newells,13:04:47,15:19:37,pase,,01:50:43,01:50:43,0.0,"212,12",3,,"146,33",10.0,corto,,6643.0,0,0,0,0,0,0,1,0,0,0,0,0,0,0,0,0,0,0,0,0,0,0,0,0,0,0,0,0,0,0,0,0,0,0,0,0,0,0,0,0,0,0,0,0,0,0,0,0,0,0,0,0,0,0,0,0,0,0,0,16.0,145.55142578769855,212.0549723144547,33.163489624964676,11.964242218384921
2022/07/13,pases Newells,Newells,13:04:47,15:19:37,pase,,01:53:42,01:53:42,0.0,"77,22",10,,"58,85",8.0,corto,,6822.0,0,0,0,0,0,0,1,0,0,0,0,0,0,0,0,0,0,0,0,0,0,0,0,0,0,0,0,0,0,0,0,0,0,0,0,0,0,0,0,0,0,0,0,0,0,0,0,0,0,0,0,0,0,0,0,0,0,0,0,7.0,57.528871990454775,76.99683115471824,84.87574393791391,21.927053994300152
2022/07/13,pases Newells,Newells,13:04:47,15:19:37,pase,,01:53:49,01:53:49,0.0,"158,30",16,,"99,35",10.0,corto,,6829.0,0,0,0,0,0,0,1,0,0,0,0,0,0,0,0,0,0,0,0,0,0,0,0,0,0,0,0,0,0,0,0,0,0,0,0,0,0,0,0,0,0,0,0,0,0,0,0,0,0,0,0,0,0,0,0,0,0,0,0,13.0,98.67670235579308,157.73721786308545,34.855124231280996,30.43366798861376
2022/07/13,pases Newells,Newells,13:04:47,15:19:37,sustitucion,,01:54:49,01:54:49,0.0,,19,,,,,,6889.0,0,0,0,0,0,0,0,0,0,0,0,0,0,0,0,0,0,0,0,0,0,0,0,0,0,0,0,0,0,0,0,0,0,0,0,0,0,0,0,0,0,0,0,0,0,0,0,0,0,0,0,0,0,0,0,0,0,0,0,,,,,
2022/07/13,pases Newells,Newells,13:04:47,15:19:37,sustitucion,,01:55:19,01:55:19,0.0,,,,,,,,6919.0,0,0,0,0,0,0,0,0,0,0,0,0,0,0,0,0,0,0,0,0,0,0,0,0,0,0,0,0,0,0,0,0,0,0,0,0,0,0,0,0,0,0,0,0,0,0,0,0,0,0,0,0,0,0,0,0,0,0,0,,,,,
2022/07/13,pases Newells,Newells,13:04:47,15:19:37,sustitucion,,01:55:27,01:55:27,0.0,,15,,"158,143",15.0,,,6927.0,0,0,0,0,0,0,0,0,0,0,0,0,0,0,0,0,0,0,0,0,0,0,0,0,0,0,0,0,0,0,0,0,0,0,0,0,0,0,0,0,0,0,0,0,0,0,0,0,0,0,0,0,0,0,0,0,0,0,0,,157.7539940208648,,142.93951744502544,
2022/07/13,pases Newells,Newells,13:04:47,15:19:37,arquero,,01:56:03,01:56:03,0.0,,,,"32,71",1.0,rebote/despeje,,6963.0,0,0,0,0,0,0,0,0,0,0,0,0,0,0,0,0,0,0,0,0,0,0,0,0,0,0,0,0,0,0,0,0,0,0,0,0,0,0,0,0,0,0,0,0,0,0,0,0,0,0,0,0,0,0,0,0,0,0,0,,32.21552939321815,,70.59036158000885,
2022/07/13,pases Newells,Newells,13:04:47,15:19:37,pase,,01:56:39,01:56:39,0.0,"150,39",3,,"49,100",2.0,medio,,6999.0,0,0,0,0,0,0,1,0,0,0,0,0,0,0,0,0,0,0,0,0,0,0,0,0,0,0,0,0,0,0,0,0,0,0,0,0,0,0,0,0,0,0,0,0,0,0,0,0,0,0,0,0,0,0,0,0,0,0,0,13.0,49.12012441662536,150.12588661377364,99.69077241129216,39.051827624223115
2022/07/13,pases Newells,Newells,13:04:47,15:19:37,pase,,01:56:48,01:56:48,0.0,"196,81",16,,"195,38",3.0,corto,,7008.0,0,0,0,0,0,0,1,0,0,0,0,0,0,0,0,0,0,0,0,0,0,0,0,0,0,0,0,0,0,0,0,0,0,0,0,0,0,0,0,0,0,0,0,0,0,0,0,0,0,0,0,0,0,0,0,0,0,0,0,17.0,194.78354105985852,195.8174511164964,37.778064988227726,81.03633488408482
2022/07/13,pases Newells,Newells,13:04:47,15:19:37,pase,,01:56:50,01:56:50,0.0,"215,23",20,,"215,69",16.0,corto,,7010.0,0,0,0,0,0,0,1,0,0,0,0,0,0,0,0,0,0,0,0,0,0,0,0,0,0,0,0,0,0,0,0,0,0,0,0,0,0,0,0,0,0,0,0,0,0,0,0,0,0,0,0,0,0,0,0,0,0,0,0,16.0,215.40605250900242,214.6361650165722,68.96724421743983,22.980293548095815
2022/07/13,pases Newells,Newells,13:04:47,15:19:37,pase,,01:57:36,01:57:36,0.0,"38,68",1,,"85,12",6.0,corto,,7056.0,0,0,0,0,0,0,1,0,0,0,0,0,0,0,0,0,0,0,0,0,0,0,0,0,0,0,0,0,0,0,0,0,0,0,0,0,0,0,0,0,0,0,0,0,0,0,0,0,0,0,0,0,0,0,0,0,0,0,0,4.0,85.00660985945115,37.56989531019789,12.104304100291856,68.21087989128253
2022/07/13,pases Newells,Newells,13:04:47,15:19:37,pase,,01:57:40,01:57:40,0.0,"145,138",14,,"16,76",1.0,medio,,7060.0,0,0,0,0,0,0,1,0,0,0,0,0,0,0,0,0,0,0,0,0,0,0,0,0,0,0,0,0,0,0,0,0,0,0,0,0,0,0,0,0,0,0,0,0,0,0,0,0,0,0,0,0,0,0,0,0,0,0,0,15.0,15.854225215159289,144.57124153361616,76.31842305789935,138.26055154069627
2022/07/13,pases Newells,Newells,13:04:47,15:19:37,pase,,01:57:43,01:57:43,0.0,"177,160",20,,"166,122",14.0,corto,,7063.0,0,0,0,0,0,0,1,0,0,0,0,0,0,0,0,0,0,0,0,0,0,0,0,0,0,0,0,0,0,0,0,0,0,0,0,0,0,0,0,0,0,0,0,0,0,0,0,0,0,0,0,0,0,0,0,0,0,0,0,15.0,166.46881934267103,177.40220155287864,122.39517030915196,160.32251048722492
2022/07/13,pases Newells,Newells,13:04:47,15:19:37,falta,,01:57:47,01:57:47,0.0,,,,"151,132",14.0,hecha,,7067.0,0,0,0,0,0,0,0,0,0,0,0,0,0,0,0,0,0,0,0,0,0,0,0,0,1,0,0,0,0,0,0,0,0,0,0,0,0,0,0,0,0,0,0,0,0,0,0,0,0,0,0,0,0,0,0,0,0,0,0,,150.6528067798678,,132.08301723508166,
2022/07/13,pases Newells,Newells,13:04:47,15:19:37,pase,,01:58:14,01:58:14,0.0,"155,139",16,,"109,119",14.0,corto,,7094.0,0,0,0,0,0,0,1,0,0,0,0,0,0,0,0,0,0,0,0,0,0,0,0,0,0,0,0,0,0,0,0,0,0,0,0,0,0,0,0,0,0,0,0,0,0,0,0,0,0,0,0,0,0,0,0,0,0,0,0,15.0,109.34169633260046,155.05172657423617,119.34816067830627,138.57625639902983
2022/07/13,pases Newells,Newells,13:04:47,15:19:37,pase,,01:58:14,01:58:14,0.0,"171,156",20,,"159,143",16.0,corto,,7094.0,0,0,0,0,0,0,1,0,0,0,0,0,0,0,0,0,0,0,0,0,0,0,0,0,0,0,0,0,0,0,0,0,0,0,0,0,0,0,0,0,0,0,0,0,0,0,0,0,0,0,0,0,0,0,0,0,0,0,0,15.0,159.31653448692902,171.43412010265502,143.30413905543276,156.42918079817008
2022/07/13,pases Newells,Newells,13:04:47,15:19:37,pase,,01:58:17,01:58:17,0.0,"166,84",19,,"177,97",20.0,corto,,7097.0,0,0,0,0,0,0,1,0,0,0,0,0,0,0,0,0,0,0,0,0,0,0,0,0,0,0,0,0,0,0,0,0,0,0,0,0,0,0,0,0,0,0,0,0,0,0,0,0,0,0,0,0,0,0,0,0,0,0,0,14.0,177.4342310154778,166.37854764610915,96.6003286802569,83.67011481441921
2022/07/13,pases Newells,Newells,13:04:47,15:19:37,pase,,01:58:35,01:58:35,0.0,"29,85",1,,"50,31",6.0,corto,,7115.0,0,0,0,0,0,0,1,0,0,0,0,0,0,0,0,0,0,0,0,0,0,0,0,0,0,0,0,0,0,0,0,0,0,0,0,0,0,0,0,0,0,0,0,0,0,0,0,0,0,0,0,0,0,0,0,0,0,0,0,4.0,49.57822025981674,28.759817924691106,30.55440702845077,84.51318230369179
2022/07/13,pases Newells,Newells,13:04:47,15:19:37,pase,,01:59:25,01:59:25,0.0,"60,31",2,,"87,32",5.0,corto,,7165.0,0,0,0,0,0,0,1,0,0,0,0,0,0,0,0,0,0,0,0,0,0,0,0,0,0,0,0,0,0,0,0,0,0,0,0,0,0,0,0,0,0,0,0,0,0,0,0,0,0,0,0,0,0,0,0,0,0,0,0,7.0,86.86867994355485,59.58439415447021,31.705913562466286,30.670607619468665
2022/07/13,pases Newells,Newells,13:04:47,15:19:37,pase,,01:59:33,01:59:33,0.0,"82,83",5,,"56,68",2.0,corto,,7173.0,0,0,0,0,0,0,1,0,0,0,0,0,0,0,0,0,0,0,0,0,0,0,0,0,0,0,0,0,0,0,0,0,0,0,0,0,0,0,0,0,0,0,0,0,0,0,0,0,0,0,0,0,0,0,0,0,0,0,0,8.0,55.65029139133115,82.36043439317518,67.87268675547936,82.59757873804996
2022/07/13,pases Newells,Newells,13:04:47,15:19:37,pase,,01:59:36,01:59:36,0.0,"170,8",16,,"119,65",5.0,corto,,7176.0,0,0,0,0,0,0,1,0,0,0,0,0,0,0,0,0,0,0,0,0,0,0,0,0,0,0,0,0,0,0,0,0,0,0,0,0,0,0,0,0,0,0,0,0,0,0,0,0,0,0,0,0,0,0,0,0,0,0,0,13.0,119.30807463708267,170.28082497397352,64.93536058015056,7.619585430361724
2022/07/13,pases Newells,Newells,13:04:47,15:19:37,pase,,01:59:39,01:59:39,0.0,"221,64",19,,"216,39",16.0,corto,,7179.0,0,0,0,0,0,0,1,0,0,0,0,0,0,0,0,0,0,0,0,0,0,0,0,0,0,0,0,0,0,0,0,0,0,0,0,0,0,0,0,0,0,0,0,0,0,0,0,0,0,0,0,0,0,0,0,0,0,0,0,17.0,216.26032997493985,221.1375001794633,39.102505530531786,64.37674277964136
2022/07/13,pases Newells,Newells,13:04:47,15:19:37,pase,,01:59:42,01:59:42,0.0,"245,155",14,,"195,91",19.0,corto,,7182.0,0,0,0,0,0,0,1,0,0,0,0,0,0,0,0,0,0,0,0,0,0,0,0,0,0,0,0,0,0,0,0,0,0,0,0,0,0,0,0,0,0,0,0,0,0,0,0,0,0,0,0,0,0,0,0,0,0,0,0,24.0,195.1329105650357,245.03384871877307,91.36105541532557,155.34788244193626
2022/07/13,pases Newells,Newells,13:04:47,15:19:37,pase,,01:59:44,01:59:44,0.0,"233,74",19,,"256,138",14.0,corto,,7184.0,0,0,0,0,0,0,1,0,0,0,0,0,0,0,0,0,0,0,0,0,0,0,0,0,0,0,0,0,0,0,0,0,0,0,0,0,0,0,0,0,0,0,0,0,0,0,0,0,0,0,0,0,0,0,0,0,0,0,0,21.0,256.08191883808,232.6554257160021,138.15622147604512,74.00964484819141
2022/07/13,pases Newells,Newells,13:04:47,15:19:37,remate pie,,01:59:48,01:59:48,0.0,"266,81",Rival,,"229,84",19.0,corta distancia,,7188.0,0,0,1,0,0,0,0,0,0,0,0,0,0,0,0,0,0,0,0,0,0,0,0,0,0,0,0,0,0,0,0,0,0,0,0,0,0,0,0,0,0,0,0,0,0,0,0,0,0,0,0,0,0,0,0,0,0,0,0,22.0,229.29035505041796,265.67692121425347,84.28720283148586,80.64253464034616
2022/07/13,pases Newells,Newells,13:04:47,15:19:37,perdida,,01:59:50,01:59:50,0.0,,,,"243,63",19.0,atajada,,7190.0,0,0,0,0,0,0,0,0,0,0,0,0,0,0,0,0,0,0,0,0,0,0,0,0,0,0,0,0,0,0,0,0,0,0,0,0,0,0,0,0,0,0,0,0,0,0,0,0,0,0,0,0,0,0,0,0,0,0,0,,242.60531564678087,,63.35968849396656,
2022/07/13,pases Newells,Newells,13:04:47,15:19:37,arquero,,02:00:40,02:00:40,0.0,,,,"73,93",1.0,rebote/despeje,,7240.0,0,0,0,0,0,0,0,0,0,0,0,0,0,0,0,0,0,0,0,0,0,0,0,0,0,0,0,0,0,0,0,0,0,0,0,0,0,0,0,0,0,0,0,0,0,0,0,0,0,0,0,0,0,0,0,0,0,0,0,,72.70268236608477,,92.50030006734318,
2022/07/13,pases Newells,Newells,13:04:47,15:19:37,falta,,02:01:15,02:01:15,0.0,,,,"173,40",5.0,recibida,,7275.0,0,0,0,0,0,0,0,0,0,0,0,0,0,0,0,0,0,0,0,0,0,0,0,0,0,1,0,0,0,0,0,0,0,0,0,0,0,0,0,0,0,0,0,0,0,0,0,0,0,0,0,0,0,0,0,0,0,0,0,,172.71421094294706,,40.17189609587873,
2022/07/13,pases Newells,Newells,13:04:47,15:19:37,pase,,02:02:00,02:02:00,0.0,"219,37",20,,"145,134",4.0,medio,,7320.0,0,0,0,0,0,0,1,0,0,0,0,0,0,0,0,0,0,0,0,0,0,0,0,0,0,0,0,0,0,0,0,0,0,0,0,0,0,0,0,0,0,0,0,0,0,0,0,0,0,0,0,0,0,0,0,0,0,0,0,16.0,145.29671964042396,219.15184777830942,134.47907475869036,37.479987567245665
2022/07/13,pases Newells,Newells,13:04:47,15:19:37,falta,,02:02:28,02:02:28,0.0,,,,"149,62",5.0,recibida,,7348.0,0,0,0,0,0,0,0,0,0,0,0,0,0,0,0,0,0,0,0,0,0,0,0,0,0,1,0,0,0,0,0,0,0,0,0,0,0,0,0,0,0,0,0,0,0,0,0,0,0,0,0,0,0,0,0,0,0,0,0,,148.70834720282832,,62.35908577344691,
2022/07/13,pases Newells,Newells,13:04:47,15:19:37,arquero,,02:05:18,02:05:18,0.0,,,Bueno,"32,73",1.0,salvada/atajada,,7518.0,0,0,0,0,0,0,0,0,0,0,0,0,0,0,0,0,0,0,0,0,0,0,0,0,0,0,0,0,0,0,0,0,0,0,0,0,0,0,0,0,0,0,0,0,0,0,0,0,0,0,0,0,1,0,0,0,0,0,0,,32.17629027517686,,72.5932749189376,
2022/07/13,pases Newells,Newells,13:04:47,15:19:37,arquero,,02:05:37,02:05:37,0.0,,,Bueno,"92,96",1.0,salvada/atajada,,7537.0,0,0,0,0,0,0,0,0,0,0,0,0,0,0,0,0,0,0,0,0,0,0,0,0,0,0,0,0,0,0,0,0,0,0,0,0,0,0,0,0,0,0,0,0,0,0,0,0,0,0,0,0,1,0,0,0,0,0,0,,91.58245555924961,,95.68183043152189,
2022/07/13,pases Newells,Newells,13:04:47,15:19:37,pase,,02:06:02,02:06:02,0.0,"195,138",19,,"26,83",1.0,largo,,7562.0,0,0,0,0,0,0,1,0,0,0,0,0,0,0,0,0,0,0,0,0,0,0,0,0,0,0,0,0,0,0,0,0,0,0,0,0,0,0,0,0,0,0,0,0,0,0,0,0,0,0,0,0,0,0,0,0,0,0,0,18.0,25.724924677902685,195.41971606445844,83.09233631926108,137.7997293152142
2022/07/13,pases Newells,Newells,13:04:47,15:19:37,pase,,02:06:05,02:06:05,0.0,"239,31",20,,"253,150",19.0,centro aereo,,7565.0,0,0,0,0,0,0,0,1,0,0,0,0,0,1,0,0,0,0,0,0,0,0,0,0,0,0,0,0,0,0,0,0,0,0,0,0,0,0,0,0,0,0,0,0,0,0,0,0,0,0,0,0,0,0,0,0,0,0,0,20.0,253.1015245320942,239.05256210380898,150.49981055104405,31.199334248828904
2022/07/13,pases Newells,Newells,13:04:47,15:19:37,perdida,,02:06:06,02:06:06,0.0,,,,"242,150",19.0,balon afuera fondo,,7566.0,0,0,0,0,0,0,0,0,0,0,0,0,0,0,0,0,0,0,0,0,0,0,0,0,0,0,0,0,0,0,0,0,0,0,0,0,0,0,0,0,0,0,0,0,0,0,0,0,0,0,0,0,0,0,0,0,0,0,0,,241.9938899113512,,150.49486911966235,
2022/07/13,pases Newells,Newells,13:04:47,15:19:37,pase,,02:07:20,02:07:20,0.0,"167,2",16,,"160,25",15.0,corto,,7640.0,0,0,0,0,0,0,1,0,0,0,0,0,0,0,0,0,0,0,0,0,0,0,0,0,0,0,0,0,0,0,0,0,0,0,0,0,0,0,0,0,0,0,0,0,0,0,0,0,0,0,0,0,0,0,0,0,0,0,0,13.0,160.49619412808846,167.05010774247754,24.554518038612198,2.096981488775203
2022/07/13,pases Newells,Newells,13:04:47,15:19:37,remate pie,,02:07:25,02:07:25,0.0,"255,88",Rival,,"259,49",16.0,corta distancia,,7645.0,0,1,0,0,0,0,0,0,0,0,0,0,0,0,0,0,0,0,0,0,0,0,0,0,0,0,0,0,0,0,0,0,0,0,0,0,0,0,0,0,0,0,0,0,0,0,0,0,0,0,0,0,0,0,0,0,0,0,0,22.0,259.4371413442199,255.1115042340134,49.29210107080179,88.41210155415746
2022/07/13,pases Newells,Newells,13:04:47,15:19:37,perdida,,02:07:25,02:07:25,0.0,,,,"247,36",16.0,balon afuera fondo,,7645.0,0,0,0,0,0,0,0,0,0,0,0,0,0,0,0,0,0,0,0,0,0,0,0,0,0,0,0,0,0,0,0,0,0,0,0,0,0,0,0,0,0,0,0,0,0,0,0,0,0,0,0,0,0,0,0,0,0,0,0,,247.0366873645654,,36.38313474424319,
2022/07/13,pases Newells,Newells,13:04:47,15:19:37,pase,,02:08:09,02:08:09,0.0,"209,98",5,,"194,64",16.0,corto,,7689.0,0,0,0,0,0,0,1,0,0,0,0,0,0,0,0,0,0,0,0,0,0,0,0,0,0,0,0,0,0,0,0,0,0,0,0,0,0,0,0,0,0,0,0,0,0,0,0,0,0,0,0,0,0,0,0,0,0,0,0,17.0,194.36057857951158,208.7321320276969,63.834895323204144,97.78008612950572
2022/07/13,pases Newells,Newells,13:04:47,15:19:37,pase,,02:08:11,02:08:11,0.0,"223,160",19,,"219,62",5.0,corto,,7691.0,0,0,0,0,0,0,1,0,0,0,0,0,0,0,0,0,0,0,0,0,0,0,0,0,0,0,0,0,0,0,0,0,0,0,0,0,0,0,0,0,0,0,0,0,0,0,0,0,0,0,0,0,0,0,0,0,0,0,0,18.0,218.9763249327347,222.71168630438484,61.908674996384235,160.47910495082937
2022/07/13,pases Newells,Newells,13:04:47,15:19:37,pase,,02:08:14,02:08:14,0.0,"259,154",16,,"205,140",19.0,corto,,7694.0,0,0,0,0,0,0,0,1,0,0,0,0,0,0,0,0,0,0,0,0,0,0,0,0,0,0,0,0,0,0,0,0,0,0,0,0,0,0,0,0,0,0,0,0,0,0,0,0,0,0,0,0,0,0,0,0,0,0,0,24.0,205.2341043663304,259.49486261244726,140.14414134197096,153.7002474010723
2022/07/13,pases Newells,Newells,13:04:47,15:19:37,perdida,,02:08:15,02:08:15,0.0,,,,"208,129",19.0,balon afuera fondo,,7695.0,0,0,0,0,0,0,0,0,0,0,0,0,0,0,0,0,0,0,0,0,0,0,0,0,0,0,0,0,0,0,0,0,0,0,0,0,0,0,0,0,0,0,0,0,0,0,0,0,0,0,0,0,0,0,0,0,0,0,0,,208.27254285978864,,129.45394278040573,
2022/07/13,pases Newells,Newells,13:04:47,15:19:37,remate cabeza,,00:26:36,00:26:36,0.0,"270,77",Rival,,"243,66",9.0,dificil,,1596.0,0,1,0,0,1,0,0,0,0,0,0,0,0,0,0,0,0,0,0,0,0,0,0,0,0,0,0,0,0,0,0,0,0,0,0,0,0,0,0,0,0,0,0,0,0,0,0,0,0,0,0,0,0,0,0,0,0,0,0,22.0,242.61428663469695,269.5221398489104,65.68658094611946,76.79466471870691
2022/07/13,pases Newells,Newells,13:04:47,15:19:37,perdida,,00:26:38,00:26:38,0.0,,,,"220,85",9.0,balon afuera fondo,,1598.0,0,0,0,0,0,0,0,0,0,0,0,0,0,0,0,0,0,0,0,0,0,0,0,0,0,0,0,0,0,0,0,0,0,0,0,0,0,0,0,0,0,0,0,0,0,0,0,0,0,0,0,0,0,0,0,0,0,0,0,,220.37185502067155,,84.59494890291845,
