Session.Start.Date,tiempo,partido,Session.Start,Session.End,Evento,Tag.Notes,Tag.Start,Tag.End,Tag.Duration.(secs),Dificultad,coord.final,Jugador.2,Jugador.1,Calificacion,coord.inicial,Subevento,Optional.Column,segundos,remate-Gol,remate-Fuera,remate-Al-arco,remate-Interceptado,remate-Cabeza,pase-Asistencia,pase-Completado,pase-Incompleto,pase-Inteligente,centro-Asistencia,centro-Completado,centro-Interceptado,centro-Bloqueado,centro-Fuera,duelo-Aereo-Perdido,duelo-Aereo-Ganado,duelo-Disputa-suelo-Perdida,duelo-Disputa-suelo-Ganada,duelo-Gambeta-contra-Ganada,duelo-Gambeta-contra-Perdida,duelo-Gambeta-favor-Perdida,duelo-Gambeta-favor-Ganada,duelo-Pivote-Perdido,duelo-Pivote-Ganado,falta-Cometida,falta-Recibida,falta-Penal-cometido,falta-Penal-recibido,falta-Offside,falta-Tarjeta-amarilla,falta-Tarjeta-roja,recuperacion-Robo,recuperacion-Encontrada,recuperacion-Intercepcion-suelo,recuperacion-Intercepcion-aereo,recuperacion-Intercepcion-anticipo,recuperacion-Disputa-suelo,parado-Lateral-interceptado,parado-Lateral-completado,parado-Corner-interceptado,parado-Corner-completado,parado-Tiro-libre-incompleto,parado-Tiro-libre-completado,perdida-Gambeta,perdida-Robo,perdida-Intercepcion,perdida-Error-tecnico,perdida-Balon-fuera,perdida-Error-tactico,perdida-Atajada,arquero-Gol-rival,arquero-Gol-rival-atajable,arquero-Atajada,arquero-Intercepcion-aerea,arquero-Intercepcion,arquero-Anticipo,arquero-Saque-mano,arquero-Saque-pie,arquero-Saque-meta,coord.final.num,coord.inicial.x,coord.final.x,coord.inicial.y,coord.final.y
2022/07/24,pases barracas central ,Barracas,13:43:45,15:43:30,pase,,00:01:33,00:01:33,0.0,,"230,66",11,5.0,,"124,65",largo,,93.0,0,0,0,0,0,0,0,1,0,0,0,0,0,0,0,0,0,0,0,0,0,0,0,0,0,0,0,0,0,0,0,0,0,0,0,0,0,0,0,0,0,0,0,0,0,0,0,0,0,0,0,0,0,0,0,0,0,0,0,21.0,123.75763916548956,229.75241457648423,64.63592377977466,65.5141919677156
2022/07/24,pases barracas central ,Barracas,13:43:45,15:43:30,perdida,,00:01:33,00:01:33,0.0,,,,5.0,,"115,78",atajada,,93.0,0,0,0,0,0,0,0,0,0,0,0,0,0,0,0,0,0,0,0,0,0,0,0,0,0,0,0,0,0,0,0,0,0,0,0,0,0,0,0,0,0,0,0,0,0,0,0,0,0,0,0,0,0,0,0,0,0,0,0,,115.15826517798102,,78.01254814816542,
2022/07/24,pases barracas central ,Barracas,13:43:45,15:43:30,arquero,,00:01:49,00:01:49,0.0,Facil,,,1.0,,"216,31",salvada/atajada,,109.0,0,0,0,0,0,0,0,0,0,0,0,0,0,0,0,0,0,0,0,0,0,0,0,0,0,0,0,0,0,0,0,0,0,0,0,0,0,0,0,0,0,0,0,0,0,0,0,0,0,0,0,0,1,0,0,0,0,0,0,,216.36281035625447,,30.7475210368473,
2022/07/24,pases barracas central ,Barracas,13:43:45,15:43:30,pase,,00:01:57,00:01:57,0.0,,"8,136",2,1.0,,"16,99",s arquero mano,,117.0,0,0,0,0,0,0,0,0,0,0,0,0,0,0,0,0,0,0,0,0,0,0,0,0,0,0,0,0,0,0,0,0,0,0,0,0,0,0,0,0,0,0,0,0,0,0,0,0,0,0,0,0,0,0,0,0,1,0,0,5.0,16.06710015262017,7.959203000062484,98.95342921802921,136.05752364468492
2022/07/24,pases barracas central ,Barracas,13:43:45,15:43:30,pase,,00:02:03,00:02:03,0.0,,"8,27",6,2.0,,"23,124",corto,,123.0,0,0,0,0,0,0,1,0,0,0,0,0,0,0,0,0,0,0,0,0,0,0,0,0,0,0,0,0,0,0,0,0,0,0,0,0,0,0,0,0,0,0,0,0,0,0,0,0,0,0,0,0,0,0,0,0,0,0,0,2.0,22.62198127781492,8.420868395602191,124.10316081481145,26.74042845479762
2022/07/24,pases barracas central ,Barracas,13:43:45,15:43:30,pase,,00:02:07,00:02:07,0.0,,"28,99",1,6.0,,"21,29",corto,,127.0,0,0,0,0,0,0,1,0,0,0,0,0,0,0,0,0,0,0,0,0,0,0,0,0,0,0,0,0,0,0,0,0,0,0,0,0,0,0,0,0,0,0,0,0,0,0,0,0,0,0,0,0,0,0,0,0,0,0,0,4.0,20.562757461417874,27.619406331985797,29.360996463342566,99.12405404995104
2022/07/24,pases barracas central ,Barracas,13:43:45,15:43:30,pase,,00:02:13,00:02:13,0.0,,"73,150",2,1.0,,"45,75",corto,,133.0,0,0,0,0,0,0,1,0,0,0,0,0,0,0,0,0,0,0,0,0,0,0,0,0,0,0,0,0,0,0,0,0,0,0,0,0,0,0,0,0,0,0,0,0,0,0,0,0,0,0,0,0,0,0,0,0,0,0,0,9.0,45.25891134288249,72.50151552492872,74.91973274812473,149.72350005543979
2022/07/24,pases barracas central ,Barracas,13:43:45,15:43:30,pase,,00:02:18,00:02:18,0.0,,"217,67",9,2.0,,"88,141",medio,,138.0,0,0,0,0,0,0,0,1,0,0,0,0,0,0,0,0,0,0,0,0,0,0,0,0,0,0,0,0,0,0,0,0,0,0,0,0,0,0,0,0,0,0,0,0,0,0,0,0,0,0,0,0,0,0,0,0,0,0,0,17.0,88.25659112256605,216.70735784000934,141.04070194218454,66.76024789679735
2022/07/24,pases barracas central ,Barracas,13:43:45,15:43:30,perdida,,00:02:19,00:02:19,0.0,,,,2.0,,"94,125",interceptado,,139.0,0,0,0,0,0,0,0,0,0,0,0,0,0,0,0,0,0,0,0,0,0,0,0,0,0,0,0,0,0,0,0,0,0,0,0,0,0,0,0,0,0,0,0,0,0,0,0,0,0,0,0,0,0,0,0,0,0,0,0,,93.53753358374355,,124.81951302700242,
2022/07/24,pases barracas central ,Barracas,13:43:45,15:43:30,pase,,00:02:26,00:02:26,0.0,,"249,139",4,11.0,,"219,138",corto,,146.0,0,0,0,0,0,0,1,0,0,0,0,0,0,0,0,0,0,0,0,0,0,0,0,0,0,0,0,0,0,0,0,0,0,0,0,0,0,0,0,0,0,0,0,0,0,0,0,0,0,0,0,0,0,0,0,0,0,0,0,24.0,219.02514475591133,248.5238809591072,137.60052920046152,138.95143425231828
2022/07/24,pases barracas central ,Barracas,13:43:45,15:43:30,pase,,00:02:28,00:02:28,0.0,,"250,98",9,4.0,,"267,134",corto,,148.0,0,0,0,0,0,0,1,0,0,0,0,0,0,0,0,0,0,0,0,0,0,0,0,0,0,0,0,0,0,0,0,0,0,0,0,0,0,0,0,0,0,0,0,0,0,0,0,0,0,0,0,0,0,0,0,0,0,0,0,21.0,266.78067486331463,249.6123502471733,133.7564463932147,98.05658822654637
2022/07/24,pases barracas central ,Barracas,13:43:45,15:43:30,remate cabeza,,00:02:28,00:02:28,0.0,,"249,89",Rival,9.0,,"219,65",facil,,148.0,0,0,0,0,1,0,0,0,0,0,0,0,0,0,0,0,0,0,0,0,0,0,0,0,0,0,0,0,0,0,0,0,0,0,0,0,0,0,0,0,0,0,0,0,0,0,0,0,0,0,0,0,0,0,0,0,0,0,0,22.0,219.2964914216717,248.58591459436926,64.51919312115055,88.99786158810655
2022/07/24,pases barracas central ,Barracas,13:43:45,15:43:30,perdida,,00:02:29,00:02:29,0.0,,,,9.0,,"221,95",interceptado,,149.0,0,0,0,0,0,0,0,0,0,0,0,0,0,0,0,0,0,0,0,0,0,0,0,0,0,0,0,0,0,0,0,0,0,0,0,0,0,0,0,0,0,0,0,0,0,0,0,0,0,0,0,0,0,0,0,0,0,0,0,,220.59628001253026,,95.26585830791981,
2022/07/24,pases barracas central ,Barracas,13:43:45,15:43:30,pase,,00:03:07,00:03:07,0.0,,"4,132",2,1.0,,"25,93",s arquero pie,,187.0,0,0,0,0,0,0,0,0,0,0,0,0,0,0,0,0,0,0,0,0,0,0,0,0,0,0,0,0,0,0,0,0,0,0,0,0,0,0,0,0,0,0,0,0,0,0,0,0,0,0,0,0,0,0,0,0,0,1,0,5.0,24.545869941729592,3.5691972853452043,92.90932084999562,132.11233554962274
2022/07/24,pases barracas central ,Barracas,13:43:45,15:43:30,pase,,00:03:18,00:03:18,0.0,,"188,87",9,2.0,,"61,122",medio,,198.0,0,0,0,0,0,0,0,1,0,0,0,0,0,0,0,0,0,0,0,0,0,0,0,0,0,0,0,0,0,0,0,0,0,0,0,0,0,0,0,0,0,0,0,0,0,0,0,0,0,0,0,0,0,0,0,0,0,0,0,17.0,61.352182000780715,187.7887844578846,122.42144430175101,86.68257120910653
2022/07/24,pases barracas central ,Barracas,13:43:45,15:43:30,perdida,,00:03:19,00:03:19,0.0,,,,2.0,,"66,136",interceptado,,199.0,0,0,0,0,0,0,0,0,0,0,0,0,0,0,0,0,0,0,0,0,0,0,0,0,0,0,0,0,0,0,0,0,0,0,0,0,0,0,0,0,0,0,0,0,0,0,0,0,0,0,0,0,0,0,0,0,0,0,0,,66.14539051623565,,136.41366655411107,
2022/07/24,pases barracas central ,Barracas,13:43:45,15:43:30,pase,,00:04:26,00:04:26,0.0,,"147,96",11,9.0,,"165,73",corto,,266.0,0,0,0,0,0,0,1,0,0,0,0,0,0,0,0,0,0,0,0,0,0,0,0,0,0,0,0,0,0,0,0,0,0,0,0,0,0,0,0,0,0,0,0,0,0,0,0,0,0,0,0,0,0,0,0,0,0,0,0,14.0,165.23288631661342,146.60140306783293,72.55501998738234,96.31055997727313
2022/07/24,pases barracas central ,Barracas,13:43:45,15:43:30,pase,,00:04:31,00:04:31,0.0,,"239,136",7,11.0,,"201,153",corto,,271.0,0,0,0,0,0,0,1,0,0,0,0,0,0,0,0,0,0,0,0,0,0,0,0,0,0,0,0,0,0,0,0,0,0,0,0,0,0,0,0,0,0,0,0,0,0,0,0,0,0,0,0,0,0,0,0,0,0,0,0,24.0,201.12154753099446,239.1608381485211,153.41702560824558,136.0774672833713
2022/07/24,pases barracas central ,Barracas,13:43:45,15:43:30,pase,,00:04:36,00:04:36,0.0,,"235,81",10,7.0,,"246,162",centro aereo,,276.0,0,0,0,0,0,0,0,1,0,0,0,1,0,0,0,0,0,0,0,0,0,0,0,0,0,0,0,0,0,0,0,0,0,0,0,0,0,0,0,0,0,0,0,0,0,0,0,0,0,0,0,0,0,0,0,0,0,0,0,21.0,245.57954636956848,234.65474166766967,162.0,81.26241996603277
2022/07/24,pases barracas central ,Barracas,13:43:45,15:43:30,perdida,,00:04:36,00:04:36,0.0,,,,7.0,,"235,151",interceptado,,276.0,0,0,0,0,0,0,0,0,0,0,0,0,0,0,0,0,0,0,0,0,0,0,0,0,0,0,0,0,0,0,0,0,0,0,0,0,0,0,0,0,0,0,0,0,0,0,0,0,0,0,0,0,0,0,0,0,0,0,0,,235.35339530774732,,150.54562219158558,
2022/07/24,pases barracas central ,Barracas,13:43:45,15:43:30,falta,,00:05:23,00:05:23,0.0,,,,10.0,,"117,30",recibida,,323.0,0,0,0,0,0,0,0,0,0,0,0,0,0,0,0,0,0,0,0,0,0,0,0,0,0,1,0,0,0,0,0,0,0,0,0,0,0,0,0,0,0,0,0,0,0,0,0,0,0,0,0,0,0,0,0,0,0,0,0,,116.61970404079567,,29.885059885861345,
2022/07/24,pases barracas central ,Barracas,13:43:45,15:43:30,pase,,00:05:46,00:05:46,0.0,,"49,34",2,6.0,,"109,70",corto,,346.0,0,0,0,0,0,0,1,0,0,0,0,0,0,0,0,0,0,0,0,0,0,0,0,0,0,0,0,0,0,0,0,0,0,0,0,0,0,0,0,0,0,0,0,0,0,0,0,0,0,0,0,0,0,0,0,0,0,0,0,7.0,108.62000127576333,49.029839289029844,69.68121403261412,34.16958963126595
2022/07/24,pases barracas central ,Barracas,13:43:45,15:43:30,pase,,00:05:46,00:05:46,0.0,,,2,6.0,,"122,93",corto,,346.0,0,0,0,0,0,0,1,0,0,0,0,0,0,0,0,0,0,0,0,0,0,0,0,0,0,0,0,0,0,0,0,0,0,0,0,0,0,0,0,0,0,0,0,0,0,0,0,0,0,0,0,0,0,0,0,0,0,0,0,,122.47101000222985,,92.6662553296433,
2022/07/24,pases barracas central ,Barracas,13:43:45,15:43:30,pase,,00:05:47,00:05:47,0.0,,"70,100",1,2.0,,"61,4",corto,,347.0,0,0,0,0,0,0,1,0,0,0,0,0,0,0,0,0,0,0,0,0,0,0,0,0,0,0,0,0,0,0,0,0,0,0,0,0,0,0,0,0,0,0,0,0,0,0,0,0,0,0,0,0,0,0,0,0,0,0,0,8.0,61.32307155803535,69.57716678930635,4.358733132777054,99.8563387839616
2022/07/24,pases barracas central ,Barracas,13:43:45,15:43:30,pase,,00:05:52,00:05:52,0.0,,"179,74",9,1.0,,"65,88",medio,,352.0,0,0,0,0,0,0,0,1,0,0,0,0,0,0,0,0,0,0,0,0,0,0,0,0,0,0,0,0,0,0,0,0,0,0,0,0,0,0,0,0,0,0,0,0,0,0,0,0,0,0,0,0,0,0,0,0,0,0,0,14.0,64.56156933421009,179.205813768485,87.54646896185649,74.44223745293479
2022/07/24,pases barracas central ,Barracas,13:43:45,15:43:30,perdida,,00:05:52,00:05:52,0.0,,,,1.0,,"84,90",interceptado,,352.0,0,0,0,0,0,0,0,0,0,0,0,0,0,0,0,0,0,0,0,0,0,0,0,0,0,0,0,0,0,0,0,0,0,0,0,0,0,0,0,0,0,0,0,0,0,0,0,0,0,0,0,0,0,0,0,0,0,0,0,,83.78367541767506,,89.8192165382643,
2022/07/24,pases barracas central ,Barracas,13:43:45,15:43:30,pase,,00:06:03,00:06:03,0.0,,"204,10",10,9.0,,"166,26",corto,,363.0,0,0,0,0,0,0,1,0,0,0,0,0,0,0,0,0,0,0,0,0,0,0,0,0,0,0,0,0,0,0,0,0,0,0,0,0,0,0,0,0,0,0,0,0,0,0,0,0,0,0,0,0,0,0,0,0,0,0,0,16.0,165.9900845593548,204.44769714383082,26.388025716487075,9.593200320065588
2022/07/24,pases barracas central ,Barracas,13:43:45,15:43:30,pase,,00:06:06,00:06:06,0.0,,"205,87",7,10.0,,"188,28",corto,,366.0,0,0,0,0,0,0,1,0,0,0,0,0,0,0,0,0,0,0,0,0,0,0,0,0,0,0,0,0,0,0,0,0,0,0,0,0,0,0,0,0,0,0,0,0,0,0,0,0,0,0,0,0,0,0,0,0,0,0,0,17.0,187.57532388946726,205.3628966101021,27.52436134442052,87.24353942423085
2022/07/24,pases barracas central ,Barracas,13:43:45,15:43:30,falta,,00:06:06,00:06:06,0.0,,,,7.0,,"221,88",offside,,366.0,0,0,0,0,0,0,0,0,0,0,0,0,0,0,0,0,0,0,0,0,0,0,0,0,0,0,0,0,1,0,0,0,0,0,0,0,0,0,0,0,0,0,0,0,0,0,0,0,0,0,0,0,0,0,0,0,0,0,0,,221.18417684820537,,87.86136761879817,
2022/07/24,pases barracas central ,Barracas,13:43:45,15:43:30,falta,,00:06:50,00:06:50,0.0,,,,9.0,,"91,83",recibida,,410.0,0,0,0,0,0,0,0,0,0,0,0,0,0,0,0,0,0,0,0,0,0,0,0,0,0,1,0,0,0,0,0,0,0,0,0,0,0,0,0,0,0,0,0,0,0,0,0,0,0,0,0,0,0,0,0,0,0,0,0,,90.79485699432333,,82.99126528849308,
2022/07/24,pases barracas central ,Barracas,13:43:45,15:43:30,pase,,00:07:45,00:07:45,0.0,,"272,82",3,11.0,,"256,38",centro aereo,,465.0,0,0,0,0,0,0,1,0,0,0,1,0,0,0,0,0,0,0,0,0,0,0,0,0,0,0,0,0,0,0,0,0,0,0,0,0,0,0,0,0,0,0,0,0,0,0,0,0,0,0,0,0,0,0,0,0,0,0,0,22.0,256.1248544686537,272.0,37.704606597730574,82.41664043066834
2022/07/24,pases barracas central ,Barracas,13:43:45,15:43:30,remate cabeza,,00:07:47,00:07:47,0.0,,"264,69",Rival,3.0,,"253,92",dificil,,467.0,0,1,0,0,1,0,0,0,0,0,0,0,0,0,0,0,0,0,0,0,0,0,0,0,0,0,0,0,0,0,0,0,0,0,0,0,0,0,0,0,0,0,0,0,0,0,0,0,0,0,0,0,0,0,0,0,0,0,0,22.0,253.34042224583266,264.4042084706723,92.31675744843724,68.99224572140461
2022/07/24,pases barracas central ,Barracas,13:43:45,15:43:30,perdida,,00:07:47,00:07:47,0.0,,,,3.0,,"272,86",balon afuera fondo,,467.0,0,0,0,0,0,0,0,0,0,0,0,0,0,0,0,0,0,0,0,0,0,0,0,0,0,0,0,0,0,0,0,0,0,0,0,0,0,0,0,0,0,0,0,0,0,0,0,0,0,0,0,0,0,0,0,0,0,0,0,,272.0,,85.85054140939454,
2022/07/24,pases barracas central ,Barracas,13:43:45,15:43:30,pase,,00:08:21,00:08:21,0.0,,"55,81",1,6.0,,"61,155",corto,,501.0,0,0,0,0,0,0,1,0,0,0,0,0,0,0,0,0,0,0,0,0,0,0,0,0,0,0,0,0,0,0,0,0,0,0,0,0,0,0,0,0,0,0,0,0,0,0,0,0,0,0,0,0,0,0,0,0,0,0,0,8.0,61.34789911067047,54.77258966029787,154.75120635295954,80.51977147994954
2022/07/24,pases barracas central ,Barracas,13:43:45,15:43:30,pase,,00:08:24,00:08:24,0.0,,"70,93",2,1.0,,"64,97",corto,,504.0,0,0,0,0,0,0,1,0,0,0,0,0,0,0,0,0,0,0,0,0,0,0,0,0,0,0,0,0,0,0,0,0,0,0,0,0,0,0,0,0,0,0,0,0,0,0,0,0,0,0,0,0,0,0,0,0,0,0,0,8.0,63.80914243983119,69.61223006643786,97.39047784132322,92.55791257076987
2022/07/24,pases barracas central ,Barracas,13:43:45,15:43:30,pase,,00:08:29,00:08:29,0.0,,"73,155",6,2.0,,"65,100",corto,,509.0,0,0,0,0,0,0,1,0,0,0,0,0,0,0,0,0,0,0,0,0,0,0,0,0,0,0,0,0,0,0,0,0,0,0,0,0,0,0,0,0,0,0,0,0,0,0,0,0,0,0,0,0,0,0,0,0,0,0,0,9.0,65.11471796602517,73.42340718742129,100.4070655595167,154.74172704043502
2022/07/24,pases barracas central ,Barracas,13:43:45,15:43:30,pase,,00:08:32,00:08:32,0.0,,"175,135",9,6.0,,"74,159",medio,,512.0,0,0,0,0,0,0,0,1,0,0,0,0,0,0,0,0,0,0,0,0,0,0,0,0,0,0,0,0,0,0,0,0,0,0,0,0,0,0,0,0,0,0,0,0,0,0,0,0,0,0,0,0,0,0,0,0,0,0,0,15.0,74.02354309307869,175.4216374096503,159.28678548107638,135.21632400855592
2022/07/24,pases barracas central ,Barracas,13:43:45,15:43:30,perdida,,00:08:32,00:08:32,0.0,,,,6.0,,"66,140",interceptado,,512.0,0,0,0,0,0,0,0,0,0,0,0,0,0,0,0,0,0,0,0,0,0,0,0,0,0,0,0,0,0,0,0,0,0,0,0,0,0,0,0,0,0,0,0,0,0,0,0,0,0,0,0,0,0,0,0,0,0,0,0,,65.63153319647085,,140.2270861017193,
2022/07/24,pases barracas central ,Barracas,13:43:45,15:43:30,pase,,00:09:28,00:09:28,0.0,,"2,85",2,1.0,,"30,65",s arquero pie,,568.0,0,0,0,0,0,0,0,0,0,0,0,0,0,0,0,0,0,0,0,0,0,0,0,0,0,0,0,0,0,0,0,0,0,0,0,0,0,0,0,0,0,0,0,0,0,0,0,0,0,0,0,0,0,0,0,0,0,1,0,3.0,29.761284651829108,2.2877637273798594,65.41881577630937,84.9556690143626
2022/07/24,pases barracas central ,Barracas,13:43:45,15:43:30,pase,,00:09:34,00:09:34,0.0,,"50,69",5,2.0,,"41,85",corto,,574.0,0,0,0,0,0,0,1,0,0,0,0,0,0,0,0,0,0,0,0,0,0,0,0,0,0,0,0,0,0,0,0,0,0,0,0,0,0,0,0,0,0,0,0,0,0,0,0,0,0,0,0,0,0,0,0,0,0,0,0,8.0,40.847332855925536,50.44312589095914,85.04781684944906,69.33702003871394
2022/07/24,pases barracas central ,Barracas,13:43:45,15:43:30,pase,,00:09:36,00:09:36,0.0,,"59,8",3,5.0,,"69,98",corto,,576.0,0,0,0,0,0,0,1,0,0,0,0,0,0,0,0,0,0,0,0,0,0,0,0,0,0,0,0,0,0,0,0,0,0,0,0,0,0,0,0,0,0,0,0,0,0,0,0,0,0,0,0,0,0,0,0,0,0,0,0,7.0,68.50460182409199,58.722672311533174,98.38433388496306,7.749498567331489
2022/07/24,pases barracas central ,Barracas,13:43:45,15:43:30,pase,,00:09:39,00:09:39,0.0,,"21,34",2,3.0,,"61,5",corto,,579.0,0,0,0,0,0,0,1,0,0,0,0,0,0,0,0,0,0,0,0,0,0,0,0,0,0,0,0,0,0,0,0,0,0,0,0,0,0,0,0,0,0,0,0,0,0,0,0,0,0,0,0,0,0,0,0,0,0,0,0,2.0,60.537330608933615,21.20251033950359,4.746000525474717,33.81727657820006
2022/07/24,pases barracas central ,Barracas,13:43:45,15:43:30,pase,,00:09:41,00:09:41,0.0,,"7,84",1,2.0,,"4,33",corto,,581.0,0,0,0,0,0,0,1,0,0,0,0,0,0,0,0,0,0,0,0,0,0,0,0,0,0,0,0,0,0,0,0,0,0,0,0,0,0,0,0,0,0,0,0,0,0,0,0,0,0,0,0,0,0,0,0,0,0,0,0,3.0,4.4936457684779185,7.2240232709181065,32.94575261289528,83.60047415721012
2022/07/24,pases barracas central ,Barracas,13:43:45,15:43:30,pase,,00:09:46,00:09:46,0.0,,"148,143",7,1.0,,"0,95",largo,,586.0,0,0,0,0,0,0,0,1,0,0,0,0,0,0,0,0,0,0,0,0,0,0,0,0,0,0,0,0,0,0,0,0,0,0,0,0,0,0,0,0,0,0,0,0,0,0,0,0,0,0,0,0,0,0,0,0,0,0,0,15.0,0.0,147.80311535332928,94.66918294257218,142.66824652266615
2022/07/24,pases barracas central ,Barracas,13:43:45,15:43:30,perdida,,00:09:46,00:09:46,0.0,,,,1.0,,"25,77",interceptado,,586.0,0,0,0,0,0,0,0,0,0,0,0,0,0,0,0,0,0,0,0,0,0,0,0,0,0,0,0,0,0,0,0,0,0,0,0,0,0,0,0,0,0,0,0,0,0,0,0,0,0,0,0,0,0,0,0,0,0,0,0,,25.4969697430379,,76.7724918378638,
2022/07/24,pases barracas central ,Barracas,13:43:45,15:43:30,falta,,00:10:11,00:10:11,0.0,,,,7.0,,"231,153",hecha,,611.0,0,0,0,0,0,0,0,0,0,0,0,0,0,0,0,0,0,0,0,0,0,0,0,0,1,0,0,0,0,0,0,0,0,0,0,0,0,0,0,0,0,0,0,0,0,0,0,0,0,0,0,0,0,0,0,0,0,0,0,,231.3959254957116,,152.88498295771348,
2022/07/24,pases barracas central ,Barracas,13:43:45,15:43:30,falta,,00:12:17,00:12:17,0.0,,,,3.0,,"87,8",recibida,,737.0,0,0,0,0,0,0,0,0,0,0,0,0,0,0,0,0,0,0,0,0,0,0,0,0,0,1,0,0,0,0,0,0,0,0,0,0,0,0,0,0,0,0,0,0,0,0,0,0,0,0,0,0,0,0,0,0,0,0,0,,86.87570995484566,,7.50742524750329,
2022/07/24,pases barracas central ,Barracas,13:43:45,15:43:30,pase,,00:12:26,00:12:26,0.0,,"66,150",6,2.0,,"51,18",corto,,746.0,0,0,0,0,0,0,1,0,0,0,0,0,0,0,0,0,0,0,0,0,0,0,0,0,0,0,0,0,0,0,0,0,0,0,0,0,0,0,0,0,0,0,0,0,0,0,0,0,0,0,0,0,0,0,0,0,0,0,0,9.0,50.66562324405618,66.13100395519717,17.679407663348357,149.87490938811578
2022/07/24,pases barracas central ,Barracas,13:43:45,15:43:30,pase,,00:12:33,00:12:33,0.0,,"32,83",1,6.0,,"69,130",corto,,753.0,0,0,0,0,0,0,1,0,0,0,0,0,0,0,0,0,0,0,0,0,0,0,0,0,0,0,0,0,0,0,0,0,0,0,0,0,0,0,0,0,0,0,0,0,0,0,0,0,0,0,0,0,0,0,0,0,0,0,0,4.0,68.98234933744483,32.29835594918069,130.14562647328276,83.04307852540627
2022/07/24,pases barracas central ,Barracas,13:43:45,15:43:30,pase,,00:13:29,00:13:29,0.0,,"186,7",10,1.0,,"50,91",largo,,809.0,0,0,0,0,0,0,1,0,0,0,0,0,0,0,0,0,0,0,0,0,0,0,0,0,0,0,0,0,0,0,0,0,0,0,0,0,0,0,0,0,0,0,0,0,0,0,0,0,0,0,0,0,0,0,0,0,0,0,0,16.0,49.744529687068194,185.82575161587846,91.07898932604726,6.68770481432394
2022/07/24,pases barracas central ,Barracas,13:43:45,15:43:30,falta,,00:13:40,00:13:40,0.0,,,,10.0,,"216,22",offside,,820.0,0,0,0,0,0,0,0,0,0,0,0,0,0,0,0,0,0,0,0,0,0,0,0,0,0,0,0,0,1,0,0,0,0,0,0,0,0,0,0,0,0,0,0,0,0,0,0,0,0,0,0,0,0,0,0,0,0,0,0,,215.99724141689103,,22.45397556763762,
2022/07/24,pases barracas central ,Barracas,13:43:45,15:43:30,pase,,00:15:59,00:15:59,0.0,,"21,118",6,1.0,,"8,83",s arquero pie,,959.0,0,0,0,0,0,0,0,0,0,0,0,0,0,0,0,0,0,0,0,0,0,0,0,0,0,0,0,0,0,0,0,0,0,0,0,0,0,0,0,0,0,0,0,0,0,0,0,0,0,0,0,0,0,0,0,0,0,1,0,5.0,7.570713449666421,21.043018253883822,82.59918983227311,118.06317905705716
2022/07/24,pases barracas central ,Barracas,13:43:45,15:43:30,pase,,00:16:06,00:16:06,0.0,,"142,123",9,6.0,,"55,121",largo,,966.0,0,0,0,0,0,0,0,1,0,0,0,0,0,0,0,0,0,0,0,0,0,0,0,0,0,0,0,0,0,0,0,0,0,0,0,0,0,0,0,0,0,0,0,0,0,0,0,0,0,0,0,0,0,0,0,0,0,0,0,15.0,54.69772685571128,141.5541318778553,121.45807167188862,123.36645670888025
2022/07/24,pases barracas central ,Barracas,13:43:45,15:43:30,perdida,,00:16:06,00:16:06,0.0,,,,6.0,,"67,128",interceptado,,966.0,0,0,0,0,0,0,0,0,0,0,0,0,0,0,0,0,0,0,0,0,0,0,0,0,0,0,0,0,0,0,0,0,0,0,0,0,0,0,0,0,0,0,0,0,0,0,0,0,0,0,0,0,0,0,0,0,0,0,0,,67.14785090496117,,127.54020576912818,
2022/07/24,pases barracas central ,Barracas,13:43:45,15:43:30,pase,,00:16:24,00:16:24,0.0,,"218,40",10,8.0,,"168,20",corto,,984.0,0,0,0,0,0,0,0,1,0,0,0,0,0,0,0,0,0,0,0,0,0,0,0,0,0,0,0,0,0,0,0,0,0,0,0,0,0,0,0,0,0,0,0,0,0,0,0,0,0,0,0,0,0,0,0,0,0,0,0,16.0,167.60377064147886,217.954645369427,20.119480235430643,39.82916853030309
2022/07/24,pases barracas central ,Barracas,13:43:45,15:43:30,perdida,,00:16:27,00:16:27,0.0,,,,8.0,,"149,31",interceptado,,987.0,0,0,0,0,0,0,0,0,0,0,0,0,0,0,0,0,0,0,0,0,0,0,0,0,0,0,0,0,0,0,0,0,0,0,0,0,0,0,0,0,0,0,0,0,0,0,0,0,0,0,0,0,0,0,0,0,0,0,0,,148.80180571348222,,30.87057290906055,
2022/07/24,pases barracas central ,Barracas,13:43:45,15:43:30,falta,,00:18:01,00:18:01,0.0,,,,5.0,,"77,64",recibida,,1081.0,0,0,0,0,0,0,0,0,0,0,0,0,0,0,0,0,0,0,0,0,0,0,0,0,0,1,0,0,0,0,0,0,0,0,0,0,0,0,0,0,0,0,0,0,0,0,0,0,0,0,0,0,0,0,0,0,0,0,0,,76.8521760903966,,63.573517077263105,
2022/07/24,pases barracas central ,Barracas,13:43:45,15:43:30,falta,,00:18:21,00:18:21,0.0,,,,3.0,,"104,32",recibida,,1101.0,0,0,0,0,0,0,0,0,0,0,0,0,0,0,0,0,0,0,0,0,0,0,0,0,0,1,0,0,0,0,0,0,0,0,0,0,0,0,0,0,0,0,0,0,0,0,0,0,0,0,0,0,0,0,0,0,0,0,0,,104.01607857277156,,32.17280619666473,
2022/07/24,pases barracas central ,Barracas,13:43:45,15:43:30,pase,,00:20:19,00:20:19,0.0,,"56,145",6,2.0,,"53,29",corto,,1219.0,0,0,0,0,0,0,1,0,0,0,0,0,0,0,0,0,0,0,0,0,0,0,0,0,0,0,0,0,0,0,0,0,0,0,0,0,0,0,0,0,0,0,0,0,0,0,0,0,0,0,0,0,0,0,0,0,0,0,0,9.0,53.21984971291574,55.8548384388113,28.68038046686862,144.835488128419
2022/07/24,pases barracas central ,Barracas,13:43:45,15:43:30,pase,,00:20:22,00:20:22,0.0,,"172,136",7,6.0,,"63,139",medio,,1222.0,0,0,0,0,0,0,0,1,0,0,0,0,0,0,0,0,0,0,0,0,0,0,0,0,0,0,0,0,0,0,0,0,0,0,0,0,0,0,0,0,0,0,0,0,0,0,0,0,0,0,0,0,0,0,0,0,0,0,0,15.0,63.388276759460766,171.73777539063457,139.10380591122828,135.8574828741837
2022/07/24,pases barracas central ,Barracas,13:43:45,15:43:30,perdida,,00:20:22,00:20:22,0.0,,,,6.0,,"60,147",interceptado,,1222.0,0,0,0,0,0,0,0,0,0,0,0,0,0,0,0,0,0,0,0,0,0,0,0,0,0,0,0,0,0,0,0,0,0,0,0,0,0,0,0,0,0,0,0,0,0,0,0,0,0,0,0,0,0,0,0,0,0,0,0,,59.68728808954724,,146.74105999219097,
2022/07/24,pases barracas central ,Barracas,13:43:45,15:43:30,falta,,00:22:06,00:22:06,0.0,,,,7.0,,"96,90",hecha,,1326.0,0,0,0,0,0,0,0,0,0,0,0,0,0,0,0,0,0,0,0,0,0,0,0,0,1,0,0,0,0,0,0,0,0,0,0,0,0,0,0,0,0,0,0,0,0,0,0,0,0,0,0,0,0,0,0,0,0,0,0,,96.00980552336961,,90.48278779238781,
2022/07/24,pases barracas central ,Barracas,13:43:45,15:43:30,pase,,00:23:37,00:23:37,0.0,,"40,53",2,1.0,,"24,73",s arquero pie,,1417.0,0,0,0,0,0,0,0,0,0,0,0,0,0,0,0,0,0,0,0,0,0,0,0,0,0,0,0,0,0,0,0,0,0,0,0,0,0,0,0,0,0,0,0,0,0,0,0,0,0,0,0,0,0,0,0,0,0,1,0,2.0,23.94761431884468,39.75774207270275,72.76904428460034,52.674858210448214
2022/07/24,pases barracas central ,Barracas,13:43:45,15:43:30,pase,,00:23:39,00:23:39,0.0,,"29,82",1,2.0,,"37,61",corto,,1419.0,0,0,0,0,0,0,1,0,0,0,0,0,0,0,0,0,0,0,0,0,0,0,0,0,0,0,0,0,0,0,0,0,0,0,0,0,0,0,0,0,0,0,0,0,0,0,0,0,0,0,0,0,0,0,0,0,0,0,0,3.0,37.39469088784832,28.995486906523297,61.03793041012514,81.82178141758607
2022/07/24,pases barracas central ,Barracas,13:43:45,15:43:30,pase,,00:23:42,00:23:42,0.0,,"37,123",6,1.0,,"5,91",corto,,1422.0,0,0,0,0,0,0,1,0,0,0,0,0,0,0,0,0,0,0,0,0,0,0,0,0,0,0,0,0,0,0,0,0,0,0,0,0,0,0,0,0,0,0,0,0,0,0,0,0,0,0,0,0,0,0,0,0,0,0,0,5.0,4.765802456370379,36.73357992085366,90.79212883890884,122.9600475845554
2022/07/24,pases barracas central ,Barracas,13:43:45,15:43:30,pase,,00:23:47,00:23:47,0.0,,"179,123",9,6.0,,"70,142",medio,,1427.0,0,0,0,0,0,0,1,0,0,0,0,0,0,0,0,0,0,0,0,0,0,0,0,0,0,0,0,0,0,0,0,0,0,0,0,0,0,0,0,0,0,0,0,0,0,0,0,0,0,0,0,0,0,0,0,0,0,0,0,15.0,70.46328480553788,178.68919500551914,142.47505723860223,123.3321523798062
2022/07/24,pases barracas central ,Barracas,13:43:45,15:43:30,pase,,00:23:48,00:23:48,0.0,,"167,160",8,9.0,,"167,160",corto,,1428.0,0,0,0,0,0,0,1,0,0,0,0,0,0,0,0,0,0,0,0,0,0,0,0,0,0,0,0,0,0,0,0,0,0,0,0,0,0,0,0,0,0,0,0,0,0,0,0,0,0,0,0,0,0,0,0,0,0,0,0,15.0,167.29562081271476,167.26516283718087,160.36196998459545,159.62196458859634
2022/07/24,pases barracas central ,Barracas,13:43:45,15:43:30,pase,,00:23:50,00:23:50,0.0,,"190,98",10,8.0,,"171,146",corto,,1430.0,0,0,0,0,0,0,0,1,0,0,0,0,0,0,0,0,0,0,0,0,0,0,0,0,0,0,0,0,0,0,0,0,0,0,0,0,0,0,0,0,0,0,0,0,0,0,0,0,0,0,0,0,0,0,0,0,0,0,0,17.0,171.00717949958317,190.33874809550636,146.21980820944228,98.02029647919633
2022/07/24,pases barracas central ,Barracas,13:43:45,15:43:30,perdida,,00:23:51,00:23:51,0.0,,,,8.0,,"154,160",interceptado,,1431.0,0,0,0,0,0,0,0,0,0,0,0,0,0,0,0,0,0,0,0,0,0,0,0,0,0,0,0,0,0,0,0,0,0,0,0,0,0,0,0,0,0,0,0,0,0,0,0,0,0,0,0,0,0,0,0,0,0,0,0,,154.45458055985833,,160.21361667443665,
2022/07/24,pases barracas central ,Barracas,13:43:45,15:43:30,pase,,00:23:54,00:23:54,0.0,,"209,30",9,10.0,,"225,22",corto,,1434.0,0,0,0,0,0,0,1,0,0,0,0,0,0,0,0,0,0,0,0,0,0,0,0,0,0,0,0,0,0,0,0,0,0,0,0,0,0,0,0,0,0,0,0,0,0,0,0,0,0,0,0,0,0,0,0,0,0,0,0,16.0,224.96029659677217,209.04675519762864,22.290224442545064,29.634169497761455
2022/07/24,pases barracas central ,Barracas,13:43:45,15:43:30,falta,,00:23:55,00:23:55,0.0,,,,9.0,,"211,9",recibida,,1435.0,0,0,0,0,0,0,0,0,0,0,0,0,0,0,0,0,0,0,0,0,0,0,0,0,0,1,0,0,0,0,0,0,0,0,0,0,0,0,0,0,0,0,0,0,0,0,0,0,0,0,0,0,0,0,0,0,0,0,0,,210.50600544902971,,9.122465602257247,
2022/07/24,pases barracas central ,Barracas,13:43:45,15:43:30,arquero,,00:26:00,00:26:00,0.0,,,,1.0,,"49,144",rebote/despeje,,1560.0,0,0,0,0,0,0,0,0,0,0,0,0,0,0,0,0,0,0,0,0,0,0,0,0,0,0,0,0,0,0,0,0,0,0,0,0,0,0,0,0,0,0,0,0,0,0,0,0,0,0,0,0,0,0,0,0,0,0,0,,48.907186474543494,,143.6500747956204,
2022/07/24,pases barracas central ,Barracas,13:43:45,15:43:30,pase,,00:26:25,00:26:25,0.0,,"14,44",2,1.0,,"27,84",s arquero pie,,1585.0,0,0,0,0,0,0,0,0,0,0,0,0,0,0,0,0,0,0,0,0,0,0,0,0,0,0,0,0,0,0,0,0,0,0,0,0,0,0,0,0,0,0,0,0,0,0,0,0,0,0,0,0,0,0,0,0,0,1,0,2.0,27.249436098766758,14.432809020638704,83.57609844185649,44.05609013818558
2022/07/24,pases barracas central ,Barracas,13:43:45,15:43:30,pase,,00:26:29,00:26:29,0.0,,"51,98",5,2.0,,"11,56",corto,,1589.0,0,0,0,0,0,0,1,0,0,0,0,0,0,0,0,0,0,0,0,0,0,0,0,0,0,0,0,0,0,0,0,0,0,0,0,0,0,0,0,0,0,0,0,0,0,0,0,0,0,0,0,0,0,0,0,0,0,0,0,8.0,11.203605537776784,50.63489934710202,56.13653646037066,97.77139711818089
2022/07/24,pases barracas central ,Barracas,13:43:45,15:43:30,pase,,00:26:30,00:26:30,0.0,,"38,14",3,5.0,,"60,94",corto,,1590.0,0,0,0,0,0,0,1,0,0,0,0,0,0,0,0,0,0,0,0,0,0,0,0,0,0,0,0,0,0,0,0,0,0,0,0,0,0,0,0,0,0,0,0,0,0,0,0,0,0,0,0,0,0,0,0,0,0,0,0,1.0,59.85817297579985,37.78078365451251,94.02181784817788,14.024045966552364
2022/07/24,pases barracas central ,Barracas,13:43:45,15:43:30,pase,,00:26:33,00:26:33,0.0,,"112,33",5,3.0,,"6,1",corto,,1593.0,0,0,0,0,0,0,0,1,0,0,0,0,0,0,0,0,0,0,0,0,0,0,0,0,0,0,0,0,0,0,0,0,0,0,0,0,0,0,0,0,0,0,0,0,0,0,0,0,0,0,0,0,0,0,0,0,0,0,0,10.0,6.187427760508662,112.31609888760268,0.808350632646011,33.371639496633534
2022/07/24,pases barracas central ,Barracas,13:43:45,15:43:30,perdida,,00:26:33,00:26:33,0.0,,,,3.0,,"12,33",interceptado,,1593.0,0,0,0,0,0,0,0,0,0,0,0,0,0,0,0,0,0,0,0,0,0,0,0,0,0,0,0,0,0,0,0,0,0,0,0,0,0,0,0,0,0,0,0,0,0,0,0,0,0,0,0,0,0,0,0,0,0,0,0,,12.264118275332287,,33.48208690486745,
2022/07/24,pases barracas central ,Barracas,13:43:45,15:43:30,arquero,,00:26:38,00:26:38,0.0,,,,1.0,,"38,96",remate atajable,,1598.0,0,0,0,0,0,0,0,0,0,0,0,0,0,0,0,0,0,0,0,0,0,0,0,0,0,0,0,0,0,0,0,0,0,0,0,0,0,0,0,0,0,0,0,0,0,0,0,0,0,0,0,0,0,0,0,0,0,0,0,,38.407091268402695,,96.05411211362993,
2022/07/24,pases barracas central ,Barracas,13:43:45,15:43:30,pase,,00:26:55,00:26:55,0.0,,"180,71",8,1.0,,"0,87",s arquero pie,,1615.0,0,0,0,0,0,0,0,0,0,0,0,0,0,0,0,0,0,0,0,0,0,0,0,0,0,0,0,0,0,0,0,0,0,0,0,0,0,0,0,0,0,0,0,0,0,0,0,0,0,0,0,0,0,0,0,0,0,1,0,14.0,0.0,179.9121600515527,87.39125153361799,71.05491665388958
2022/07/24,pases barracas central ,Barracas,13:43:45,15:43:30,pase,,00:26:57,00:26:57,0.0,,"206,64",11,8.0,,"160,72",corto,,1617.0,0,0,0,0,0,0,1,0,0,0,0,0,0,0,0,0,0,0,0,0,0,0,0,0,0,0,0,0,0,0,0,0,0,0,0,0,0,0,0,0,0,0,0,0,0,0,0,0,0,0,0,0,0,0,0,0,0,0,0,17.0,160.48627941356312,205.75989569668715,71.84776276519767,64.34786763988495
2022/07/24,pases barracas central ,Barracas,13:43:45,15:43:30,falta,,00:27:00,00:27:00,0.0,,,,11.0,,"177,71",recibida,,1620.0,0,0,0,0,0,0,0,0,0,0,0,0,0,0,0,0,0,0,0,0,0,0,0,0,0,1,0,0,0,0,0,0,0,0,0,0,0,0,0,0,0,0,0,0,0,0,0,0,0,0,0,0,0,0,0,0,0,0,0,,177.1892794082648,,70.59871467162759,
2022/07/24,pases barracas central ,Barracas,13:43:45,15:43:30,pase,,00:28:02,00:28:02,0.0,,"162,27",9,1.0,,"12,86",medio,,1682.0,0,0,0,0,0,0,1,0,0,0,0,0,0,0,0,0,0,0,0,0,0,0,0,0,0,0,0,0,0,0,0,0,0,0,0,0,0,0,0,0,0,0,0,0,0,0,0,0,0,0,0,0,0,0,0,0,0,0,0,13.0,12.080074095332051,161.58736077165466,86.03688039647196,27.124124836253525
2022/07/24,pases barracas central ,Barracas,13:43:45,15:43:30,pase,,00:28:08,00:28:08,0.0,,"159,40",11,9.0,,"156,20",corto,,1688.0,0,0,0,0,0,0,1,0,0,0,0,0,0,0,0,0,0,0,0,0,0,0,0,0,0,0,0,0,0,0,0,0,0,0,0,0,0,0,0,0,0,0,0,0,0,0,0,0,0,0,0,0,0,0,0,0,0,0,0,13.0,155.54935778229296,158.80506296850203,19.637447474992488,39.86161823880534
2022/07/24,pases barracas central ,Barracas,13:43:45,15:43:30,pase,,00:28:11,00:28:11,0.0,,"228,71",10,11.0,,"217,70",corto,,1691.0,0,0,0,0,0,0,1,0,0,0,0,0,0,0,0,0,0,0,0,0,0,0,0,0,0,0,0,0,0,0,0,0,0,0,0,0,0,0,0,0,0,0,0,0,0,0,0,0,0,0,0,0,0,0,0,0,0,0,0,21.0,216.61954651632905,228.04942809367574,69.57245488181547,71.12095997597292
2022/07/24,pases barracas central ,Barracas,13:43:45,15:43:30,pase,,00:28:16,00:28:16,0.0,,"232,87",9,10.0,,"256,33",corto,,1696.0,0,0,0,0,0,0,0,1,0,0,0,0,0,0,0,0,0,0,0,0,0,0,0,0,0,0,0,0,0,0,0,0,0,0,0,0,0,0,0,0,0,0,0,0,0,0,0,0,0,0,0,0,0,0,0,0,0,0,0,21.0,256.04503159669684,231.71849949546544,32.85168158771387,86.76590728115937
2022/07/24,pases barracas central ,Barracas,13:43:45,15:43:30,perdida,,00:28:16,00:28:16,0.0,,,,10.0,,"251,40",interceptado,,1696.0,0,0,0,0,0,0,0,0,0,0,0,0,0,0,0,0,0,0,0,0,0,0,0,0,0,0,0,0,0,0,0,0,0,0,0,0,0,0,0,0,0,0,0,0,0,0,0,0,0,0,0,0,0,0,0,0,0,0,0,,251.35299794071875,,39.91218677301099,
2022/07/24,pases barracas central ,Barracas,13:43:45,15:43:30,falta,,00:28:21,00:28:21,0.0,,,,2.0,,"150,31",hecha,,1701.0,0,0,0,0,0,0,0,0,0,0,0,0,0,0,0,0,0,0,0,0,0,0,0,0,1,0,0,0,0,0,0,0,0,0,0,0,0,0,0,0,0,0,0,0,0,0,0,0,0,0,0,0,0,0,0,0,0,0,0,,150.1851457769929,,31.320076332504726,
2022/07/24,pases barracas central ,Barracas,13:43:45,15:43:30,pase,,00:29:02,00:29:02,0.0,,"29,71",2,1.0,,"17,78",corto,,1742.0,0,0,0,0,0,0,1,0,0,0,0,0,0,0,0,0,0,0,0,0,0,0,0,0,0,0,0,0,0,0,0,0,0,0,0,0,0,0,0,0,0,0,0,0,0,0,0,0,0,0,0,0,0,0,0,0,0,0,0,3.0,17.236817924936577,29.41285922094537,77.55176481056878,70.95728464161377
2022/07/24,pases barracas central ,Barracas,13:43:45,15:43:30,pase,,00:29:05,00:29:05,0.0,,"17,13",3,2.0,,"19,48",corto,,1745.0,0,0,0,0,0,0,1,0,0,0,0,0,0,0,0,0,0,0,0,0,0,0,0,0,0,0,0,0,0,0,0,0,0,0,0,0,0,0,0,0,0,0,0,0,0,0,0,0,0,0,0,0,0,0,0,0,0,0,0,1.0,19.187581281503693,17.453754528341676,47.83777195991157,13.325911659264527
2022/07/24,pases barracas central ,Barracas,13:43:45,15:43:30,pase,,00:29:09,00:29:09,0.0,,"190,4",11,3.0,,"23,36",largo,,1749.0,0,0,0,0,0,0,0,1,0,0,0,0,0,0,0,0,0,0,0,0,0,0,0,0,0,0,0,0,0,0,0,0,0,0,0,0,0,0,0,0,0,0,0,0,0,0,0,0,0,0,0,0,0,0,0,0,0,0,0,16.0,23.28034029498402,189.6638167466003,35.784386740460924,4.473580118519816
2022/07/24,pases barracas central ,Barracas,13:43:45,15:43:30,perdida,,00:29:09,00:29:09,0.0,,,,3.0,,"22,38",balon afuera fondo,,1749.0,0,0,0,0,0,0,0,0,0,0,0,0,0,0,0,0,0,0,0,0,0,0,0,0,0,0,0,0,0,0,0,0,0,0,0,0,0,0,0,0,0,0,0,0,0,0,0,0,0,0,0,0,0,0,0,0,0,0,0,,21.559733096215837,,37.910457460817575,
2022/07/24,pases barracas central ,Barracas,13:43:45,15:43:30,pase,,00:29:50,00:29:50,0.0,,"202,66",9,1.0,,"24,67",s arquero pie,,1790.0,0,0,0,0,0,0,0,0,0,0,0,0,0,0,0,0,0,0,0,0,0,0,0,0,0,0,0,0,0,0,0,0,0,0,0,0,0,0,0,0,0,0,0,0,0,0,0,0,0,0,0,0,0,0,0,0,0,1,0,17.0,23.946921935259297,202.00102916482982,66.58376576453524,66.36647589911075
2022/07/24,pases barracas central ,Barracas,13:43:45,15:43:30,perdida,,00:29:50,00:29:50,0.0,,,,1.0,,"22,64",interceptado,,1790.0,0,0,0,0,0,0,0,0,0,0,0,0,0,0,0,0,0,0,0,0,0,0,0,0,0,0,0,0,0,0,0,0,0,0,0,0,0,0,0,0,0,0,0,0,0,0,0,0,0,0,0,0,0,0,0,0,0,0,0,,21.810826898138984,,64.09264475428243,
2022/07/24,pases barracas central ,Barracas,13:43:45,15:43:30,falta,,00:30:03,00:30:03,0.0,,,,7.0,,"188,157",hecha,,1803.0,0,0,0,0,0,0,0,0,0,0,0,0,0,0,0,0,0,0,0,0,0,0,0,0,1,0,0,0,0,0,0,0,0,0,0,0,0,0,0,0,0,0,0,0,0,0,0,0,0,0,0,0,0,0,0,0,0,0,0,,188.1030888956876,,157.1956983337132,
2022/07/24,pases barracas central ,Barracas,13:43:45,15:43:30,arquero,,00:31:53,00:31:53,0.0,Facil,,,1.0,,"80,134",salvada/atajada,,1913.0,0,0,0,0,0,0,0,0,0,0,0,0,0,0,0,0,0,0,0,0,0,0,0,0,0,0,0,0,0,0,0,0,0,0,0,0,0,0,0,0,0,0,0,0,0,0,0,0,0,0,0,0,1,0,0,0,0,0,0,,80.426671160626,,133.77683744777238,
2022/07/24,pases barracas central ,Barracas,13:43:45,15:43:30,pase,,00:32:02,00:32:02,0.0,,"40,95",2,1.0,,"29,77",s arquero mano,,1922.0,0,0,0,0,0,0,0,0,0,0,0,0,0,0,0,0,0,0,0,0,0,0,0,0,0,0,0,0,0,0,0,0,0,0,0,0,0,0,0,0,0,0,0,0,0,0,0,0,0,0,0,0,0,0,0,0,1,0,0,4.0,29.47921087727935,39.79912666090318,76.71966144215557,94.5360686461922
2022/07/24,pases barracas central ,Barracas,13:43:45,15:43:30,pase,,00:32:16,00:32:16,0.0,,"201,141",7,2.0,,"59,38",largo,,1936.0,0,0,0,0,0,0,1,0,0,0,0,0,0,0,0,0,0,0,0,0,0,0,0,0,0,0,0,0,0,0,0,0,0,0,0,0,0,0,0,0,0,0,0,0,0,0,0,0,0,0,0,0,0,0,0,0,0,0,0,18.0,58.536776809074,201.28864264363048,37.89520899796023,140.99612110260688
2022/07/24,pases barracas central ,Barracas,13:43:45,15:43:30,pase,,00:32:21,00:32:21,0.0,,"264,75",9,7.0,,"237,162",centro aereo,,1941.0,0,0,0,0,0,0,0,1,0,0,0,0,0,0,0,0,0,0,0,0,0,0,0,0,0,0,0,0,0,0,0,0,0,0,0,0,0,0,0,0,0,0,0,0,0,0,0,0,0,0,0,0,0,0,0,0,0,0,0,22.0,237.17134728286976,263.9259877155781,162.0,75.44846550589182
2022/07/24,pases barracas central ,Barracas,13:43:45,15:43:30,perdida,,00:32:22,00:32:22,0.0,,,,7.0,,"235,157",atajada,,1942.0,0,0,0,0,0,0,0,0,0,0,0,0,0,0,0,0,0,0,0,0,0,0,0,0,0,0,0,0,0,0,0,0,0,0,0,0,0,0,0,0,0,0,0,0,0,0,0,0,0,0,0,0,0,0,0,0,0,0,0,,235.38096056461384,,156.80953567586704,
2022/07/24,pases barracas central ,Barracas,13:43:45,15:43:30,falta,,00:32:58,00:32:58,0.0,,,,11.0,,"119,3",recibida,,1978.0,0,0,0,0,0,0,0,0,0,0,0,0,0,0,0,0,0,0,0,0,0,0,0,0,0,1,0,0,0,0,0,0,0,0,0,0,0,0,0,0,0,0,0,0,0,0,0,0,0,0,0,0,0,0,0,0,0,0,0,,119.4278206378228,,3.0114119616083705,
2022/07/24,pases barracas central ,Barracas,13:43:45,15:43:30,pase,,00:33:30,00:33:30,0.0,,"196,69",11,1.0,,"81,77",medio,,2010.0,0,0,0,0,0,0,1,0,0,0,0,0,0,0,0,0,0,0,0,0,0,0,0,0,0,0,0,0,0,0,0,0,0,0,0,0,0,0,0,0,0,0,0,0,0,0,0,0,0,0,0,0,0,0,0,0,0,0,0,17.0,80.7661700418594,196.22947967101672,77.26675438276799,69.38001600948994
2022/07/24,pases barracas central ,Barracas,13:43:45,15:43:30,pase,,00:33:33,00:33:33,0.0,,"246,40",9,11.0,,"203,96",corto,,2013.0,0,0,0,0,0,0,1,0,0,0,0,0,0,0,0,0,0,0,0,0,0,0,0,0,0,0,0,0,0,0,0,0,0,0,0,0,0,0,0,0,0,0,0,0,0,0,0,0,0,0,0,0,0,0,0,0,0,0,0,20.0,202.5925516718617,246.31571411040466,96.40222967194228,40.035034349456055
2022/07/24,pases barracas central ,Barracas,13:43:45,15:43:30,pase,,00:33:38,00:33:38,0.0,,"217,27",10,9.0,,"245,40",corto,,2018.0,0,0,0,0,0,0,1,0,0,0,0,0,0,0,0,0,0,0,0,0,0,0,0,0,0,0,0,0,0,0,0,0,0,0,0,0,0,0,0,0,0,0,0,0,0,0,0,0,0,0,0,0,0,0,0,0,0,0,0,16.0,244.66965990475225,217.1323222808576,39.580089997633664,26.60620164928287
2022/07/24,pases barracas central ,Barracas,13:43:45,15:43:30,falta,,00:33:46,00:33:46,0.0,,,,10.0,,"267,22",hecha,,2026.0,0,0,0,0,0,0,0,0,0,0,0,0,0,0,0,0,0,0,0,0,0,0,0,0,1,0,0,0,0,0,0,0,0,0,0,0,0,0,0,0,0,0,0,0,0,0,0,0,0,0,0,0,0,0,0,0,0,0,0,,267.32283879343845,,22.10567189507447,
2022/07/24,pases barracas central ,Barracas,13:43:45,15:43:30,falta,,00:34:49,00:34:49,0.0,,,,9.0,,"177,131",hecha,,2089.0,0,0,0,0,0,0,0,0,0,0,0,0,0,0,0,0,0,0,0,0,0,0,0,0,1,0,0,0,0,0,0,0,0,0,0,0,0,0,0,0,0,0,0,0,0,0,0,0,0,0,0,0,0,0,0,0,0,0,0,,177.3578317213885,,130.72331378311276,
2022/07/24,pases barracas central ,Barracas,13:43:45,15:43:30,falta,,00:35:39,00:35:39,0.0,,,,7.0,,"193,156",offside,,2139.0,0,0,0,0,0,0,0,0,0,0,0,0,0,0,0,0,0,0,0,0,0,0,0,0,0,0,0,0,1,0,0,0,0,0,0,0,0,0,0,0,0,0,0,0,0,0,0,0,0,0,0,0,0,0,0,0,0,0,0,,192.6500144234458,,155.63680909417252,
2022/07/24,pases barracas central ,Barracas,13:43:45,15:43:30,falta,,00:36:22,00:36:22,0.0,,,,8.0,,"109,87",recibida,,2182.0,0,0,0,0,0,0,0,0,0,0,0,0,0,0,0,0,0,0,0,0,0,0,0,0,0,1,0,0,0,0,0,0,0,0,0,0,0,0,0,0,0,0,0,0,0,0,0,0,0,0,0,0,0,0,0,0,0,0,0,,108.93895862982298,,87.11801603415424,
2022/07/24,pases barracas central ,Barracas,13:43:45,15:43:30,pase,,00:38:56,00:38:56,0.0,,"190,80",11,9.0,,"197,40",corto,,2336.0,0,0,0,0,0,0,1,0,0,0,0,0,0,0,0,0,0,0,0,0,0,0,0,0,0,0,0,0,0,0,0,0,0,0,0,0,0,0,0,0,0,0,0,0,0,0,0,0,0,0,0,0,0,0,0,0,0,0,0,17.0,197.25066934976894,189.74250815938427,40.02344833087744,80.06853882235092
2022/07/24,pases barracas central ,Barracas,13:43:45,15:43:30,pase,,00:38:58,00:38:58,0.0,,"205,133",7,9.0,,"206,95",corto,,2338.0,0,0,0,0,0,0,1,0,0,0,0,0,0,0,0,0,0,0,0,0,0,0,0,0,0,0,0,0,0,0,0,0,0,0,0,0,0,0,0,0,0,0,0,0,0,0,0,0,0,0,0,0,0,0,0,0,0,0,0,18.0,205.96672764420583,204.5290328945308,95.46127339849765,133.3282133986729
2022/07/24,pases barracas central ,Barracas,13:43:45,15:43:30,pase,,00:39:00,00:39:00,0.0,,"237,95",9,7.0,,"206,138",corto,,2340.0,0,0,0,0,0,0,1,0,0,0,0,0,0,0,0,0,0,0,0,0,0,0,0,0,0,0,0,0,0,0,0,0,0,0,0,0,0,0,0,0,0,0,0,0,0,0,0,0,0,0,0,0,0,0,0,0,0,0,0,21.0,206.30097517556513,236.56153207053976,138.17640289589082,95.25187681262665
2022/07/24,pases barracas central ,Barracas,13:43:45,15:43:30,falta,,00:41:39,00:41:39,0.0,,,,10.0,,"23,25",recibida,,2499.0,0,0,0,0,0,0,0,0,0,0,0,0,0,0,0,0,0,0,0,0,0,0,0,0,0,1,0,0,0,0,0,0,0,0,0,0,0,0,0,0,0,0,0,0,0,0,0,0,0,0,0,0,0,0,0,0,0,0,0,,23.23587588998802,,25.04251590526294,
2022/07/24,pases barracas central ,Barracas,13:43:45,15:43:30,pase,,00:42:15,00:42:15,0.0,,"21,129",6,1.0,,"8,99",corto,,2535.0,0,0,0,0,0,0,1,0,0,0,0,0,0,0,0,0,0,0,0,0,0,0,0,0,0,0,0,0,0,0,0,0,0,0,0,0,0,0,0,0,0,0,0,0,0,0,0,0,0,0,0,0,0,0,0,0,0,0,0,5.0,7.926766556686346,20.731726323969646,98.53706197827424,128.6955956291753
2022/07/24,pases barracas central ,Barracas,13:43:45,15:43:30,pase,,00:42:21,00:42:21,0.0,,"29,98",1,6.0,,"8,162",corto,,2541.0,0,0,0,0,0,0,1,0,0,0,0,0,0,0,0,0,0,0,0,0,0,0,0,0,0,0,0,0,0,0,0,0,0,0,0,0,0,0,0,0,0,0,0,0,0,0,0,0,0,0,0,0,0,0,0,0,0,0,0,5.0,7.985431271601042,29.271669502383556,162.0,98.37579164024382
2022/07/24,pases barracas central ,Barracas,13:43:45,15:43:30,pase,,00:42:26,00:42:26,0.0,,"172,12",3,1.0,,"39,68",medio,,2546.0,0,0,0,0,0,0,1,0,0,0,0,0,0,0,0,0,0,0,0,0,0,0,0,0,0,0,0,0,0,0,0,0,0,0,0,0,0,0,0,0,0,0,0,0,0,0,0,0,0,0,0,0,0,0,0,0,0,0,0,13.0,38.716869117359224,171.80936982888892,68.07245788006418,12.177523664631828
2022/07/24,pases barracas central ,Barracas,13:43:45,15:43:30,pase,,00:42:28,00:42:28,0.0,,"201,62",9,3.0,,"162,14",corto,,2548.0,0,0,0,0,0,0,0,1,0,0,0,0,0,0,0,0,0,0,0,0,0,0,0,0,0,0,0,0,0,0,0,0,0,0,0,0,0,0,0,0,0,0,0,0,0,0,0,0,0,0,0,0,0,0,0,0,0,0,0,17.0,161.83665469482798,200.8218945756209,13.983488492809943,61.532844394883085
2022/07/24,pases barracas central ,Barracas,13:43:45,15:43:30,perdida,,00:42:28,00:42:28,0.0,,,,3.0,,"169,41",interceptado,,2548.0,0,0,0,0,0,0,0,0,0,0,0,0,0,0,0,0,0,0,0,0,0,0,0,0,0,0,0,0,0,0,0,0,0,0,0,0,0,0,0,0,0,0,0,0,0,0,0,0,0,0,0,0,0,0,0,0,0,0,0,,169.42789302731634,,40.528215543457435,
2022/07/24,pases barracas central ,Barracas,13:43:45,15:43:30,pase,,00:43:31,00:43:31,0.0,,"51,19",3,1.0,,"13,90",s arquero pie,,2611.0,0,0,0,0,0,0,0,0,0,0,0,0,0,0,0,0,0,0,0,0,0,0,0,0,0,0,0,0,0,0,0,0,0,0,0,0,0,0,0,0,0,0,0,0,0,0,0,0,0,0,0,0,0,0,0,0,0,1,0,7.0,12.832640781699055,50.854667555060736,90.22278106886597,18.88898582686923
2022/07/24,pases barracas central ,Barracas,13:43:45,15:43:30,pase,,00:43:35,00:43:35,0.0,,"194,69",10,3.0,,"85,9",medio,,2615.0,0,0,0,0,0,0,0,1,0,0,0,0,0,0,0,0,0,0,0,0,0,0,0,0,0,0,0,0,0,0,0,0,0,0,0,0,0,0,0,0,0,0,0,0,0,0,0,0,0,0,0,0,0,0,0,0,0,0,0,17.0,84.95977738312436,193.71413358802005,8.609707320106942,68.91900111816415
2022/07/24,pases barracas central ,Barracas,13:43:45,15:43:30,perdida,,00:43:38,00:43:38,0.0,,,,3.0,,"55,42",interceptado,,2618.0,0,0,0,0,0,0,0,0,0,0,0,0,0,0,0,0,0,0,0,0,0,0,0,0,0,0,0,0,0,0,0,0,0,0,0,0,0,0,0,0,0,0,0,0,0,0,0,0,0,0,0,0,0,0,0,0,0,0,0,,54.69621532373998,,41.83466887509464,
2022/07/24,pases barracas central ,Barracas,13:43:45,15:43:30,pase,,00:44:08,00:44:08,0.0,,"78,80",1,2.0,,"68,9",corto,,2648.0,0,0,0,0,0,0,1,0,0,0,0,0,0,0,0,0,0,0,0,0,0,0,0,0,0,0,0,0,0,0,0,0,0,0,0,0,0,0,0,0,0,0,0,0,0,0,0,0,0,0,0,0,0,0,0,0,0,0,0,8.0,67.96005592068693,78.49614581996093,9.059908083675946,80.08344498765986
2022/07/24,pases barracas central ,Barracas,13:43:45,15:43:30,pase,,00:44:13,00:44:13,0.0,,"220,130",7,1.0,,"64,64",largo,,2653.0,0,0,0,0,0,0,0,1,0,0,0,0,0,0,0,0,0,0,0,0,0,0,0,0,0,0,0,0,0,0,0,0,0,0,0,0,0,0,0,0,0,0,0,0,0,0,0,0,0,0,0,0,0,0,0,0,0,0,0,18.0,64.39541595591433,219.5625265748967,64.22894807766606,129.74170758555601
2022/07/24,pases barracas central ,Barracas,13:43:45,15:43:30,perdida,,00:44:16,00:44:16,0.0,,,,1.0,,"63,72",interceptado,,2656.0,0,0,0,0,0,0,0,0,0,0,0,0,0,0,0,0,0,0,0,0,0,0,0,0,0,0,0,0,0,0,0,0,0,0,0,0,0,0,0,0,0,0,0,0,0,0,0,0,0,0,0,0,0,0,0,0,0,0,0,,62.63457935214917,,72.39491197321757,
2022/07/24,pases barracas central ,Barracas,13:43:45,15:43:30,falta,,00:45:20,00:45:20,0.0,,,,2.0,,"113,78",recibida,,2720.0,0,0,0,0,0,0,0,0,0,0,0,0,0,0,0,0,0,0,0,0,0,0,0,0,0,1,0,0,0,0,0,0,0,0,0,0,0,0,0,0,0,0,0,0,0,0,0,0,0,0,0,0,0,0,0,0,0,0,0,,113.39473259834818,,78.15722903905359,
2022/07/24,pases barracas central ,Barracas,13:43:45,15:43:30,pase,,00:46:22,00:46:22,0.0,,"51,87",1,5.0,,"74,144",corto,,2782.0,0,0,0,0,0,0,1,0,0,0,0,0,0,0,0,0,0,0,0,0,0,0,0,0,0,0,0,0,0,0,0,0,0,0,0,0,0,0,0,0,0,0,0,0,0,0,0,0,0,0,0,0,0,0,0,0,0,0,0,8.0,73.53581880575499,51.36301271232442,144.30046725363619,87.41475329062231
2022/07/24,pases barracas central ,Barracas,13:43:45,15:43:30,pase,,00:46:30,00:46:30,0.0,,"215,143",7,1.0,,"72,66",medio,,2790.0,0,0,0,0,0,0,0,1,0,0,0,0,0,0,0,0,0,0,0,0,0,0,0,0,0,0,0,0,0,0,0,0,0,0,0,0,0,0,0,0,0,0,0,0,0,0,0,0,0,0,0,0,0,0,0,0,0,0,0,18.0,72.35565942857639,215.15015121071025,66.40984531679001,142.55289946961744
2022/07/24,pases barracas central ,Barracas,13:43:45,15:43:30,perdida,,00:46:30,00:46:30,0.0,,,,1.0,,"63,90",interceptado,,2790.0,0,0,0,0,0,0,0,0,0,0,0,0,0,0,0,0,0,0,0,0,0,0,0,0,0,0,0,0,0,0,0,0,0,0,0,0,0,0,0,0,0,0,0,0,0,0,0,0,0,0,0,0,0,0,0,0,0,0,0,,63.21801705885749,,89.74988798226107,
2022/07/24,pases barracas central ,Barracas,13:43:45,15:43:30,tarjeta,,00:48:18,00:48:18,0.0,,,,11.0,,"239,102",amarilla,,2898.0,0,0,0,0,0,0,0,0,0,0,0,0,0,0,0,0,0,0,0,0,0,0,0,0,0,0,0,0,0,1,0,0,0,0,0,0,0,0,0,0,0,0,0,0,0,0,0,0,0,0,0,0,0,0,0,0,0,0,0,,238.63065768849947,,102.38950954137147,
2022/07/24,pases barracas central ,Barracas,13:43:45,15:43:30,falta,,01:04:11,01:04:11,0.0,,,,4.0,,"96,125",recibida,,3851.0,0,0,0,0,0,0,0,0,0,0,0,0,0,0,0,0,0,0,0,0,0,0,0,0,0,1,0,0,0,0,0,0,0,0,0,0,0,0,0,0,0,0,0,0,0,0,0,0,0,0,0,0,0,0,0,0,0,0,0,,95.60199409477123,,124.53002184056339,
2022/07/24,pases barracas central ,Barracas,13:43:45,15:43:30,pase,,01:04:47,01:04:47,0.0,,"245,93",9,11.0,,"252,82",corto,,3887.0,0,0,0,0,0,1,1,0,0,0,0,0,0,0,0,0,0,0,0,0,0,0,0,0,0,0,0,0,0,0,0,0,0,0,0,0,0,0,0,0,0,0,0,0,0,0,0,0,0,0,0,0,0,0,0,0,0,0,0,22.0,251.71210153905486,245.34018240404416,81.56578421165783,93.36581549969722
2022/07/24,pases barracas central ,Barracas,13:43:45,15:43:30,remate pie,,01:04:49,01:04:49,0.0,,"247,82",Rival,9.0,,"261,86",corta distancia,,3889.0,1,0,0,0,0,0,0,0,0,0,0,0,0,0,0,0,0,0,0,0,0,0,0,0,0,0,0,0,0,0,0,0,0,0,0,0,0,0,0,0,0,0,0,0,0,0,0,0,0,0,0,0,0,0,0,0,0,0,0,22.0,261.01338894200154,246.60760525524546,86.4467197438439,81.83449733811354
2022/07/24,pases barracas central ,Barracas,13:43:45,15:43:30,gol,,01:04:50,01:04:50,0.0,,,,9.0,,"249,99",directa,,3890.0,0,0,0,0,0,0,0,0,0,0,0,0,0,0,0,0,0,0,0,0,0,0,0,0,0,0,0,0,0,0,0,0,0,0,0,0,0,0,0,0,0,0,0,0,0,0,0,0,0,0,0,0,0,0,0,0,0,0,0,,249.22564145770997,,98.8091943590891,
2022/07/24,pases barracas central ,Barracas,13:43:45,15:43:30,falta,,01:06:28,01:06:28,0.0,,,,3.0,,"191,19",hecha,,3988.0,0,0,0,0,0,0,0,0,0,0,0,0,0,0,0,0,0,0,0,0,0,0,0,0,1,0,0,0,0,0,0,0,0,0,0,0,0,0,0,0,0,0,0,0,0,0,0,0,0,0,0,0,0,0,0,0,0,0,0,,190.64689602603707,,19.14769554907266,
2022/07/24,pases barracas central ,Barracas,13:43:45,15:43:30,falta,,01:07:07,01:07:07,0.0,,,,7.0,,"177,63",hecha,,4027.0,0,0,0,0,0,0,0,0,0,0,0,0,0,0,0,0,0,0,0,0,0,0,0,0,1,0,0,0,0,0,0,0,0,0,0,0,0,0,0,0,0,0,0,0,0,0,0,0,0,0,0,0,0,0,0,0,0,0,0,,176.83676179848328,,62.892111868684076,
2022/07/24,pases barracas central ,Barracas,13:43:45,15:43:30,pase,,01:08:17,01:08:17,0.0,,"109,121",4,1.0,,"22,83",s arquero pie,,4097.0,0,0,0,0,0,0,0,0,0,0,0,0,0,0,0,0,0,0,0,0,0,0,0,0,0,0,0,0,0,0,0,0,0,0,0,0,0,0,0,0,0,0,0,0,0,0,0,0,0,0,0,0,0,0,0,0,0,1,0,12.0,22.361071087316954,108.90709992520519,82.97059303666114,120.75315117093601
2022/07/24,pases barracas central ,Barracas,13:43:45,15:43:30,falta,,01:08:23,01:08:23,0.0,,,,4.0,,"90,125",hecha,,4103.0,0,0,0,0,0,0,0,0,0,0,0,0,0,0,0,0,0,0,0,0,0,0,0,0,1,0,0,0,0,0,0,0,0,0,0,0,0,0,0,0,0,0,0,0,0,0,0,0,0,0,0,0,0,0,0,0,0,0,0,,90.15523759368018,,124.95739305892074,
2022/07/24,pases barracas central ,Barracas,13:43:45,15:43:30,arquero,,01:10:39,01:10:39,0.0,,,,1.0,Bueno,"18,162",salvada/atajada,,4239.0,0,0,0,0,0,0,0,0,0,0,0,0,0,0,0,0,0,0,0,0,0,0,0,0,0,0,0,0,0,0,0,0,0,0,0,0,0,0,0,0,0,0,0,0,0,0,0,0,0,0,0,0,1,0,0,0,0,0,0,,17.968968993780084,,162.0,
2022/07/24,pases barracas central ,Barracas,13:43:45,15:43:30,pase,,01:10:47,01:10:47,0.0,,"208,142",8,1.0,,"8,87",s arquero pie,,4247.0,0,0,0,0,0,0,0,0,0,0,0,0,0,0,0,0,0,0,0,0,0,0,0,0,0,0,0,0,0,0,0,0,0,0,0,0,0,0,0,0,0,0,0,0,0,0,0,0,0,0,0,0,0,0,0,0,0,1,0,18.0,7.653348729728203,208.19756849513956,87.23727139114598,142.0787548809875
2022/07/24,pases barracas central ,Barracas,13:43:45,15:43:30,perdida,,01:10:49,01:10:49,0.0,,,,1.0,,"4,80",interceptado,,4249.0,0,0,0,0,0,0,0,0,0,0,0,0,0,0,0,0,0,0,0,0,0,0,0,0,0,0,0,0,0,0,0,0,0,0,0,0,0,0,0,0,0,0,0,0,0,0,0,0,0,0,0,0,0,0,0,0,0,0,0,,4.430801614703855,,80.08418466128202,
2022/07/24,pases barracas central ,Barracas,13:43:45,15:43:30,falta,,01:13:03,01:13:03,0.0,,,,7.0,,"146,130",recibida,,4383.0,0,0,0,0,0,0,0,0,0,0,0,0,0,0,0,0,0,0,0,0,0,0,0,0,0,1,0,0,0,0,0,0,0,0,0,0,0,0,0,0,0,0,0,0,0,0,0,0,0,0,0,0,0,0,0,0,0,0,0,,146.4192611911985,,130.1902068211758,
2022/07/24,pases barracas central ,Barracas,13:43:45,15:43:30,remate pie,,01:13:42,01:13:42,0.0,,"260,62",Rival,9.0,,"254,91",corta distancia,,4422.0,0,1,0,0,0,0,0,0,0,0,0,0,0,0,0,0,0,0,0,0,0,0,0,0,0,0,0,0,0,0,0,0,0,0,0,0,0,0,0,0,0,0,0,0,0,0,0,0,0,0,0,0,0,0,0,0,0,0,0,22.0,253.58236154963203,259.5843950674559,91.27669651783562,61.945390059571736
2022/07/24,pases barracas central ,Barracas,13:43:45,15:43:30,perdida,,01:13:42,01:13:42,0.0,,,,9.0,,"218,100",balon afuera fondo,,4422.0,0,0,0,0,0,0,0,0,0,0,0,0,0,0,0,0,0,0,0,0,0,0,0,0,0,0,0,0,0,0,0,0,0,0,0,0,0,0,0,0,0,0,0,0,0,0,0,0,0,0,0,0,0,0,0,0,0,0,0,,218.40347710395386,,99.76556634673304,
2022/07/24,pases barracas central ,Barracas,13:43:45,15:43:30,pase,,01:14:02,01:14:02,0.0,,"100,155",10,4.0,,"111,153",corto,,4442.0,0,0,0,0,0,0,1,0,0,0,0,0,0,0,0,0,0,0,0,0,0,0,0,0,0,0,0,0,0,0,0,0,0,0,0,0,0,0,0,0,0,0,0,0,0,0,0,0,0,0,0,0,0,0,0,0,0,0,0,12.0,111.42073962490333,99.9416095557513,152.98305359790712,154.89042662270043
2022/07/24,pases barracas central ,Barracas,13:43:45,15:43:30,pase,,01:14:07,01:14:07,0.0,,"215,90",11,10.0,,"147,68",corto,,4447.0,0,0,0,0,0,0,0,1,0,0,0,0,0,0,0,0,0,0,0,0,0,0,0,0,0,0,0,0,0,0,0,0,0,0,0,0,0,0,0,0,0,0,0,0,0,0,0,0,0,0,0,0,0,0,0,0,0,0,0,17.0,146.5771955798213,215.1748646677505,68.15285423735757,89.8053682742551
2022/07/24,pases barracas central ,Barracas,13:43:45,15:43:30,perdida,,01:14:07,01:14:07,0.0,,,,10.0,,"153,83",interceptado,,4447.0,0,0,0,0,0,0,0,0,0,0,0,0,0,0,0,0,0,0,0,0,0,0,0,0,0,0,0,0,0,0,0,0,0,0,0,0,0,0,0,0,0,0,0,0,0,0,0,0,0,0,0,0,0,0,0,0,0,0,0,,153.10657304122793,,83.19802036586148,
2022/07/24,pases barracas central ,Barracas,13:43:45,15:43:30,pase,,01:14:13,01:14:13,0.0,,"167,71",10,8.0,,"118,95",corto,,4453.0,0,0,0,0,0,0,1,0,0,0,0,0,0,0,0,0,0,0,0,0,0,0,0,0,0,0,0,0,0,0,0,0,0,0,0,0,0,0,0,0,0,0,0,0,0,0,0,0,0,0,0,0,0,0,0,0,0,0,0,14.0,118.46667727629416,166.97211667502233,94.56471045032099,70.79299848495242
2022/07/24,pases barracas central ,Barracas,13:43:45,15:43:30,falta,,01:14:23,01:14:23,0.0,,,,6.0,,"23,25",recibida,,4463.0,0,0,0,0,0,0,0,0,0,0,0,0,0,0,0,0,0,0,0,0,0,0,0,0,0,1,0,0,0,0,0,0,0,0,0,0,0,0,0,0,0,0,0,0,0,0,0,0,0,0,0,0,0,0,0,0,0,0,0,,23.2300427033775,,24.82691987278639,
2022/07/24,pases barracas central ,Barracas,13:43:45,15:43:30,falta,,01:16:22,01:16:22,0.0,,,,9.0,,"236,44",offside,,4582.0,0,0,0,0,0,0,0,0,0,0,0,0,0,0,0,0,0,0,0,0,0,0,0,0,0,0,0,0,1,0,0,0,0,0,0,0,0,0,0,0,0,0,0,0,0,0,0,0,0,0,0,0,0,0,0,0,0,0,0,,236.29493097101178,,43.95234820509907,
2022/07/24,pases barracas central ,Barracas,13:43:45,15:43:30,pase,,01:17:24,01:17:24,0.0,,"31,41",2,1.0,,"2,95",s arquero pie,,4644.0,0,0,0,0,0,0,0,0,0,0,0,0,0,0,0,0,0,0,0,0,0,0,0,0,0,0,0,0,0,0,0,0,0,0,0,0,0,0,0,0,0,0,0,0,0,0,0,0,0,0,0,0,0,0,0,0,0,1,0,2.0,1.5822885612811213,30.92831975737235,94.85955743127099,40.908631647915726
2022/07/24,pases barracas central ,Barracas,13:43:45,15:43:30,pase,,01:17:31,01:17:31,0.0,,"147,14",10,2.0,,"87,25",corto,,4651.0,0,0,0,0,0,0,0,1,0,0,0,0,0,0,0,0,0,0,0,0,0,0,0,0,0,0,0,0,0,0,0,0,0,0,0,0,0,0,0,0,0,0,0,0,0,0,0,0,0,0,0,0,0,0,0,0,0,0,0,13.0,87.46824028700456,146.61188792630134,25.248045278884977,13.941154522462561
2022/07/24,pases barracas central ,Barracas,13:43:45,15:43:30,perdida,,01:17:30,01:17:30,0.0,,,,2.0,,"86,12",interceptado,,4650.0,0,0,0,0,0,0,0,0,0,0,0,0,0,0,0,0,0,0,0,0,0,0,0,0,0,0,0,0,0,0,0,0,0,0,0,0,0,0,0,0,0,0,0,0,0,0,0,0,0,0,0,0,0,0,0,0,0,0,0,,86.44886594266058,,11.752886099142719,
2022/07/24,pases barracas central ,Barracas,13:43:45,15:43:30,pase,,01:20:16,01:20:16,0.0,,"126,11",10,5.0,,"65,37",corto,,4816.0,0,0,0,0,0,0,1,0,0,0,0,0,0,0,0,0,0,0,0,0,0,0,0,0,0,0,0,0,0,0,0,0,0,0,0,0,0,0,0,0,0,0,0,0,0,0,0,0,0,0,0,0,0,0,0,0,0,0,0,10.0,65.31045788457786,126.16348311847764,37.12654977109382,11.3600895204853
2022/07/24,pases barracas central ,Barracas,13:43:45,15:43:30,pase,,01:20:40,01:20:40,0.0,,"33,70",6,2.0,,"6,26",corto,,4840.0,0,0,0,0,0,0,1,0,0,0,0,0,0,0,0,0,0,0,0,0,0,0,0,0,0,0,0,0,0,0,0,0,0,0,0,0,0,0,0,0,0,0,0,0,0,0,0,0,0,0,0,0,0,0,0,0,0,0,0,4.0,6.403093456838469,33.44404691009203,25.752380562057887,69.68009396960781
2022/07/24,pases barracas central ,Barracas,13:43:45,15:43:30,pase,,01:20:46,01:20:46,0.0,,"219,153",7,6.0,,"61,160",medio,,4846.0,0,0,0,0,0,0,0,1,0,0,0,0,0,0,0,0,0,0,0,0,0,0,0,0,0,0,0,0,0,0,0,0,0,0,0,0,0,0,0,0,0,0,0,0,0,0,0,0,0,0,0,0,0,0,0,0,0,0,0,18.0,61.07859954420808,219.00011093189406,159.6664251100268,153.14145592728323
2022/07/24,pases barracas central ,Barracas,13:43:45,15:43:30,perdida,,01:20:48,01:20:48,0.0,,,,6.0,,"82,127",interceptado,,4848.0,0,0,0,0,0,0,0,0,0,0,0,0,0,0,0,0,0,0,0,0,0,0,0,0,0,0,0,0,0,0,0,0,0,0,0,0,0,0,0,0,0,0,0,0,0,0,0,0,0,0,0,0,0,0,0,0,0,0,0,,81.75802341571885,,126.71349019306446,
2022/07/24,pases barracas central ,Barracas,13:43:45,15:43:30,pase,,01:21:12,01:21:12,0.0,,"199,76",11,7.0,,"140,153",corto,,4872.0,0,0,0,0,0,0,0,1,0,0,0,0,0,0,0,0,0,0,0,0,0,0,0,0,0,0,0,0,0,0,0,0,0,0,0,0,0,0,0,0,0,0,0,0,0,0,0,0,0,0,0,0,0,0,0,0,0,0,0,17.0,140.37016111070332,198.87706536529362,153.07181315020404,76.497098898017
2022/07/24,pases barracas central ,Barracas,13:43:45,15:43:30,perdida,,01:21:15,01:21:15,0.0,,,,7.0,,"152,138",interceptado,,4875.0,0,0,0,0,0,0,0,0,0,0,0,0,0,0,0,0,0,0,0,0,0,0,0,0,0,0,0,0,0,0,0,0,0,0,0,0,0,0,0,0,0,0,0,0,0,0,0,0,0,0,0,0,0,0,0,0,0,0,0,,152.39535353450037,,138.4861938240809,
2022/07/24,pases barracas central ,Barracas,13:43:45,15:43:30,falta,,01:21:49,01:21:49,0.0,,,,8.0,,"123,83",recibida,,4909.0,0,0,0,0,0,0,0,0,0,0,0,0,0,0,0,0,0,0,0,0,0,0,0,0,0,1,0,0,0,0,0,0,0,0,0,0,0,0,0,0,0,0,0,0,0,0,0,0,0,0,0,0,0,0,0,0,0,0,0,,122.85117057643453,,83.37821588113917,
2022/07/24,pases barracas central ,Barracas,13:43:45,15:43:30,pase,,01:23:39,01:23:39,0.0,,"26,61",2,1.0,,"0,75",s arquero pie,,5019.0,0,0,0,0,0,0,0,0,0,0,0,0,0,0,0,0,0,0,0,0,0,0,0,0,0,0,0,0,0,0,0,0,0,0,0,0,0,0,0,0,0,0,0,0,0,0,0,0,0,0,0,0,0,0,0,0,0,1,0,2.0,0.0,25.79944206979077,74.69096112646633,60.829068995621114
2022/07/24,pases barracas central ,Barracas,13:43:45,15:43:30,pase,,01:23:42,01:23:42,0.0,,"74,4",3,2.0,,"17,34",corto,,5022.0,0,0,0,0,0,0,1,0,0,0,0,0,0,0,0,0,0,0,0,0,0,0,0,0,0,0,0,0,0,0,0,0,0,0,0,0,0,0,0,0,0,0,0,0,0,0,0,0,0,0,0,0,0,0,0,0,0,0,0,7.0,16.757394555580536,73.77179562832991,34.164342320354635,4.103468251938089
2022/07/24,pases barracas central ,Barracas,13:43:45,15:43:30,pase,,01:23:46,01:23:46,0.0,,"187,20",11,3.0,,"96,32",corto,,5026.0,0,0,0,0,0,0,1,0,0,0,0,0,0,0,0,0,0,0,0,0,0,0,0,0,0,0,0,0,0,0,0,0,0,0,0,0,0,0,0,0,0,0,0,0,0,0,0,0,0,0,0,0,0,0,0,0,0,0,0,16.0,96.24191654743859,187.1843188349755,31.55332448254946,20.395681694034582
2022/07/24,pases barracas central ,Barracas,13:43:45,15:43:30,pase,,01:24:40,01:24:40,0.0,,"196,40",11,10.0,,"157,38",corto,,5080.0,0,0,0,0,0,0,1,0,0,0,0,0,0,0,0,0,0,0,0,0,0,0,0,0,0,0,0,0,0,0,0,0,0,0,0,0,0,0,0,0,0,0,0,0,0,0,0,0,0,0,0,0,0,0,0,0,0,0,0,16.0,157.32685342162586,196.41410433880012,37.657193365487004,40.45749764998274
2022/07/24,pases barracas central ,Barracas,13:43:45,15:43:30,remate pie,,01:24:43,01:24:43,0.0,,"266,65",Rival,11.0,,"231,65",corta distancia,,5083.0,0,0,1,0,0,0,0,0,0,0,0,0,0,0,0,0,0,0,0,0,0,0,0,0,0,0,0,0,0,0,0,0,0,0,0,0,0,0,0,0,0,0,0,0,0,0,0,0,0,0,0,0,0,0,0,0,0,0,0,22.0,231.17823693455685,265.5657977198148,65.2668393714097,65.42008353232757
2022/07/24,pases barracas central ,Barracas,13:43:45,15:43:30,perdida,,01:24:43,01:24:43,0.0,,,,11.0,,"253,75",atajada,,5083.0,0,0,0,0,0,0,0,0,0,0,0,0,0,0,0,0,0,0,0,0,0,0,0,0,0,0,0,0,0,0,0,0,0,0,0,0,0,0,0,0,0,0,0,0,0,0,0,0,0,0,0,0,0,0,0,0,0,0,0,,253.18687929359885,,75.03023437598313,
2022/07/24,pases barracas central ,Barracas,13:43:45,15:43:30,falta,,01:24:53,01:24:53,0.0,,,,2.0,,"103,29",hecha,,5093.0,0,0,0,0,0,0,0,0,0,0,0,0,0,0,0,0,0,0,0,0,0,0,0,0,1,0,0,0,0,0,0,0,0,0,0,0,0,0,0,0,0,0,0,0,0,0,0,0,0,0,0,0,0,0,0,0,0,0,0,,102.83046550054695,,29.464244610508047,
2022/07/24,pases barracas central ,Barracas,13:43:45,15:43:30,arquero,,01:25:49,01:25:49,0.0,,,,1.0,Bueno,"91,6",salvada/atajada,,5149.0,0,0,0,0,0,0,0,0,0,0,0,0,0,0,0,0,0,0,0,0,0,0,0,0,0,0,0,0,0,0,0,0,0,0,0,0,0,0,0,0,0,0,0,0,0,0,0,0,0,0,0,0,1,0,0,0,0,0,0,,91.30759842100603,,6.1653445365277,
2022/07/24,pases barracas central ,Barracas,13:43:45,15:43:30,pase,,01:26:00,01:26:00,0.0,,"150,161",7,1.0,,"37,79",s arquero pie,,5160.0,0,0,0,0,0,0,0,0,0,0,0,0,0,0,0,0,0,0,0,0,0,0,0,0,0,0,0,0,0,0,0,0,0,0,0,0,0,0,0,0,0,0,0,0,0,0,0,0,0,0,0,0,0,0,0,0,0,1,0,15.0,37.488190185969806,150.36015576212978,78.9020968926071,160.62784264735345
2022/07/24,pases barracas central ,Barracas,13:43:45,15:43:30,falta,,01:26:02,01:26:02,0.0,,,,7.0,,"147,143",hecha,,5162.0,0,0,0,0,0,0,0,0,0,0,0,0,0,0,0,0,0,0,0,0,0,0,0,0,1,0,0,0,0,0,0,0,0,0,0,0,0,0,0,0,0,0,0,0,0,0,0,0,0,0,0,0,0,0,0,0,0,0,0,,147.19734936521155,,142.96823079922393,
2022/07/24,pases barracas central ,Barracas,13:43:45,15:43:30,pase,,01:26:30,01:26:30,0.0,,"34,107",6,1.0,,"0,80",s arquero pie,,5190.0,0,0,0,0,0,0,0,0,0,0,0,0,0,0,0,0,0,0,0,0,0,0,0,0,0,0,0,0,0,0,0,0,0,0,0,0,0,0,0,0,0,0,0,0,0,0,0,0,0,0,0,0,0,0,0,0,0,1,0,5.0,0.4816793567630189,34.45320746059505,80.40622046552556,107.10636984190715
2022/07/24,pases barracas central ,Barracas,13:43:45,15:43:30,pase,,01:26:37,01:26:37,0.0,,"209,88",9,6.0,,"33,134",largo,,5197.0,0,0,0,0,0,0,0,1,0,0,0,0,0,0,0,0,0,0,0,0,0,0,0,0,0,0,0,0,0,0,0,0,0,0,0,0,0,0,0,0,0,0,0,0,0,0,0,0,0,0,0,0,0,0,0,0,0,0,0,17.0,32.99344482796117,209.27154973829968,133.94566954644247,88.06729053125785
2022/07/24,pases barracas central ,Barracas,13:43:45,15:43:30,perdida,,01:26:37,01:26:37,0.0,,,,6.0,,"18,124",interceptado,,5197.0,0,0,0,0,0,0,0,0,0,0,0,0,0,0,0,0,0,0,0,0,0,0,0,0,0,0,0,0,0,0,0,0,0,0,0,0,0,0,0,0,0,0,0,0,0,0,0,0,0,0,0,0,0,0,0,0,0,0,0,,18.08142949537898,,123.54461991454546,
2022/07/24,pases barracas central ,Barracas,13:43:45,15:43:30,pase,,01:27:56,01:27:56,0.0,,"148,84",11,1.0,,"0,84",s arquero pie,,5276.0,0,0,0,0,0,0,0,0,0,0,0,0,0,0,0,0,0,0,0,0,0,0,0,0,0,0,0,0,0,0,0,0,0,0,0,0,0,0,0,0,0,0,0,0,0,0,0,0,0,0,0,0,0,0,0,0,0,1,0,14.0,0.0,147.51800864788328,84.20399880356779,83.62816957358457
2022/07/24,pases barracas central ,Barracas,13:43:45,15:43:30,falta,,01:27:58,01:27:58,0.0,,,,8.0,,"202,82",offside,,5278.0,0,0,0,0,0,0,0,0,0,0,0,0,0,0,0,0,0,0,0,0,0,0,0,0,0,0,0,0,1,0,0,0,0,0,0,0,0,0,0,0,0,0,0,0,0,0,0,0,0,0,0,0,0,0,0,0,0,0,0,,202.3456682711975,,82.20527747165701,
2022/07/24,pases barracas central ,Barracas,13:43:45,15:43:30,falta,,01:28:47,01:28:47,0.0,,,,6.0,,"67,91",recibida,,5327.0,0,0,0,0,0,0,0,0,0,0,0,0,0,0,0,0,0,0,0,0,0,0,0,0,0,1,0,0,0,0,0,0,0,0,0,0,0,0,0,0,0,0,0,0,0,0,0,0,0,0,0,0,0,0,0,0,0,0,0,,67.263381940252,,90.63568897727737,
2022/07/24,pases barracas central ,Barracas,13:43:45,15:43:30,sustitucion,,01:30:04,01:30:04,0.0,,,23,,,,,,5404.0,0,0,0,0,0,0,0,0,0,0,0,0,0,0,0,0,0,0,0,0,0,0,0,0,0,0,0,0,0,0,0,0,0,0,0,0,0,0,0,0,0,0,0,0,0,0,0,0,0,0,0,0,0,0,0,0,0,0,0,,,,,
2022/07/24,pases barracas central ,Barracas,13:43:45,15:43:30,pase,,01:30:21,01:30:21,0.0,,"163,160",10,23.0,,"101,127",corto,,5421.0,0,0,0,0,0,0,1,0,0,0,0,0,0,0,0,0,0,0,0,0,0,0,0,0,0,0,0,0,0,0,0,0,0,0,0,0,0,0,0,0,0,0,0,0,0,0,0,0,0,0,0,0,0,0,0,0,0,0,0,15.0,100.86815331713967,162.56188537466616,127.49124772283102,159.65253932483643
2022/07/24,pases barracas central ,Barracas,13:43:45,15:43:30,remate pie,,01:30:27,01:30:27,0.0,,"241,62",Rival,10.0,,"217,73",corta distancia,,5427.0,0,0,1,0,0,0,0,0,0,0,0,0,0,0,0,0,0,0,0,0,0,0,0,0,0,0,0,0,0,0,0,0,0,0,0,0,0,0,0,0,0,0,0,0,0,0,0,0,0,0,0,0,0,0,0,0,0,0,0,22.0,216.56884960078023,241.3596158518401,73.05605842021359,62.09125922204204
2022/07/24,pases barracas central ,Barracas,13:43:45,15:43:30,perdida,,01:30:27,01:30:27,0.0,,,,10.0,,"211,80",atajada,,5427.0,0,0,0,0,0,0,0,0,0,0,0,0,0,0,0,0,0,0,0,0,0,0,0,0,0,0,0,0,0,0,0,0,0,0,0,0,0,0,0,0,0,0,0,0,0,0,0,0,0,0,0,0,0,0,0,0,0,0,0,,211.4286125260512,,79.80107453571287,
2022/07/24,pases barracas central ,Barracas,13:43:45,15:43:30,pase,,01:32:28,01:32:28,0.0,,"220,29",3,23.0,,"221,80",corto,,5548.0,0,0,0,0,0,0,1,0,0,0,0,0,0,0,0,0,0,0,0,0,0,0,0,0,0,0,0,0,0,0,0,0,0,0,0,0,0,0,0,0,0,0,0,0,0,0,0,0,0,0,0,0,0,0,0,0,0,0,0,16.0,220.6959304083315,219.6040367011384,80.11689311857351,29.174447494495503
2022/07/24,pases barracas central ,Barracas,13:43:45,15:43:30,pase,,01:32:33,01:32:33,0.0,,"251,104",7,23.0,,"268,47",corto,,5553.0,0,0,0,0,0,0,1,0,0,0,0,0,0,0,0,0,0,0,0,0,0,0,0,0,0,0,0,0,0,0,0,0,0,0,0,0,0,0,0,0,0,0,0,0,0,0,0,0,0,0,0,0,0,0,0,0,0,0,0,23.0,267.6983102949091,251.37459124910248,46.68765659842124,104.40308660548621
2022/07/24,pases barracas central ,Barracas,13:43:45,15:43:30,remate pie,,01:32:33,01:32:33,0.0,,,,7.0,,"266,120",corta distancia,,5553.0,0,1,0,0,0,0,0,0,0,0,0,0,0,0,0,0,0,0,0,0,0,0,0,0,0,0,0,0,0,0,0,0,0,0,0,0,0,0,0,0,0,0,0,0,0,0,0,0,0,0,0,0,0,0,0,0,0,0,0,,266.474585953665,,120.45443795574562,
2022/07/24,pases barracas central ,Barracas,13:43:45,15:43:30,perdida,,01:32:34,01:32:34,0.0,,,,7.0,,"268,134",balon afuera fondo,,5554.0,0,0,0,0,0,0,0,0,0,0,0,0,0,0,0,0,0,0,0,0,0,0,0,0,0,0,0,0,0,0,0,0,0,0,0,0,0,0,0,0,0,0,0,0,0,0,0,0,0,0,0,0,0,0,0,0,0,0,0,,267.7177815516351,,133.9951157964407,
2022/07/24,pases barracas central ,Barracas,13:43:45,15:43:30,pase,,01:33:00,01:33:00,0.0,,"222,158",9,8.0,,"209,64",corto,,5580.0,0,0,0,0,0,0,1,0,0,0,0,0,0,0,0,0,0,0,0,0,0,0,0,0,0,0,0,0,0,0,0,0,0,0,0,0,0,0,0,0,0,0,0,0,0,0,0,0,0,0,0,0,0,0,0,0,0,0,0,18.0,209.3949542692239,222.36995654556065,63.68827449774133,158.0492699791574
2022/07/24,pases barracas central ,Barracas,13:43:45,15:43:30,pase,,01:33:03,01:33:03,0.0,,"213,145",7,9.0,,"204,137",corto,,5583.0,0,0,0,0,0,0,1,0,0,0,0,0,0,0,0,0,0,0,0,0,0,0,0,0,0,0,0,0,0,0,0,0,0,0,0,0,0,0,0,0,0,0,0,0,0,0,0,0,0,0,0,0,0,0,0,0,0,0,0,18.0,204.44809102553324,213.34638871107433,136.83297430637325,144.88754874135765
2022/07/24,pases barracas central ,Barracas,13:43:45,15:43:30,pase,,01:33:09,01:33:09,0.0,,"250,162",9,7.0,,"205,133",corto,,5589.0,0,0,0,0,0,0,1,0,0,0,0,0,0,0,0,0,0,0,0,0,0,0,0,0,0,0,0,0,0,0,0,0,0,0,0,0,0,0,0,0,0,0,0,0,0,0,0,0,0,0,0,0,0,0,0,0,0,0,0,24.0,204.60051730212462,249.69031100576677,132.55873044933082,162.0
2022/07/24,pases barracas central ,Barracas,13:43:45,15:43:30,pase,,01:33:11,01:33:11,0.0,,"254,98",8,9.0,,"233,162",corto,,5591.0,0,0,0,0,0,0,0,1,0,0,0,0,0,0,0,0,0,0,0,0,0,0,0,0,0,0,0,0,0,0,0,0,0,0,0,0,0,0,0,0,0,0,0,0,0,0,0,0,0,0,0,0,0,0,0,0,0,0,0,22.0,232.91245528506857,254.05360379980993,162.0,98.35603205201605
2022/07/24,pases barracas central ,Barracas,13:43:45,15:43:30,perdida,,01:33:13,01:33:13,0.0,,,,9.0,,"256,136",balon afuera fondo,,5593.0,0,0,0,0,0,0,0,0,0,0,0,0,0,0,0,0,0,0,0,0,0,0,0,0,0,0,0,0,0,0,0,0,0,0,0,0,0,0,0,0,0,0,0,0,0,0,0,0,0,0,0,0,0,0,0,0,0,0,0,,256.34655963877213,,135.63867760772223,
2022/07/24,pases barracas central ,Barracas,13:43:45,15:43:30,pase,,01:33:55,01:33:55,0.0,,"144,16",10,2.0,,"192,3",corto,,5635.0,0,0,0,0,0,0,1,0,0,0,0,0,0,0,0,0,0,0,0,0,0,0,0,0,0,0,0,0,0,0,0,0,0,0,0,0,0,0,0,0,0,0,0,0,0,0,0,0,0,0,0,0,0,0,0,0,0,0,0,13.0,192.13766009287815,143.72121555198163,3.0287082315441545,16.16523379395567
2022/07/24,pases barracas central ,Barracas,13:43:45,15:43:30,pase,,01:33:56,01:33:56,0.0,,"195,92",3,10.0,,"142,7",corto,,5636.0,0,0,0,0,0,0,1,0,0,0,0,0,0,0,0,0,0,0,0,0,0,0,0,0,0,0,0,0,0,0,0,0,0,0,0,0,0,0,0,0,0,0,0,0,0,0,0,0,0,0,0,0,0,0,0,0,0,0,0,17.0,142.08648434727826,194.82200904721043,7.486841749540716,91.56516699795861
2022/07/24,pases barracas central ,Barracas,13:43:45,15:43:30,remate pie,,01:33:57,01:33:57,0.0,,"262,99",Rival,3.0,,"241,92",corta distancia,,5637.0,0,1,0,0,0,0,0,0,0,0,0,0,0,0,0,0,0,0,0,0,0,0,0,0,0,0,0,0,0,0,0,0,0,0,0,0,0,0,0,0,0,0,0,0,0,0,0,0,0,0,0,0,0,0,0,0,0,0,0,22.0,240.9090594916193,261.960190142517,91.94655546772333,99.2554523284123
2022/07/24,pases barracas central ,Barracas,13:43:45,15:43:30,perdida,,01:33:57,01:33:57,0.0,,,,3.0,,"235,69",balon afuera fondo,,5637.0,0,0,0,0,0,0,0,0,0,0,0,0,0,0,0,0,0,0,0,0,0,0,0,0,0,0,0,0,0,0,0,0,0,0,0,0,0,0,0,0,0,0,0,0,0,0,0,0,0,0,0,0,0,0,0,0,0,0,0,,235.27311962264508,,68.74363687399796,
2022/07/24,pases barracas central ,Barracas,13:43:45,15:43:30,sustitucion,,01:34:32,01:34:32,0.0,,,15,,,,,,5672.0,0,0,0,0,0,0,0,0,0,0,0,0,0,0,0,0,0,0,0,0,0,0,0,0,0,0,0,0,0,0,0,0,0,0,0,0,0,0,0,0,0,0,0,0,0,0,0,0,0,0,0,0,0,0,0,0,0,0,0,,,,,
2022/07/24,pases barracas central ,Barracas,13:43:45,15:43:30,falta,,01:34:57,01:34:57,0.0,,,,23.0,,"150,85",hecha,,5697.0,0,0,0,0,0,0,0,0,0,0,0,0,0,0,0,0,0,0,0,0,0,0,0,0,1,0,0,0,0,0,0,0,0,0,0,0,0,0,0,0,0,0,0,0,0,0,0,0,0,0,0,0,0,0,0,0,0,0,0,,150.11746540982637,,84.5952754600086,
2022/07/24,pases barracas central ,Barracas,13:43:45,15:43:30,falta,,01:35:14,01:35:14,0.0,,,,6.0,,"79,26",hecha,,5714.0,0,0,0,0,0,0,0,0,0,0,0,0,0,0,0,0,0,0,0,0,0,0,0,0,1,0,0,0,0,0,0,0,0,0,0,0,0,0,0,0,0,0,0,0,0,0,0,0,0,0,0,0,0,0,0,0,0,0,0,,78.97800642812636,,25.739555799221147,
2022/07/24,pases barracas central ,Barracas,13:43:45,15:43:30,pase,,01:36:07,01:36:07,0.0,,"216,13",10,8.0,,"197,84",corto,,5767.0,0,0,0,0,0,0,1,0,0,0,0,0,0,0,0,0,0,0,0,0,0,0,0,0,0,0,0,0,0,0,0,0,0,0,0,0,0,0,0,0,0,0,0,0,0,0,0,0,0,0,0,0,0,0,0,0,0,0,0,16.0,196.86321065497248,215.59838404128362,84.2926631710147,13.082505136826585
2022/07/24,pases barracas central ,Barracas,13:43:45,15:43:30,pase,,01:36:15,01:36:15,0.0,,"218,66",8,10.0,,"188,7",corto,,5775.0,0,0,0,0,0,0,1,0,0,0,0,0,0,0,0,0,0,0,0,0,0,0,0,0,0,0,0,0,0,0,0,0,0,0,0,0,0,0,0,0,0,0,0,0,0,0,0,0,0,0,0,0,0,0,0,0,0,0,0,17.0,187.81048654376133,218.47947809189478,6.89713380899363,66.0739174515808
2022/07/24,pases barracas central ,Barracas,13:43:45,15:43:30,pase,,01:36:18,01:36:18,0.0,,"222,97",23,8.0,,"213,86",corto,,5778.0,0,0,0,0,0,0,0,1,0,0,0,0,0,0,0,0,0,0,0,0,0,0,0,0,0,0,0,0,0,0,0,0,0,0,0,0,0,0,0,0,0,0,0,0,0,0,0,0,0,0,0,0,0,0,0,0,0,0,0,21.0,212.90500453537837,222.1228096317749,86.40031812648012,97.03301214028465
2022/07/24,pases barracas central ,Barracas,13:43:45,15:43:30,perdida,,01:36:18,01:36:18,0.0,,,,8.0,,"218,76",interceptado,,5778.0,0,0,0,0,0,0,0,0,0,0,0,0,0,0,0,0,0,0,0,0,0,0,0,0,0,0,0,0,0,0,0,0,0,0,0,0,0,0,0,0,0,0,0,0,0,0,0,0,0,0,0,0,0,0,0,0,0,0,0,,218.19066044378985,,75.53901064943439,
2022/07/24,pases barracas central ,Barracas,13:43:45,15:43:30,pase,,01:36:30,01:36:30,0.0,,"96,135",4,5.0,,"180,97",corto,,5790.0,0,0,0,0,0,0,1,0,0,0,0,0,0,0,0,0,0,0,0,0,0,0,0,0,0,0,0,0,0,0,0,0,0,0,0,0,0,0,0,0,0,0,0,0,0,0,0,0,0,0,0,0,0,0,0,0,0,0,0,12.0,179.8950872201009,95.90331162190259,97.22465900710046,134.52804771640504
2022/07/24,pases barracas central ,Barracas,13:43:45,15:43:30,pase,,01:36:33,01:36:33,0.0,,"68,127",6,4.0,,"104,146",corto,,5793.0,0,0,0,0,0,0,1,0,0,0,0,0,0,0,0,0,0,0,0,0,0,0,0,0,0,0,0,0,0,0,0,0,0,0,0,0,0,0,0,0,0,0,0,0,0,0,0,0,0,0,0,0,0,0,0,0,0,0,0,9.0,104.28868291504476,68.35046993412519,145.8545805954865,127.441190122276
2022/07/24,pases barracas central ,Barracas,13:43:45,15:43:30,pase,,01:36:34,01:36:34,0.0,,"32,86",1,6.0,,"63,157",corto,,5794.0,0,0,0,0,0,0,1,0,0,0,0,0,0,0,0,0,0,0,0,0,0,0,0,0,0,0,0,0,0,0,0,0,0,0,0,0,0,0,0,0,0,0,0,0,0,0,0,0,0,0,0,0,0,0,0,0,0,0,0,4.0,63.046412283625344,32.25418773158763,156.63043117247193,85.89011225463284
2022/07/24,pases barracas central ,Barracas,13:43:45,15:43:30,pase,,01:36:37,01:36:37,0.0,,"90,151",4,1.0,,"53,84",corto,,5797.0,0,0,0,0,0,0,0,1,0,0,0,0,0,0,0,0,0,0,0,0,0,0,0,0,0,0,0,0,0,0,0,0,0,0,0,0,0,0,0,0,0,0,0,0,0,0,0,0,0,0,0,0,0,0,0,0,0,0,0,12.0,52.97085053076903,90.17342639782377,83.67322502566911,151.4686671525311
2022/07/24,pases barracas central ,Barracas,13:43:45,15:43:30,perdida,,01:36:37,01:36:37,0.0,,,,1.0,,"45,65",interceptado,,5797.0,0,0,0,0,0,0,0,0,0,0,0,0,0,0,0,0,0,0,0,0,0,0,0,0,0,0,0,0,0,0,0,0,0,0,0,0,0,0,0,0,0,0,0,0,0,0,0,0,0,0,0,0,0,0,0,0,0,0,0,,45.21313481723222,,65.49080908471,
2022/07/24,pases barracas central ,Barracas,13:43:45,15:43:30,falta,,01:36:43,01:36:43,0.0,,,,15.0,,"68,73",hecha,,5803.0,0,0,0,0,0,0,0,0,0,0,0,0,0,0,0,0,0,0,0,0,0,0,0,0,1,0,0,0,0,0,0,0,0,0,0,0,0,0,0,0,0,0,0,0,0,0,0,0,0,0,0,0,0,0,0,0,0,0,0,,68.413476560513,,73.32003819270099,
2022/07/24,pases barracas central ,Barracas,13:43:45,15:43:30,pase,,01:38:06,01:38:06,0.0,,"216,142",9,6.0,,"35,107",largo,,5886.0,0,0,0,0,0,0,1,0,0,0,0,0,0,0,0,0,0,0,0,0,0,0,0,0,0,0,0,0,0,0,0,0,0,0,0,0,0,0,0,0,0,0,0,0,0,0,0,0,0,0,0,0,0,0,0,0,0,0,0,18.0,35.410497999465804,216.39193437050974,106.73660338543415,142.0493361154472
2022/07/24,pases barracas central ,Barracas,13:43:45,15:43:30,pase,,01:38:11,01:38:11,0.0,,"195,146",15,9.0,,"204,147",corto,,5891.0,0,0,0,0,0,0,1,0,0,0,0,0,0,0,0,0,0,0,0,0,0,0,0,0,0,0,0,0,0,0,0,0,0,0,0,0,0,0,0,0,0,0,0,0,0,0,0,0,0,0,0,0,0,0,0,0,0,0,0,18.0,203.79595255853386,195.45593578668417,147.07019222252453,145.84209180513943
2022/07/24,pases barracas central ,Barracas,13:43:45,15:43:30,pase,,01:38:14,01:38:14,0.0,,"214,85",5,15.0,,"188,135",corto,,5894.0,0,0,0,0,0,0,1,0,0,0,0,0,0,0,0,0,0,0,0,0,0,0,0,0,0,0,0,0,0,0,0,0,0,0,0,0,0,0,0,0,0,0,0,0,0,0,0,0,0,0,0,0,0,0,0,0,0,0,0,17.0,187.5854509807815,213.5648180589551,135.4509013625606,85.40718348570573
2022/07/24,pases barracas central ,Barracas,13:43:45,15:43:30,pase,,01:38:15,01:38:15,0.0,,"169,82",8,5.0,,"187,64",corto,,5895.0,0,0,0,0,0,0,0,1,0,0,0,0,0,0,0,0,0,0,0,0,0,0,0,0,0,0,0,0,0,0,0,0,0,0,0,0,0,0,0,0,0,0,0,0,0,0,0,0,0,0,0,0,0,0,0,0,0,0,0,14.0,186.91858441259922,168.5540261410834,63.568686416258835,82.41765870887505
2022/07/24,pases barracas central ,Barracas,13:43:45,15:43:30,perdida,,01:38:16,01:38:16,0.0,,,,5.0,,"195,73",interceptado,,5896.0,0,0,0,0,0,0,0,0,0,0,0,0,0,0,0,0,0,0,0,0,0,0,0,0,0,0,0,0,0,0,0,0,0,0,0,0,0,0,0,0,0,0,0,0,0,0,0,0,0,0,0,0,0,0,0,0,0,0,0,,195.36323590976983,,73.39903213765852,
2022/07/24,pases barracas central ,Barracas,13:43:45,15:43:30,pase,,01:38:23,01:38:23,0.0,,"168,30",3,10.0,,"171,13",corto,,5903.0,0,0,0,0,0,0,1,0,0,0,0,0,0,0,0,0,0,0,0,0,0,0,0,0,0,0,0,0,0,0,0,0,0,0,0,0,0,0,0,0,0,0,0,0,0,0,0,0,0,0,0,0,0,0,0,0,0,0,0,13.0,171.46434278368758,167.8105973312758,12.618216097150942,30.232866690839966
2022/07/24,pases barracas central ,Barracas,13:43:45,15:43:30,pase,,01:38:30,01:38:30,0.0,,"90,131",6,3.0,,"125,3",corto,,5910.0,0,0,0,0,0,0,1,0,0,0,0,0,0,0,0,0,0,0,0,0,0,0,0,0,0,0,0,0,0,0,0,0,0,0,0,0,0,0,0,0,0,0,0,0,0,0,0,0,0,0,0,0,0,0,0,0,0,0,0,12.0,125.01777385358601,90.49259668885706,2.8008685276214678,131.11426939150448
2022/07/24,pases barracas central ,Barracas,13:43:45,15:43:30,pase,,01:38:32,01:38:32,0.0,,"176,160",8,6.0,,"110,155",corto,,5912.0,0,0,0,0,0,0,1,0,0,0,0,0,0,0,0,0,0,0,0,0,0,0,0,0,0,0,0,0,0,0,0,0,0,0,0,0,0,0,0,0,0,0,0,0,0,0,0,0,0,0,0,0,0,0,0,0,0,0,0,15.0,109.97778698146917,175.91556419238952,154.69900089071325,160.00152062932048
2022/07/24,pases barracas central ,Barracas,13:43:45,15:43:30,pase,,01:38:34,01:38:34,0.0,,"220,144",9,8.0,,"167,154",corto,,5914.0,0,0,0,0,0,0,1,0,0,0,0,0,0,0,0,0,0,0,0,0,0,0,0,0,0,0,0,0,0,0,0,0,0,0,0,0,0,0,0,0,0,0,0,0,0,0,0,0,0,0,0,0,0,0,0,0,0,0,0,18.0,166.9461431441097,220.12040104640386,154.2320808948312,143.78002481742732
2022/07/24,pases barracas central ,Barracas,13:43:45,15:43:30,falta,,01:38:36,01:38:36,0.0,,,,9.0,,"217,149",offside,,5916.0,0,0,0,0,0,0,0,0,0,0,0,0,0,0,0,0,0,0,0,0,0,0,0,0,0,0,0,0,1,0,0,0,0,0,0,0,0,0,0,0,0,0,0,0,0,0,0,0,0,0,0,0,0,0,0,0,0,0,0,,217.38132908810158,,149.48820448524702,
2022/07/24,pases barracas central ,Barracas,13:43:45,15:43:30,pase,,01:39:36,01:39:36,0.0,,"92,82",8,15.0,,"74,70",corto,,5976.0,0,0,0,0,0,0,1,0,0,0,0,0,0,0,0,0,0,0,0,0,0,0,0,0,0,0,0,0,0,0,0,0,0,0,0,0,0,0,0,0,0,0,0,0,0,0,0,0,0,0,0,0,0,0,0,0,0,0,0,11.0,74.38385356184068,92.3869399961001,69.99883439400561,82.05991641109578
2022/07/24,pases barracas central ,Barracas,13:43:45,15:43:30,pase,,01:39:40,01:39:40,0.0,,"75,29",3,8.0,,"105,76",corto,,5980.0,0,0,0,0,0,0,1,0,0,0,0,0,0,0,0,0,0,0,0,0,0,0,0,0,0,0,0,0,0,0,0,0,0,0,0,0,0,0,0,0,0,0,0,0,0,0,0,0,0,0,0,0,0,0,0,0,0,0,0,7.0,105.00884326861166,74.81388951615875,76.27950398585455,28.584992340578026
2022/07/24,pases barracas central ,Barracas,13:43:45,15:43:30,pase,,01:39:45,01:39:45,0.0,,"220,14",23,3.0,,"88,21",medio,,5985.0,0,0,0,0,0,0,1,0,0,0,0,0,0,0,0,0,0,0,0,0,0,0,0,0,0,0,0,0,0,0,0,0,0,0,0,0,0,0,0,0,0,0,0,0,0,0,0,0,0,0,0,0,0,0,0,0,0,0,0,16.0,87.86205959598169,220.07703965437506,21.09400754464551,13.850234490023674
2022/07/24,pases barracas central ,Barracas,13:43:45,15:43:30,pase,,01:39:48,01:39:48,0.0,,"232,130",9,23.0,,"199,41",centro aereo,,5988.0,0,0,0,0,0,0,1,0,0,0,1,0,0,0,0,0,0,0,0,0,0,0,0,0,0,0,0,0,0,0,0,0,0,0,0,0,0,0,0,0,0,0,0,0,0,0,0,0,0,0,0,0,0,0,0,0,0,0,0,23.0,199.37262414502723,231.79490299140414,40.66605575123133,129.96047253274963
2022/07/24,pases barracas central ,Barracas,13:43:45,15:43:30,sustitucion,,01:41:23,01:41:23,0.0,,,22,,,,,,6083.0,0,0,0,0,0,0,0,0,0,0,0,0,0,0,0,0,0,0,0,0,0,0,0,0,0,0,0,0,0,0,0,0,0,0,0,0,0,0,0,0,0,0,0,0,0,0,0,0,0,0,0,0,0,0,0,0,0,0,0,,,,,
2022/07/24,pases barracas central ,Barracas,13:43:45,15:43:30,sustitucion,,01:41:48,01:41:48,0.0,,,18,,,,,,6108.0,0,0,0,0,0,0,0,0,0,0,0,0,0,0,0,0,0,0,0,0,0,0,0,0,0,0,0,0,0,0,0,0,0,0,0,0,0,0,0,0,0,0,0,0,0,0,0,0,0,0,0,0,0,0,0,0,0,0,0,,,,,
2022/07/24,pases barracas central ,Barracas,13:43:45,15:43:30,falta,,01:43:42,01:43:42,0.0,,,,22.0,,"261,154",hecha,,6222.0,0,0,0,0,0,0,0,0,0,0,0,0,0,0,0,0,0,0,0,0,0,0,0,0,1,0,0,0,0,0,0,0,0,0,0,0,0,0,0,0,0,0,0,0,0,0,0,0,0,0,0,0,0,0,0,0,0,0,0,,261.44058566302215,,154.4798471768723,
2022/07/24,pases barracas central ,Barracas,13:43:45,15:43:30,tarjeta,,01:43:42,01:43:42,0.0,,,,22.0,,"234,136",roja,,6222.0,0,0,0,0,0,0,0,0,0,0,0,0,0,0,0,0,0,0,0,0,0,0,0,0,0,0,0,0,0,0,1,0,0,0,0,0,0,0,0,0,0,0,0,0,0,0,0,0,0,0,0,0,0,0,0,0,0,0,0,,234.3964031076994,,135.9372338655165,
2022/07/24,pases barracas central ,Barracas,13:43:45,15:43:30,pase,,01:46:16,01:46:16,0.0,,"261,139",23,15.0,,"215,130",corto,,6376.0,0,0,0,0,0,0,1,0,0,0,0,0,0,0,0,0,0,0,0,0,0,0,0,0,0,0,0,0,0,0,0,0,0,0,0,0,0,0,0,0,0,0,0,0,0,0,0,0,0,0,0,0,0,0,0,0,0,0,0,24.0,214.67479636636853,261.4704123538853,130.44979348163767,139.40176101821643
2022/07/24,pases barracas central ,Barracas,13:43:45,15:43:30,pase,,01:46:21,01:46:21,0.0,,"267,103",15,23.0,,"262,119",corto,,6381.0,0,0,0,0,0,0,1,0,0,0,0,0,0,0,0,0,0,0,0,0,0,0,0,0,0,0,0,0,0,0,0,0,0,0,0,0,0,0,0,0,0,0,0,0,0,0,0,0,0,0,0,0,0,0,0,0,0,0,0,23.0,261.59150994584706,266.95414994333817,118.99227445572265,102.97147095568542
2022/07/24,pases barracas central ,Barracas,13:43:45,15:43:30,pase,,01:46:24,01:46:24,0.0,,"254,82",8,15.0,,"256,134",corto,,6384.0,0,0,0,0,0,0,1,0,0,0,0,0,0,0,0,0,0,0,0,0,0,0,0,0,0,0,0,0,0,0,0,0,0,0,0,0,0,0,0,0,0,0,0,0,0,0,0,0,0,0,0,0,0,0,0,0,0,0,0,21.0,255.94903425417294,253.83998302514206,134.3216741165094,82.10496308728403
2022/07/24,pases barracas central ,Barracas,13:43:45,15:43:30,remate pie,,01:46:24,01:46:24,0.0,,"266,82",Rival,8.0,,"254,72",corta distancia,,6384.0,0,1,0,0,0,0,0,0,0,0,0,0,0,0,0,0,0,0,0,0,0,0,0,0,0,0,0,0,0,0,0,0,0,0,0,0,0,0,0,0,0,0,0,0,0,0,0,0,0,0,0,0,0,0,0,0,0,0,0,22.0,254.37823985597905,265.75870532041375,72.01300429439561,81.5449925581181
2022/07/24,pases barracas central ,Barracas,13:43:45,15:43:30,perdida,,01:46:24,01:46:24,0.0,,,,8.0,,"247,71",balon afuera fondo,,6384.0,0,0,0,0,0,0,0,0,0,0,0,0,0,0,0,0,0,0,0,0,0,0,0,0,0,0,0,0,0,0,0,0,0,0,0,0,0,0,0,0,0,0,0,0,0,0,0,0,0,0,0,0,0,0,0,0,0,0,0,,247.4851275658316,,70.7605709881638,
2022/07/24,pases barracas central ,Barracas,13:43:45,15:43:30,arquero,,01:47:13,01:47:13,0.0,,,,1.0,,"26,132",rebote/despeje,,6433.0,0,0,0,0,0,0,0,0,0,0,0,0,0,0,0,0,0,0,0,0,0,0,0,0,0,0,0,0,0,0,0,0,0,0,0,0,0,0,0,0,0,0,0,0,0,0,0,0,0,0,0,0,0,0,0,0,0,0,0,,25.680302203759265,,131.8704741631345,
2022/07/24,pases barracas central ,Barracas,13:43:45,15:43:30,falta,,01:47:36,01:47:36,0.0,,,,23.0,,"99,17",hecha,,6456.0,0,0,0,0,0,0,0,0,0,0,0,0,0,0,0,0,0,0,0,0,0,0,0,0,1,0,0,0,0,0,0,0,0,0,0,0,0,0,0,0,0,0,0,0,0,0,0,0,0,0,0,0,0,0,0,0,0,0,0,,99.49313635724015,,17.321701478295754,
2022/07/24,pases barracas central ,Barracas,13:43:45,15:43:30,tarjeta,,01:47:36,01:47:36,0.0,,,,23.0,,"110,18",amarilla,,6456.0,0,0,0,0,0,0,0,0,0,0,0,0,0,0,0,0,0,0,0,0,0,0,0,0,0,0,0,0,0,1,0,0,0,0,0,0,0,0,0,0,0,0,0,0,0,0,0,0,0,0,0,0,0,0,0,0,0,0,0,,110.45879843368222,,18.499922779820302,
2022/07/24,pases barracas central ,Barracas,13:43:45,15:43:30,arquero,,01:48:29,01:48:29,0.0,Facil,,,1.0,,"36,102",salvada/atajada,,6509.0,0,0,0,0,0,0,0,0,0,0,0,0,0,0,0,0,0,0,0,0,0,0,0,0,0,0,0,0,0,0,0,0,0,0,0,0,0,0,0,0,0,0,0,0,0,0,0,0,0,0,0,0,1,0,0,0,0,0,0,,35.757890388767095,,102.37304760752448,
2022/07/24,pases barracas central ,Barracas,13:43:45,15:43:30,pase,,01:49:18,01:49:18,0.0,,"237,100",23,1.0,,"14,85",s arquero pie,,6558.0,0,0,0,0,0,0,0,0,0,0,0,0,0,0,0,0,0,0,0,0,0,0,0,0,0,0,0,0,0,0,0,0,0,0,0,0,0,0,0,0,0,0,0,0,0,0,0,0,0,0,0,0,0,0,0,0,0,1,0,21.0,14.225502538263537,237.0689305369668,84.82651938383826,99.5681998657717
2022/07/24,pases barracas central ,Barracas,13:43:45,15:43:30,perdida,,01:49:18,01:49:18,0.0,,,,1.0,,"0,88",atajada,,6558.0,0,0,0,0,0,0,0,0,0,0,0,0,0,0,0,0,0,0,0,0,0,0,0,0,0,0,0,0,0,0,0,0,0,0,0,0,0,0,0,0,0,0,0,0,0,0,0,0,0,0,0,0,0,0,0,0,0,0,0,,0.0,,88.04050367000205,
2022/07/24,pases barracas central ,Barracas,13:43:45,15:43:30,arquero,,01:50:08,01:50:08,0.0,,,,1.0,Bueno,"155,84",salvada/atajada,,6608.0,0,0,0,0,0,0,0,0,0,0,0,0,0,0,0,0,0,0,0,0,0,0,0,0,0,0,0,0,0,0,0,0,0,0,0,0,0,0,0,0,0,0,0,0,0,0,0,0,0,0,0,0,1,0,0,0,0,0,0,,154.6369295862021,,84.17380712652103,
2022/07/24,pases barracas central ,Barracas,13:43:45,15:43:30,pase,,01:50:31,01:50:31,0.0,,"240,90",Rival,1.0,,"16,87",s arquero pie,,6631.0,0,0,0,0,0,0,0,0,0,0,0,0,0,0,0,0,0,0,0,0,0,0,0,0,0,0,0,0,0,0,0,0,0,0,0,0,0,0,0,0,0,0,0,0,0,0,0,0,0,0,0,0,0,0,0,0,0,1,0,22.0,16.1684605426971,240.16191897326536,86.95874922322255,90.11636444374905
2022/07/24,pases barracas central ,Barracas,13:43:45,15:43:30,perdida,,01:50:34,01:50:34,0.0,,,,1.0,,"14,96",balon afuera fondo,,6634.0,0,0,0,0,0,0,0,0,0,0,0,0,0,0,0,0,0,0,0,0,0,0,0,0,0,0,0,0,0,0,0,0,0,0,0,0,0,0,0,0,0,0,0,0,0,0,0,0,0,0,0,0,0,0,0,0,0,0,0,,14.275137952586096,,96.48509317957712,
2022/07/24,pases barracas central ,Barracas,13:43:45,15:43:30,pase,,01:51:10,01:51:10,0.0,,"47,66",1,18.0,,"96,96",medio,,6670.0,0,0,0,0,0,0,1,0,0,0,0,0,0,0,0,0,0,0,0,0,0,0,0,0,0,0,0,0,0,0,0,0,0,0,0,0,0,0,0,0,0,0,0,0,0,0,0,0,0,0,0,0,0,0,0,0,0,0,0,4.0,96.0322134735444,46.94448723161332,95.62107973220114,66.3677051796025
2022/07/24,pases barracas central ,Barracas,13:43:45,15:43:30,pase,,01:51:13,01:51:13,0.0,,"8,148",6,1.0,,"26,126",corto,,6673.0,0,0,0,0,0,0,1,0,0,0,0,0,0,0,0,0,0,0,0,0,0,0,0,0,0,0,0,0,0,0,0,0,0,0,0,0,0,0,0,0,0,0,0,0,0,0,0,0,0,0,0,0,0,0,0,0,0,0,0,6.0,26.071406149388405,8.431817333566558,126.45452047266375,147.96449640742563
2022/07/24,pases barracas central ,Barracas,13:43:45,15:43:30,pase,,01:51:18,01:51:18,0.0,,"153,147",23,6.0,,"3,134",medio,,6678.0,0,0,0,0,0,0,1,0,0,0,0,0,0,0,0,0,0,0,0,0,0,0,0,0,0,0,0,0,0,0,0,0,0,0,0,0,0,0,0,0,0,0,0,0,0,0,0,0,0,0,0,0,0,0,0,0,0,0,0,15.0,2.725754987052646,152.64226222549448,134.23144819590541,147.24990068161856
2022/07/24,pases barracas central ,Barracas,13:43:45,15:43:30,falta,,01:51:18,01:51:18,0.0,,,,23.0,,"185,160",offside,,6678.0,0,0,0,0,0,0,0,0,0,0,0,0,0,0,0,0,0,0,0,0,0,0,0,0,0,0,0,0,1,0,0,0,0,0,0,0,0,0,0,0,0,0,0,0,0,0,0,0,0,0,0,0,0,0,0,0,0,0,0,,185.15627258328215,,159.6659179319316,
2022/07/24,pases barracas central ,Barracas,13:43:45,15:43:30,falta,,01:52:09,01:52:09,0.0,,,,23.0,,"123,154",recibida,,6729.0,0,0,0,0,0,0,0,0,0,0,0,0,0,0,0,0,0,0,0,0,0,0,0,0,0,1,0,0,0,0,0,0,0,0,0,0,0,0,0,0,0,0,0,0,0,0,0,0,0,0,0,0,0,0,0,0,0,0,0,,123.08677954771377,,153.71323392310882,
2022/07/24,pases barracas central ,Barracas,13:43:45,15:43:30,pase,,01:52:22,01:52:22,0.0,,"272,95",4,15.0,,"254,124",corto,,6742.0,0,0,0,0,0,0,0,1,0,0,0,0,0,0,0,0,0,0,0,0,0,0,0,0,0,0,0,0,0,0,0,0,0,0,0,0,0,0,0,0,0,0,0,0,0,0,0,0,0,0,0,0,0,0,0,0,0,0,0,22.0,253.93898553164763,272.0,123.93737305581327,95.34839596431323
2022/07/24,pases barracas central ,Barracas,13:43:45,15:43:30,perdida,,01:52:24,01:52:24,0.0,,,,15.0,,"245,106",interceptado,,6744.0,0,0,0,0,0,0,0,0,0,0,0,0,0,0,0,0,0,0,0,0,0,0,0,0,0,0,0,0,0,0,0,0,0,0,0,0,0,0,0,0,0,0,0,0,0,0,0,0,0,0,0,0,0,0,0,0,0,0,0,,244.8458840389502,,106.2718486145687,
2022/07/24,pases barracas central ,Barracas,13:43:45,15:43:30,pase,,01:53:35,01:53:35,0.0,,"232,133",23,15.0,,"193,135",corto,,6815.0,0,0,0,0,0,0,1,0,0,0,0,0,0,0,0,0,0,0,0,0,0,0,0,0,0,0,0,0,0,0,0,0,0,0,0,0,0,0,0,0,0,0,0,0,0,0,0,0,0,0,0,0,0,0,0,0,0,0,0,24.0,193.14295111282723,232.35703094232196,135.32542371091978,133.12773080766638
2022/07/24,pases barracas central ,Barracas,13:43:45,15:43:30,remate pie,,01:53:40,01:53:40,0.0,,"271,88",Rival,23.0,,"219,74",corta distancia,,6820.0,0,0,0,0,0,0,0,0,0,0,0,0,0,0,0,0,0,0,0,0,0,0,0,0,0,0,0,0,0,0,0,0,0,0,0,0,0,0,0,0,0,0,0,0,0,0,0,0,0,0,0,0,0,0,0,0,0,0,0,22.0,219.20109239797034,271.2820254029159,74.08025870768262,87.89162975592177
2022/07/24,pases barracas central ,Barracas,13:43:45,15:43:30,perdida,,01:53:41,01:53:41,0.0,,,,23.0,,"228,69",interceptado,,6821.0,0,0,0,0,0,0,0,0,0,0,0,0,0,0,0,0,0,0,0,0,0,0,0,0,0,0,0,0,0,0,0,0,0,0,0,0,0,0,0,0,0,0,0,0,0,0,0,0,0,0,0,0,0,0,0,0,0,0,0,,228.2807927968426,,69.30088158593527,
