Session.Start.Date,partido,tiempo,Session.Start,Session.End,Evento,Tag.Notes,Tag.Start,Tag.End,Tag.Duration.(secs),Dificultad,Jugador.2,coord.final,Calificacion,coord.inicial,Jugador.1,Subevento,Optional.Column,segundos,remate-Gol,remate-Fuera,remate-Al-arco,remate-Interceptado,remate-Cabeza,pase-Asistencia,pase-Completado,pase-Interceptado,pase-Fuera,pase-Inteligente,centro-Asistencia,centro-Completado,centro-Interceptado,centro-Bloqueado,centro-Fuera,duelo-Aereo-Perdido,duelo-Aereo-Ganado,duelo-Disputa-suelo-Perdida,duelo-Disputa-suelo-Ganada,duelo-Gambeta-contra-Ganada,duelo-Gambeta-contra-Perdida,duelo-Gambeta-favor-Perdida,duelo-Gambeta-favor-Ganada,duelo-Pivote-Perdido,duelo-Pivote-Ganado,falta-Cometida,falta-Recibida,falta-Penal-cometido,falta-Penal-recibido,falta-Offside,falta-Tarjeta-amarilla,falta-Tarjeta-roja,recuperacion-Robo,recuperacion-Encontrada,recuperacion-Intercepcion-suelo,recuperacion-Intercepcion-aereo,recuperacion-Intercepcion-anticipo,recuperacion-Disputa-suelo,parado-Lateral-interceptado,parado-Lateral-completado,parado-Corner-interceptado,parado-Corner-completado,parado-Tiro-libre-incompleto,parado-Tiro-libre-completado,perdida-Gambeta-favor,perdida-Robo,perdida-Intercepcion,perdida-Error-tecnico,perdida-Balon-fuera,perdida-Situacion-rival,perdida-Atajada,arquero-Gol-rival,arquero-Gol-rival-atajable,arquero-Atajada,arquero-Intercepcion-aerea,arquero-Intercepcion,arquero-Anticipo,arquero-Saque-mano,arquero-Saque-pie,arquero-Saque-meta,coord.final.num,coord.inicial.x,coord.final.x,coord.inicial.y,coord.final.y
2022/05/31,Lanus Final,completo,16:25:14,19:08:14,falta,,00:25:09,00:25:09,0.0,,,,,"141,73",9.0,hecha,,1509.0,0,0,0,0,0,0,0,0,0,0,0,0,0,0,0,0,0,0,0,0,0,0,0,0,0,1,0,0,0,0,0,0,0,0,0,0,0,0,0,0,0,0,0,0,0,0,0,0,0,0,0,0,0,0,0,0,0,0,0,0,,141.4835561640586,,72.69566593976478,
2022/05/31,Lanus Final,completo,16:25:14,19:08:14,pase,,00:27:08,00:27:08,0.0,,6,"8,62",,"29,99",1.0,s arquero pie,,1628.0,0,0,0,0,0,0,1,0,0,0,0,0,0,0,0,0,0,0,0,0,0,0,0,0,0,0,0,0,0,0,0,0,0,0,0,0,0,0,0,0,0,0,0,0,0,0,0,0,0,0,0,0,0,0,0,0,0,0,0,0,2.0,29.207409588727323,7.601449195087227,98.66760107381333,61.846022718047244
2022/05/31,Lanus Final,completo,16:25:14,19:08:14,pase,,00:27:13,00:27:13,0.0,,10,"171,92",,"67,37",6.0,largo,,1633.0,0,0,0,0,0,0,1,0,0,0,0,0,0,0,0,0,0,0,0,0,0,0,0,0,0,0,0,0,0,0,0,0,0,0,0,0,0,0,0,0,0,0,0,0,0,0,0,0,0,0,0,0,0,0,0,0,0,0,0,0,14.0,66.9193338367626,171.23728476414306,37.2099921331624,91.82313420883635
2022/05/31,Lanus Final,completo,16:25:14,19:08:14,pase,,00:27:15,00:27:15,0.0,,8,"159,94",,"162,90",10.0,corto,,1635.0,0,0,0,0,0,0,1,0,0,0,0,0,0,0,0,0,0,0,0,0,0,0,0,0,0,0,0,0,0,0,0,0,0,0,0,0,0,0,0,0,0,0,0,0,0,0,0,0,0,0,0,0,0,0,0,0,0,0,0,0,14.0,162.08457118695975,159.0422661576363,89.78227082018905,94.33470477498742
2022/05/31,Lanus Final,completo,16:25:14,19:08:14,pase,,00:27:15,00:27:15,0.0,,10,"174,72",,"141,101",8.0,corto,,1635.0,0,0,0,0,0,0,1,0,0,0,0,0,0,0,0,0,0,0,0,0,0,0,0,0,0,0,0,0,0,0,0,0,0,0,0,0,0,0,0,0,0,0,0,0,0,0,0,0,0,0,0,0,0,0,0,0,0,0,0,0,14.0,141.2225828605866,173.65112165886097,100.90118591677022,72.4444137310062
2022/05/31,Lanus Final,completo,16:25:14,19:08:14,pase,,00:27:20,00:27:20,0.0,,11,"268,29",,"157,96",10.0,largo,,1640.0,0,0,0,0,0,0,0,0,1,0,0,0,0,0,0,0,0,0,0,0,0,0,0,0,0,0,0,0,0,0,0,0,0,0,0,0,0,0,0,0,0,0,0,0,0,0,0,0,0,0,0,0,0,0,0,0,0,0,0,0,19.0,156.5870672142206,267.6549869467644,95.74025104969888,28.62993272975535
2022/05/31,Lanus Final,completo,16:25:14,19:08:14,perdida,,00:27:20,00:27:20,0.0,,,,,"168,62",10.0,balon afuera fondo,,1640.0,0,0,0,0,0,0,0,0,0,0,0,0,0,0,0,0,0,0,0,0,0,0,0,0,0,0,0,0,0,0,0,0,0,0,0,0,0,0,0,0,0,0,0,0,0,0,0,0,0,0,0,0,0,0,0,0,0,0,0,0,,168.1971657671506,,61.678536445652476,
2022/05/31,Lanus Final,completo,16:25:14,19:08:14,pase,,00:28:45,00:28:45,0.0,,6,"89,75",,"95,144",2.0,medio,,1725.0,0,0,0,0,0,0,1,0,0,0,0,0,0,0,0,0,0,0,0,0,0,0,0,0,0,0,0,0,0,0,0,0,0,0,0,0,0,0,0,0,0,0,0,0,0,0,0,0,0,0,0,0,0,0,0,0,0,0,0,0,11.0,95.48972066276208,89.4040628614315,143.527202762621,75.16161294913604
2022/05/31,Lanus Final,completo,16:25:14,19:08:14,pase,,00:28:46,00:28:46,0.0,,2,"104,152",,"124,88",6.0,medio,,1726.0,0,0,0,0,0,0,1,0,0,0,0,0,0,0,0,0,0,0,0,0,0,0,0,0,0,0,0,0,0,0,0,0,0,0,0,0,0,0,0,0,0,0,0,0,0,0,0,0,0,0,0,0,0,0,0,0,0,0,0,0,12.0,124.43880840477428,103.87295661382453,87.53140830032805,151.76988905796603
2022/05/31,Lanus Final,completo,16:25:14,19:08:14,pase,,00:28:52,00:28:52,0.0,,6,"124,63",,"106,126",2.0,medio,,1732.0,0,0,0,0,0,0,1,0,0,0,0,0,0,0,0,0,0,0,0,0,0,0,0,0,0,0,0,0,0,0,0,0,0,0,0,0,0,0,0,0,0,0,0,0,0,0,0,0,0,0,0,0,0,0,0,0,0,0,0,0,11.0,105.98281684107332,124.29568519360816,125.57410072596001,63.360361144145465
2022/05/31,Lanus Final,completo,16:25:14,19:08:14,pase,,00:28:53,00:28:53,0.0,,3,"152,30",,"110,19",6.0,medio,,1733.0,0,0,0,0,0,0,1,0,0,0,0,0,0,0,0,0,0,0,0,0,0,0,0,0,0,0,0,0,0,0,0,0,0,0,0,0,0,0,0,0,0,0,0,0,0,0,0,0,0,0,0,0,0,0,0,0,0,0,0,0,13.0,110.37139147739686,151.5972545431844,19.137063378087483,30.19978175077702
2022/05/31,Lanus Final,completo,16:25:14,19:08:14,pase,,00:29:00,00:29:00,0.0,,9,"254,37",,"179,40",3.0,largo,,1740.0,0,0,0,0,0,0,1,0,1,0,0,0,0,0,0,0,0,0,0,0,0,0,0,0,0,0,0,0,0,0,0,0,0,0,0,0,0,0,0,0,0,0,0,0,0,0,0,0,0,0,0,0,0,0,0,0,0,0,0,0,20.0,179.40765029635776,253.74506963062535,40.3330912131482,36.82526297897975
2022/05/31,Lanus Final,completo,16:25:14,19:08:14,perdida,,00:29:00,00:29:00,0.0,,,,,"230,31",9.0,balon afuera fondo,,1740.0,0,0,0,0,0,0,0,0,0,0,0,0,0,0,0,0,0,0,0,0,0,0,0,0,0,0,0,0,0,0,0,0,0,0,0,0,0,0,0,0,0,0,0,0,0,0,0,0,0,0,0,0,0,0,0,0,0,0,0,0,,230.32118932868553,,31.017596431594193,
2022/05/31,Lanus Final,completo,16:25:14,19:08:14,arquero,,00:30:42,00:30:42,0.0,,,,,"31,69",1.0,remate atajable,,1842.0,0,0,0,0,0,0,0,0,0,0,0,0,0,0,0,0,0,0,0,0,0,0,0,0,0,0,0,0,0,0,0,0,0,0,0,0,0,0,0,0,0,0,0,0,0,0,0,0,0,0,0,0,0,0,0,0,0,0,0,0,,30.885284864243587,,68.61143278752819,
2022/05/31,Lanus Final,completo,16:25:14,19:08:14,pase,,00:30:52,00:30:52,0.0,,2,"7,132",,"0,95",1.0,s arquero mano,,1852.0,0,0,0,0,0,0,0,0,0,0,0,0,0,0,0,0,0,0,0,0,0,0,0,0,0,0,0,0,0,0,0,0,0,0,0,0,0,0,0,0,0,0,0,0,0,0,0,0,0,0,0,0,0,0,0,0,0,0,0,0,5.0,0.0,7.2816423016960385,94.57022295900005,131.8665514964548
2022/05/31,Lanus Final,completo,16:25:14,19:08:14,pase,,00:30:58,00:30:58,0.0,,4,"54,160",,"55,150",2.0,corto,,1858.0,0,0,0,0,0,0,1,0,0,0,0,0,0,0,0,0,0,0,0,0,0,0,0,0,0,0,0,0,0,0,0,0,0,0,0,0,0,0,0,0,0,0,0,0,0,0,0,0,0,0,0,0,0,0,0,0,0,0,0,0,9.0,55.02841115424235,54.27842403545285,149.86266937979326,160.48196645260077
2022/05/31,Lanus Final,completo,16:25:14,19:08:14,falta,,00:31:15,00:31:15,0.0,,,,,"79,136",4.0,recibida,,1875.0,0,0,0,0,0,0,0,0,0,0,0,0,0,0,0,0,0,0,0,0,0,0,0,0,0,0,1,0,0,0,0,0,0,0,0,0,0,0,0,0,0,0,0,0,0,0,0,0,0,0,0,0,0,0,0,0,0,0,0,0,,79.07211633155877,,136.10562085059624,
2022/05/31,Lanus Final,completo,16:25:14,19:08:14,pase,,00:31:19,00:31:19,0.0,,3,"66,31",,"76,136",6.0,medio,,1879.0,0,0,0,0,0,0,1,0,0,0,0,0,0,0,0,0,0,0,0,0,0,0,0,0,0,0,0,0,0,0,0,0,0,0,0,0,0,0,0,0,0,0,0,0,0,0,0,0,0,0,0,0,0,0,0,0,0,0,0,0,7.0,76.37069610293469,65.80280845202898,136.16918428290936,30.641769989061334
2022/05/31,Lanus Final,completo,16:25:14,19:08:14,pase,,00:31:26,00:31:26,0.0,,7,"107,41",,"107,2",3.0,corto,,1886.0,0,0,0,0,0,0,1,0,0,0,0,0,0,0,0,0,0,0,0,0,0,0,0,0,0,0,0,0,0,0,0,0,0,0,0,0,0,0,0,0,0,0,0,0,0,0,0,0,0,0,0,0,0,0,0,0,0,0,0,0,10.0,106.67283219421797,107.27451634351888,2.19538430521213,41.03693807722994
2022/05/31,Lanus Final,completo,16:25:14,19:08:14,pase,,00:31:31,00:31:31,0.0,,11,"186,22",,"205,27",7.0,corto,,1891.0,0,0,0,0,0,0,1,0,0,0,0,0,0,0,0,0,0,0,0,0,0,0,0,0,0,0,0,0,0,0,0,0,0,0,0,0,0,0,0,0,0,0,0,0,0,0,0,0,0,0,0,0,0,0,0,0,0,0,0,0,16.0,204.78961547159622,185.7063780475284,26.97156958418316,21.591237536318165
2022/05/31,Lanus Final,completo,16:25:14,19:08:14,falta,,00:31:37,00:31:37,0.0,,,,,"212,68",11.0,recibida,,1897.0,0,0,0,0,0,0,0,0,0,0,0,0,0,0,0,0,0,0,0,0,0,0,0,0,0,0,1,0,0,0,0,0,0,0,0,0,0,0,0,0,0,0,0,0,0,0,0,0,0,0,0,0,0,0,0,0,0,0,0,0,,211.99668433221774,,67.97408937609275,
2022/05/31,Lanus Final,completo,16:25:14,19:08:14,pase,,00:32:27,00:32:27,0.0,,11,"259,43",,"260,120",3.0,medio,,1947.0,0,0,0,0,0,0,1,0,0,0,0,0,0,0,0,0,0,0,0,0,0,0,0,0,0,0,0,0,0,0,0,0,0,0,0,0,0,0,0,0,0,0,0,0,0,0,0,0,0,0,0,0,0,0,0,0,0,0,0,0,20.0,260.07675197932167,258.8026023764307,119.73800171761299,42.60593199872785
2022/05/31,Lanus Final,completo,16:25:14,19:08:14,remate pie,,00:32:29,00:32:29,0.0,,Rival,"255,72",,"232,49",11.0,corta distancia,,1949.0,0,1,0,0,0,0,0,0,0,0,0,0,0,0,0,0,0,0,0,0,0,0,0,0,0,0,0,0,0,0,0,0,0,0,0,0,0,0,0,0,0,0,0,0,0,0,0,0,0,0,0,0,0,0,0,0,0,0,0,0,22.0,231.95712768958262,254.85062033127187,49.422486256229305,71.82697576155273
2022/05/31,Lanus Final,completo,16:25:14,19:08:14,perdida,,00:32:29,00:32:29,0.0,,,,,"248,26",11.0,balon afuera fondo,,1949.0,0,0,0,0,0,0,0,0,0,0,0,0,0,0,0,0,0,0,0,0,0,0,0,0,0,0,0,0,0,0,0,0,0,0,0,0,0,0,0,0,0,0,0,0,0,0,0,0,0,0,0,0,0,0,0,0,0,0,0,0,,247.84723471875554,,25.80074668776835,
2022/05/31,Lanus Final,completo,16:25:14,19:08:14,pase,,00:34:06,00:34:06,0.0,,3,"172,5",,"154,32",5.0,corto,,2046.0,0,0,0,0,0,0,1,1,0,0,0,0,0,0,0,0,0,0,0,0,0,0,0,0,0,0,0,0,0,0,0,0,0,0,0,0,0,0,0,0,0,0,0,0,0,0,0,0,0,0,0,0,0,0,0,0,0,0,0,0,13.0,154.2402240245375,172.089949998744,32.453146913622845,5.219639590110443
2022/05/31,Lanus Final,completo,16:25:14,19:08:14,perdida,,00:34:10,00:34:10,0.0,,,,,"181,31",7.0,interceptado,,2050.0,0,0,0,0,0,0,0,0,0,0,0,0,0,0,0,0,0,0,0,0,0,0,0,0,0,0,0,0,0,0,0,0,0,0,0,0,0,0,0,0,0,0,0,0,0,0,0,0,0,0,0,0,0,0,0,0,0,0,0,0,,181.4135632114948,,30.886278606210315,
2022/05/31,Lanus Final,completo,16:25:14,19:08:14,pase,,00:34:15,00:34:15,0.0,,3,"106,17",,"88,100",2.0,corto,,2055.0,0,0,0,0,0,0,1,0,0,0,0,0,0,0,0,0,0,0,0,0,0,0,0,0,0,0,0,0,0,0,0,0,0,0,0,0,0,0,0,0,0,0,0,0,0,0,0,0,0,0,0,0,0,0,0,0,0,0,0,0,10.0,88.11286071469037,105.81247922025617,100.32335491564587,16.522043461286387
2022/05/31,Lanus Final,completo,16:25:14,19:08:14,pase,,00:34:17,00:34:17,0.0,,6,"126,90",,"129,19",3.0,corto,,2057.0,0,0,0,0,0,0,1,0,0,0,0,0,0,0,0,0,0,0,0,0,0,0,0,0,0,0,0,0,0,0,0,0,0,0,0,0,0,0,0,0,0,0,0,0,0,0,0,0,0,0,0,0,0,0,0,0,0,0,0,0,11.0,128.6517725442733,126.33351401867523,19.490029403350142,90.4435832072769
2022/05/31,Lanus Final,completo,16:25:14,19:08:14,pase,,00:34:23,00:34:23,0.0,,10,"260,150",,"115,69",6.0,largo,,2063.0,0,0,0,0,0,0,1,0,1,0,0,0,0,0,0,0,0,0,0,0,0,0,0,0,0,0,0,0,0,0,0,0,0,0,0,0,0,0,0,0,0,0,0,0,0,0,0,0,0,0,0,0,0,0,0,0,0,0,0,0,24.0,115.31529501264907,259.7934623186489,68.73066085592143,149.52627911516834
2022/05/31,Lanus Final,completo,16:25:14,19:08:14,perdida,,00:34:26,00:34:26,0.0,,,,,"257,138",10.0,balon afuera lateral,,2066.0,0,0,0,0,0,0,0,0,0,0,0,0,0,0,0,0,0,0,0,0,0,0,0,0,0,0,0,0,0,0,0,0,0,0,0,0,0,0,0,0,0,0,0,0,0,0,0,0,0,0,0,0,0,0,0,0,0,0,0,0,,257.0324604257637,,138.20090689864858,
2022/05/31,Lanus Final,completo,16:25:14,19:08:14,pase,,00:35:55,00:35:55,0.0,,6,"6,34",,"3,83",1.0,s arquero pie,,2155.0,0,0,0,0,0,0,1,0,0,0,0,0,0,0,0,0,0,0,0,0,0,0,0,0,0,0,0,0,0,0,0,0,0,0,0,0,0,0,0,0,0,0,0,0,0,0,0,0,0,0,0,0,0,0,0,0,0,0,0,0,2.0,3.2252515508496575,5.709274605832325,83.27085384138049,33.8793737512473
2022/05/31,Lanus Final,completo,16:25:14,19:08:14,pase,,00:36:00,00:36:00,0.0,,9,"152,38",,"24,8",6.0,largo,,2160.0,0,0,0,0,0,0,1,0,0,0,0,0,0,0,0,0,0,0,0,0,0,0,0,0,0,0,0,0,0,0,0,0,0,0,0,0,0,0,0,0,0,0,0,0,0,0,0,0,0,0,0,0,0,0,0,0,0,0,0,0,13.0,23.586899112509556,152.05040545560368,8.111795416990216,37.65567676845201
2022/05/31,Lanus Final,completo,16:25:14,19:08:14,pase,,00:36:03,00:36:03,0.0,,3,"158,28",,"165,32",9.0,corto,,2163.0,0,0,0,0,0,0,1,0,0,0,0,0,0,0,0,0,0,0,0,0,0,0,0,0,0,0,0,0,0,0,0,0,0,0,0,0,0,0,0,0,0,0,0,0,0,0,0,0,0,0,0,0,0,0,0,0,0,0,0,0,13.0,165.14496772464432,158.40215329382573,31.79390404604937,28.44805594151654
2022/05/31,Lanus Final,completo,16:25:14,19:08:14,pase,,00:36:06,00:36:06,0.0,,11,"223,43",,"174,24",3.0,medio,,2166.0,0,0,0,0,0,0,1,0,0,0,0,0,0,0,0,0,0,0,0,0,0,0,0,0,0,0,0,0,0,0,0,0,0,0,0,0,0,0,0,0,0,0,0,0,0,0,0,0,0,0,0,0,0,0,0,0,0,0,0,0,16.0,173.58847898107578,222.74545190404524,23.510709746505036,42.78619963056498
2022/05/31,Lanus Final,completo,16:25:14,19:08:14,remate pie,,00:36:10,00:36:10,0.0,,Rival,"253,99",,"260,57",11.0,corta distancia,,2170.0,0,0,0,0,0,0,0,0,0,0,0,0,0,0,0,0,0,0,0,0,0,0,0,0,0,0,0,0,0,0,0,0,0,0,0,0,0,0,0,0,0,0,0,0,0,0,0,0,0,0,0,0,0,0,0,0,0,0,0,0,22.0,260.4408684979947,253.48209518050646,56.71314965758366,99.4620220151514
2022/05/31,Lanus Final,completo,16:25:14,19:08:14,perdida,,00:36:13,00:36:13,0.0,,,,,"230,47",11.0,interceptado,,2173.0,0,0,0,0,0,0,0,0,0,0,0,0,0,0,0,0,0,0,0,0,0,0,0,0,0,0,0,0,0,0,0,0,0,0,0,0,0,0,0,0,0,0,0,0,0,0,0,0,0,0,0,0,0,0,0,0,0,0,0,0,,230.13237700118654,,47.10214255581455,
2022/05/31,Lanus Final,completo,16:25:14,19:08:14,pase,,00:36:24,00:36:24,0.0,,9,"208,99",,"152,75",11.0,corto,,2184.0,0,0,0,0,0,0,1,0,0,0,0,0,0,0,0,0,0,0,0,0,0,0,0,0,0,0,0,0,0,0,0,0,0,0,0,0,0,0,0,0,0,0,0,0,0,0,0,0,0,0,0,0,0,0,0,0,0,0,0,0,17.0,151.85552903846101,208.3174613030992,75.04727999142074,99.43674719468879
2022/05/31,Lanus Final,completo,16:25:14,19:08:14,pase,,00:36:26,00:36:26,0.0,,10,"213,160",,"204,69",9.0,corto,,2186.0,0,0,0,0,0,0,1,0,0,0,0,0,0,0,0,0,0,0,0,0,0,0,0,0,0,0,0,0,0,0,0,0,0,0,0,0,0,0,0,0,0,0,0,0,0,0,0,0,0,0,0,0,0,0,0,0,0,0,0,0,18.0,204.23050309822443,213.31933501526942,68.64016095863279,160.0693039354743
2022/05/31,Lanus Final,completo,16:25:14,19:08:14,falta,,00:36:29,00:36:29,0.0,,,,,"199,150",10.0,recibida,,2189.0,0,0,0,0,0,0,0,0,0,0,0,0,0,0,0,0,0,0,0,0,0,0,0,0,0,0,1,0,0,0,0,0,0,0,0,0,0,0,0,0,0,0,0,0,0,0,0,0,0,0,0,0,0,0,0,0,0,0,0,0,,199.44190910196667,,150.29792973332346,
2022/05/31,Lanus Final,completo,16:25:14,19:08:14,pase,,00:37:57,00:37:57,0.0,,7,"152,29",,"158,31",5.0,corto,,2277.0,0,0,0,0,0,0,1,0,0,0,0,0,0,0,0,0,0,0,0,0,0,0,0,0,0,0,0,0,0,0,0,0,0,0,0,0,0,0,0,0,0,0,0,0,0,0,0,0,0,0,0,0,0,0,0,0,0,0,0,0,13.0,158.41588416849618,151.80629619685732,31.450395023304154,28.641402777134854
2022/05/31,Lanus Final,completo,16:25:14,19:08:14,pase,,00:38:03,00:38:03,0.0,,10,"200,132",,"176,32",7.0,medio,,2283.0,0,0,0,0,0,0,1,0,0,0,0,0,0,0,0,0,0,0,0,0,0,0,0,0,0,0,0,0,0,0,0,0,0,0,0,0,0,0,0,0,0,0,0,0,0,0,0,0,0,0,0,0,0,0,0,0,0,0,0,0,18.0,176.06649105159562,200.47999134945022,31.616736204783233,131.75000769700537
2022/05/31,Lanus Final,completo,16:25:14,19:08:14,pase,,00:38:09,00:38:09,0.0,,4,"162,138",,"208,140",10.0,corto,,2289.0,0,0,0,0,0,0,1,0,0,0,0,0,0,0,0,0,0,0,0,0,0,0,0,0,0,0,0,0,0,0,0,0,0,0,0,0,0,0,0,0,0,0,0,0,0,0,0,0,0,0,0,0,0,0,0,0,0,0,0,0,15.0,208.3896938795932,162.46519966429634,140.0544167082389,137.66700888400757
2022/05/31,Lanus Final,completo,16:25:14,19:08:14,pase,,00:38:10,00:38:10,0.0,,2,"153,77",,"148,147",4.0,medio,,2290.0,0,0,0,0,0,0,1,0,0,0,0,0,0,0,0,0,0,0,0,0,0,0,0,0,0,0,0,0,0,0,0,0,0,0,0,0,0,0,0,0,0,0,0,0,0,0,0,0,0,0,0,0,0,0,0,0,0,0,0,0,14.0,148.05963249934396,152.77268936722515,147.0618037136296,76.89506420208784
2022/05/31,Lanus Final,completo,16:25:14,19:08:14,pase,,00:38:12,00:38:12,0.0,,6,"160,83",,"174,79",2.0,corto,,2292.0,0,0,0,0,0,0,1,0,0,0,0,0,0,0,0,0,0,0,0,0,0,0,0,0,0,0,0,0,0,0,0,0,0,0,0,0,0,0,0,0,0,0,0,0,0,0,0,0,0,0,0,0,0,0,0,0,0,0,0,0,14.0,173.77648232449582,159.53632132210737,79.24716937811404,83.26374568596972
2022/05/31,Lanus Final,completo,16:25:14,19:08:14,pase,,00:38:16,00:38:16,0.0,,2,"150,73",,"108,85",6.0,corto,,2296.0,0,0,0,0,0,0,1,0,0,0,0,0,0,0,0,0,0,0,0,0,0,0,0,0,0,0,0,0,0,0,0,0,0,0,0,0,0,0,0,0,0,0,0,0,0,0,0,0,0,0,0,0,0,0,0,0,0,0,0,0,14.0,108.06908031674968,149.7919989468804,85.09404115237072,73.01155543785987
2022/05/31,Lanus Final,completo,16:25:14,19:08:14,pase,,00:38:19,00:38:19,0.0,,10,"216,156",,"164,71",2.0,medio,,2299.0,0,0,0,0,0,0,1,0,0,0,0,0,0,0,0,0,0,0,0,0,0,0,0,0,0,0,0,0,0,0,0,0,0,0,0,0,0,0,0,0,0,0,0,0,0,0,0,0,0,0,0,0,0,0,0,0,0,0,0,0,18.0,164.2841785890049,215.7884891065263,70.9145854492394,155.85073495571325
2022/05/31,Lanus Final,completo,16:25:14,19:08:14,pase,,00:38:23,00:38:23,0.0,,2,"142,149",,"222,153",10.0,medio,,2303.0,0,0,0,0,0,0,1,0,0,0,0,0,0,0,0,0,0,0,0,0,0,0,0,0,0,0,0,0,0,0,0,0,0,0,0,0,0,0,0,0,0,0,0,0,0,0,0,0,0,0,0,0,0,0,0,0,0,0,0,0,15.0,222.16759167924846,142.23622964497395,153.1985648051626,148.7062014342368
2022/05/31,Lanus Final,completo,16:25:14,19:08:14,pase,,00:38:27,00:38:27,0.0,,6,"160,94",,"170,124",2.0,corto,,2307.0,0,0,0,0,0,0,1,0,0,0,0,0,0,0,0,0,0,0,0,0,0,0,0,0,0,0,0,0,0,0,0,0,0,0,0,0,0,0,0,0,0,0,0,0,0,0,0,0,0,0,0,0,0,0,0,0,0,0,0,0,14.0,170.249074469635,159.53492995906032,124.1474771173138,94.29716197615201
2022/05/31,Lanus Final,completo,16:25:14,19:08:14,pase,,00:38:32,00:38:32,0.0,,11,"205,94",,"152,100",6.0,medio,,2312.0,0,0,0,0,0,0,0,1,0,0,0,0,0,0,0,0,0,0,0,0,0,0,0,0,0,0,0,0,0,0,0,0,0,0,0,0,0,0,0,0,0,0,0,0,0,0,0,0,0,0,0,0,0,0,0,0,0,0,0,0,17.0,152.24937328623201,204.72891201269113,100.49632181473925,93.70654750440464
2022/05/31,Lanus Final,completo,16:25:14,19:08:14,perdida,,00:38:32,00:38:32,0.0,,,,,"150,73",6.0,interceptado,,2312.0,0,0,0,0,0,0,0,0,0,0,0,0,0,0,0,0,0,0,0,0,0,0,0,0,0,0,0,0,0,0,0,0,0,0,0,0,0,0,0,0,0,0,0,0,0,0,0,0,0,0,0,0,0,0,0,0,0,0,0,0,,149.69790204500035,,72.8558756506708,
2022/05/31,Lanus Final,completo,16:25:14,19:08:14,pase,,00:38:50,00:38:50,0.0,,10,"161,159",,"121,140",4.0,corto,,2330.0,0,0,0,0,0,0,1,0,0,0,0,0,0,0,0,0,0,0,0,0,0,0,0,0,0,0,0,0,0,0,0,0,0,0,0,0,0,0,0,0,0,0,0,0,0,0,0,0,0,0,0,0,0,0,0,0,0,0,0,0,15.0,121.09502813077624,160.5435309750529,140.07171558760916,159.4688276141955
2022/05/31,Lanus Final,completo,16:25:14,19:08:14,pase,,00:38:50,00:38:50,0.0,,5,"152,151",,"153,124",10.0,corto,,2330.0,0,0,0,0,0,0,1,0,0,0,0,0,0,0,0,0,0,0,0,0,0,0,0,0,0,0,0,0,0,0,0,0,0,0,0,0,0,0,0,0,0,0,0,0,0,0,0,0,0,0,0,0,0,0,0,0,0,0,0,0,15.0,152.8184490407771,151.61326625591607,123.59158793381249,151.493172496529
2022/05/31,Lanus Final,completo,16:25:14,19:08:14,pase,,00:38:51,00:38:51,0.0,,2,"105,152",,"161,142",5.0,corto,,2331.0,0,0,0,0,0,0,1,0,0,0,0,0,0,0,0,0,0,0,0,0,0,0,0,0,0,0,0,0,0,0,0,0,0,0,0,0,0,0,0,0,0,0,0,0,0,0,0,0,0,0,0,0,0,0,0,0,0,0,0,0,12.0,160.86798522313546,105.25829113011599,141.61184370994684,151.54414143233492
2022/05/31,Lanus Final,completo,16:25:14,19:08:14,pase,,00:38:56,00:38:56,0.0,,1,"18,74",,"107,135",2.0,medio,,2336.0,0,0,0,0,0,0,1,0,0,0,0,0,0,0,0,0,0,0,0,0,0,0,0,0,0,0,0,0,0,0,0,0,0,0,0,0,0,0,0,0,0,0,0,0,0,0,0,0,0,0,0,0,0,0,0,0,0,0,0,0,4.0,106.68329143324986,18.430875430576563,135.29676930276514,73.7213187259869
2022/05/31,Lanus Final,completo,16:25:14,19:08:14,pase,,00:39:00,00:39:00,0.0,,11,"151,126",,"49,75",1.0,s arquero pie,,2340.0,0,0,0,0,0,0,1,0,0,0,0,0,0,0,0,0,0,0,0,0,0,0,0,0,0,0,0,0,0,0,0,0,0,0,0,0,0,0,0,0,0,0,0,0,0,0,0,0,0,0,0,0,0,0,0,0,0,0,0,0,15.0,49.18447513488212,150.95009236727438,75.04548357361935,126.05511030041791
2022/05/31,Lanus Final,completo,16:25:14,19:08:14,pase,,00:39:02,00:39:02,0.0,,9,"177,72",,"117,149",11.0,corto,,2342.0,0,0,0,0,0,0,1,0,0,0,0,0,0,0,0,0,0,0,0,0,0,0,0,0,0,0,0,0,0,0,0,0,0,0,0,0,0,0,0,0,0,0,0,0,0,0,0,0,0,0,0,0,0,0,0,0,0,0,0,0,14.0,116.90728466114442,176.86488399822758,149.29645259706612,71.95623133758363
2022/05/31,Lanus Final,completo,16:25:14,19:08:14,pase,,00:39:05,00:39:05,0.0,,10,"154,138",,"142,152",9.0,corto,,2345.0,0,0,0,0,0,0,1,0,0,0,0,0,0,0,0,0,0,0,0,0,0,0,0,0,0,0,0,0,0,0,0,0,0,0,0,0,0,0,0,0,0,0,0,0,0,0,0,0,0,0,0,0,0,0,0,0,0,0,0,0,15.0,142.31410811180575,153.9558266892912,152.2691256782127,138.3420941300696
2022/05/31,Lanus Final,completo,16:25:14,19:08:14,pase,,00:39:09,00:39:09,0.0,,11,"216,129",,"215,124",10.0,corto,,2349.0,0,0,0,0,0,0,1,0,0,0,0,0,0,0,0,0,0,0,0,0,0,0,0,0,0,0,0,0,0,0,0,0,0,0,0,0,0,0,0,0,0,0,0,0,0,0,0,0,0,0,0,0,0,0,0,0,0,0,0,0,18.0,214.90739706173824,216.21251283084624,123.81214612623262,129.2859237322103
2022/05/31,Lanus Final,completo,16:25:14,19:08:14,falta,,00:39:19,00:39:19,0.0,,,,,"220,68",11.0,hecha,,2359.0,0,0,0,0,0,0,0,0,0,0,0,0,0,0,0,0,0,0,0,0,0,0,0,0,0,1,0,0,0,0,0,0,0,0,0,0,0,0,0,0,0,0,0,0,0,0,0,0,0,0,0,0,0,0,0,0,0,0,0,0,,219.79543982730542,,67.56194403127975,
2022/05/31,Lanus Final,completo,16:25:14,19:08:14,pase,,00:40:44,00:40:44,0.0,,10,"90,128",,"60,37",11.0,medio,,2444.0,0,0,0,0,0,0,1,1,0,0,0,0,0,0,0,0,0,0,0,0,0,0,0,0,0,0,0,0,0,0,0,0,0,0,0,0,0,0,0,0,0,0,0,0,0,0,0,0,0,0,0,0,0,0,0,0,0,0,0,0,12.0,60.405711601193374,90.31776943034264,37.27940144389304,128.0302515799011
2022/05/31,Lanus Final,completo,16:25:14,19:08:14,perdida,,00:40:49,00:40:49,0.0,,,,,"97,138",10.0,interceptado,,2449.0,0,0,0,0,0,0,0,0,0,0,0,0,0,0,0,0,0,0,0,0,0,0,0,0,0,0,0,0,0,0,0,0,0,0,0,0,0,0,0,0,0,0,0,0,0,0,0,0,0,0,0,0,0,0,0,0,0,0,0,0,,97.00787712768253,,137.806203810533,
2022/05/31,Lanus Final,completo,16:25:14,19:08:14,falta,,00:41:01,00:41:01,0.0,,,,,"118,151",10.0,hecha,,2461.0,0,0,0,0,0,0,0,0,0,0,0,0,0,0,0,0,0,0,0,0,0,0,0,0,0,1,0,0,0,0,0,0,0,0,0,0,0,0,0,0,0,0,0,0,0,0,0,0,0,0,0,0,0,0,0,0,0,0,0,0,,118.13534774121575,,150.55867690704096,
2022/05/31,Lanus Final,completo,16:25:14,19:08:14,arquero,,00:41:48,00:41:48,0.0,Media,,,,"0,84",1.0,salvada/atajada,,2508.0,0,0,0,0,0,0,0,0,0,0,0,0,0,0,0,0,0,0,0,0,0,0,0,0,0,0,0,0,0,0,0,0,0,0,0,0,0,0,0,0,0,0,0,0,0,0,0,0,0,0,0,0,0,1,0,0,0,0,0,0,,0.0,,83.80471933527105,
2022/05/31,Lanus Final,completo,16:25:14,19:08:14,falta,,00:42:28,00:42:28,0.0,,,,,"77,100",8.0,recibida,,2548.0,0,0,0,0,0,0,0,0,0,0,0,0,0,0,0,0,0,0,0,0,0,0,0,0,0,0,1,0,0,0,0,0,0,0,0,0,0,0,0,0,0,0,0,0,0,0,0,0,0,0,0,0,0,0,0,0,0,0,0,0,,76.78121673356469,,99.96361676773972,
2022/05/31,Lanus Final,completo,16:25:14,19:08:14,pase,,00:43:09,00:43:09,0.0,,7,"143,14",,"146,3",3.0,corto,,2589.0,0,0,0,0,0,0,1,0,0,0,0,0,0,0,0,0,0,0,0,0,0,0,0,0,0,0,0,0,0,0,0,0,0,0,0,0,0,0,0,0,0,0,0,0,0,0,0,0,0,0,0,0,0,0,0,0,0,0,0,0,13.0,146.0408834927712,142.94530168973722,2.804443910618751,14.318650122746817
2022/05/31,Lanus Final,completo,16:25:14,19:08:14,pase,,00:43:12,00:43:12,0.0,,11,"221,9",,"177,12",7.0,corto,,2592.0,0,0,0,0,0,0,0,1,0,0,0,0,0,0,0,0,0,0,0,0,0,0,0,0,0,0,0,0,0,0,0,0,0,0,0,0,0,0,0,0,0,0,0,0,0,0,0,0,0,0,0,0,0,0,0,0,0,0,0,0,16.0,176.87335441168685,220.5602444463494,11.655383417697326,8.619944682642055
2022/05/31,Lanus Final,completo,16:25:14,19:08:14,perdida,,00:43:12,00:43:12,0.0,,,,,"157,23",7.0,interceptado,,2592.0,0,0,0,0,0,0,0,0,0,0,0,0,0,0,0,0,0,0,0,0,0,0,0,0,0,0,0,0,0,0,0,0,0,0,0,0,0,0,0,0,0,0,0,0,0,0,0,0,0,0,0,0,0,0,0,0,0,0,0,0,,157.25127319045103,,23.367679514224044,
2022/05/31,Lanus Final,completo,16:25:14,19:08:14,falta,,00:43:44,00:43:44,0.0,,,,,"56,123",4.0,hecha,,2624.0,0,0,0,0,0,0,0,0,0,0,0,0,0,0,0,0,0,0,0,0,0,0,0,0,0,1,0,0,0,0,1,0,0,0,0,0,0,0,0,0,0,0,0,0,0,0,0,0,0,0,0,0,0,0,0,0,0,0,0,0,,56.068610591695034,,122.90118476147799,
2022/05/31,Lanus Final,completo,16:25:14,19:08:14,tarjeta,,00:43:45,00:43:45,0.0,,,,,"46,152",4.0,amarilla,,2625.0,0,0,0,0,0,0,0,0,0,0,0,0,0,0,0,0,0,0,0,0,0,0,0,0,0,0,0,0,0,0,0,0,0,0,0,0,0,0,0,0,0,0,0,0,0,0,0,0,0,0,0,0,0,0,0,0,0,0,0,0,,45.70399477475769,,151.7325396592003,
2022/05/31,Lanus Final,completo,16:25:14,19:08:14,tarjeta,,00:45:44,00:45:44,0.0,,,,,"31,72",2.0,amarilla,,2744.0,0,0,0,0,0,0,0,0,0,0,0,0,0,0,0,0,0,0,0,0,0,0,0,0,0,0,0,0,0,0,0,0,0,0,0,0,0,0,0,0,0,0,0,0,0,0,0,0,0,0,0,0,0,0,0,0,0,0,0,0,,30.65022325721028,,71.51033049110441,
2022/05/31,Lanus Final,completo,16:25:14,19:08:14,gol rival,,00:47:12,00:47:12,0.0,,,,,"17,74",3.0,directa,,2832.0,0,0,0,0,0,0,0,0,0,0,0,0,0,0,0,0,0,0,0,0,0,0,0,0,0,0,0,0,0,0,0,0,0,0,0,0,0,0,0,0,0,0,0,0,0,0,0,0,0,0,0,1,0,0,0,0,0,0,0,0,,17.064193550350524,,74.32784301087668,
2022/05/31,Lanus Final,completo,16:25:14,19:08:14,pase,,00:49:09,00:49:09,0.0,,6,"127,77",,"148,128",8.0,corto,,2949.0,0,0,0,0,0,0,1,0,0,0,0,0,0,0,0,0,0,0,0,0,0,0,0,0,0,0,0,0,0,0,0,0,0,0,0,0,0,0,0,0,0,0,0,0,0,0,0,0,0,0,0,0,0,0,0,0,0,0,0,0,11.0,148.4351976000461,127.05421485733169,127.96251536786548,77.4737195033639
2022/05/31,Lanus Final,completo,16:25:14,19:08:14,pase,,00:49:11,00:49:11,0.0,,3,"126,18",,"127,84",6.0,corto,,2951.0,0,0,0,0,0,0,1,0,0,0,0,0,0,0,0,0,0,0,0,0,0,0,0,0,0,0,0,0,0,0,0,0,0,0,0,0,0,0,0,0,0,0,0,0,0,0,0,0,0,0,0,0,0,0,0,0,0,0,0,0,10.0,127.05890147074216,126.21018701603656,83.65432962678094,17.783727699005095
2022/05/31,Lanus Final,completo,16:25:14,19:08:14,pase,,00:49:17,00:49:17,0.0,,7,"216,11",,"166,7",3.0,corto,,2957.0,0,0,0,0,0,0,1,0,0,0,0,0,0,0,0,0,0,0,0,0,0,0,0,0,0,0,0,0,0,0,0,0,0,0,0,0,0,0,0,0,0,0,0,0,0,0,0,0,0,0,0,0,0,0,0,0,0,0,0,0,16.0,165.7399295772218,215.74131484251348,6.834749440405886,10.864015377569098
2022/05/31,Lanus Final,completo,16:25:14,19:08:14,pase,,00:49:44,00:49:44,0.0,,11,"175,69",,"124,78",4.0,corto,,2984.0,0,0,0,0,0,0,1,0,0,0,0,0,0,0,0,0,0,0,0,0,0,0,0,0,0,0,0,0,0,0,0,0,0,0,0,0,0,0,0,0,0,0,0,0,0,0,0,0,0,0,0,0,0,0,0,0,0,0,0,0,14.0,123.98824929474448,174.72061841535358,78.3854067740017,69.10323835229983
2022/05/31,Lanus Final,completo,16:25:14,19:08:14,pase,,00:49:49,00:49:49,0.0,,3,"90,8",,"96,74",11.0,corto,,2989.0,0,0,0,0,0,0,1,0,0,0,0,0,0,0,0,0,0,0,0,0,0,0,0,0,0,0,0,0,0,0,0,0,0,0,0,0,0,0,0,0,0,0,0,0,0,0,0,0,0,0,0,0,0,0,0,0,0,0,0,0,10.0,95.61953903918256,89.90578162740562,74.4123205628089,7.919273249353392
2022/05/31,Lanus Final,completo,16:25:14,19:08:14,pase,,00:49:54,00:49:54,0.0,,9,"264,19",,"89,5",3.0,largo,,2994.0,0,0,0,0,0,0,0,0,0,0,0,0,0,0,0,0,0,0,0,0,0,0,0,0,0,0,0,0,0,0,0,0,0,0,0,0,0,0,0,0,0,0,0,0,0,0,0,0,0,0,0,0,0,0,0,0,0,0,0,0,19.0,89.14360239258743,264.4066554596666,5.037002951625283,18.98567539215557
2022/05/31,Lanus Final,completo,16:25:14,19:08:14,perdida,,00:49:57,00:49:57,0.0,,,,,"101,26",3.0,robo,,2997.0,0,0,0,0,0,0,0,0,0,0,0,0,0,0,0,0,0,0,0,0,0,0,0,0,0,0,0,0,0,0,0,0,0,0,0,0,0,0,0,0,0,0,0,0,0,0,0,0,0,0,0,0,0,0,0,0,0,0,0,0,,101.31269004671513,,25.62931797919412,
2022/05/31,Lanus Final,completo,16:25:14,19:08:14,arquero,,00:51:48,00:51:48,0.0,,,,,"29,76",1.0,remate atajable,,3108.0,0,0,0,0,0,0,0,0,0,0,0,0,0,0,0,0,0,0,0,0,0,0,0,0,0,0,0,0,0,0,0,0,0,0,0,0,0,0,0,0,0,0,0,0,0,0,0,0,0,0,0,0,0,0,0,0,0,0,0,0,,28.922432678013628,,76.24853964099027,
2022/05/31,Lanus Final,completo,16:25:14,19:08:14,pase,,00:52:00,00:52:00,0.0,,9,"184,75",,"16,64",1.0,s arquero pie,,3120.0,0,0,0,0,0,0,0,1,0,0,0,0,0,0,0,0,0,0,0,0,0,0,0,0,0,0,0,0,0,0,0,0,0,0,0,0,0,0,0,0,0,0,0,0,0,0,0,0,0,0,0,0,0,0,0,0,0,0,0,0,17.0,15.536801949989549,183.81707927555658,64.37464410608322,75.2579759558358
2022/05/31,Lanus Final,completo,16:25:14,19:08:14,perdida,,00:52:01,00:52:01,0.0,,,,,"20,86",1.0,interceptado,,3121.0,0,0,0,0,0,0,0,0,0,0,0,0,0,0,0,0,0,0,0,0,0,0,0,0,0,0,0,0,0,0,0,0,0,0,0,0,0,0,0,0,0,0,0,0,0,0,0,0,0,0,0,0,0,0,0,0,0,0,0,0,,19.594631308411998,,86.23618428884728,
2022/05/31,Lanus Final,completo,16:25:14,19:08:14,pase,,00:52:09,00:52:09,0.0,,2,"65,134",,"115,146",4.0,corto,,3129.0,0,0,0,0,0,0,1,0,0,0,0,0,0,0,0,0,0,0,0,0,0,0,0,0,0,0,0,0,0,0,0,0,0,0,0,0,0,0,0,0,0,0,0,0,0,0,0,0,0,0,0,0,0,0,0,0,0,0,0,0,9.0,114.64876626158298,64.88544467137028,146.46287408341212,134.15363866969616
2022/05/31,Lanus Final,completo,16:25:14,19:08:14,pase,,00:52:14,00:52:14,0.0,,5,"49,61",,"82,160",2.0,corto,,3134.0,0,0,0,0,0,0,1,0,0,0,0,0,0,0,0,0,0,0,0,0,0,0,0,0,0,0,0,0,0,0,0,0,0,0,0,0,0,0,0,0,0,0,0,0,0,0,0,0,0,0,0,0,0,0,0,0,0,0,0,0,8.0,81.7119808724,49.090864839985066,159.6668704551413,61.048146930971626
2022/05/31,Lanus Final,completo,16:25:14,19:08:14,pase,,00:52:21,00:52:21,0.0,,6,"109,28",,"59,97",5.0,corto,,3141.0,0,0,0,0,0,0,1,0,0,0,0,0,0,0,0,0,0,0,0,0,0,0,0,0,0,0,0,0,0,0,0,0,0,0,0,0,0,0,0,0,0,0,0,0,0,0,0,0,0,0,0,0,0,0,0,0,0,0,0,0,10.0,59.34143454786407,109.38319924713625,97.18641609561185,27.706019489352606
2022/05/31,Lanus Final,completo,16:25:14,19:08:14,pase,,00:52:23,00:52:23,0.0,,5,"99,81",,"118,39",6.0,corto,,3143.0,0,0,0,0,0,0,1,0,0,0,0,0,0,0,0,0,0,0,0,0,0,0,0,0,0,0,0,0,0,0,0,0,0,0,0,0,0,0,0,0,0,0,0,0,0,0,0,0,0,0,0,0,0,0,0,0,0,0,0,0,11.0,118.15843364525506,99.17401114378823,39.18480760463136,81.21027978634874
2022/05/31,Lanus Final,completo,16:25:14,19:08:14,pase,,00:52:25,00:52:25,0.0,,2,"83,136",,"125,74",6.0,corto,,3145.0,0,0,0,0,0,0,1,0,0,0,0,0,0,0,0,0,0,0,0,0,0,0,0,0,0,0,0,0,0,0,0,0,0,0,0,0,0,0,0,0,0,0,0,0,0,0,0,0,0,0,0,0,0,0,0,0,0,0,0,0,9.0,124.9921071754529,83.44134111914056,73.87082243676025,135.65740079552575
2022/05/31,Lanus Final,completo,16:25:14,19:08:14,pase,,00:52:29,00:52:29,0.0,,4,"177,150",,"75,146",2.0,medio,,3149.0,0,0,0,0,0,0,1,0,0,0,0,0,0,0,0,0,0,0,0,0,0,0,0,0,0,0,0,0,0,0,0,0,0,0,0,0,0,0,0,0,0,0,0,0,0,0,0,0,0,0,0,0,0,0,0,0,0,0,0,0,15.0,74.81947783761363,177.36552999486344,145.88501927158183,150.41123549993023
2022/05/31,Lanus Final,completo,16:25:14,19:08:14,pase,,00:52:46,00:52:46,0.0,,8,"174,90",,"171,161",2.0,corto,,3166.0,0,0,0,0,0,0,1,0,0,0,0,0,0,0,0,0,0,0,0,0,0,0,0,0,0,0,0,0,0,0,0,0,0,0,0,0,0,0,0,0,0,0,0,0,0,0,0,0,0,0,0,0,0,0,0,0,0,0,0,0,14.0,170.6204737376603,174.3511366026353,160.65407602818917,89.7640658327889
2022/05/31,Lanus Final,completo,16:25:14,19:08:14,pase,,00:52:49,00:52:49,0.0,,3,"156,25",,"180,74",8.0,corto,,3169.0,0,0,0,0,0,0,1,0,0,0,0,0,0,0,0,0,0,0,0,0,0,0,0,0,0,0,0,0,0,0,0,0,0,0,0,0,0,0,0,0,0,0,0,0,0,0,0,0,0,0,0,0,0,0,0,0,0,0,0,0,13.0,179.73369405087897,156.2117605241674,73.9098480566371,24.70053344019038
2022/05/31,Lanus Final,completo,16:25:14,19:08:14,pase,,00:52:52,00:52:52,0.0,,8,"166,18",,"143,30",3.0,corto,,3172.0,0,0,0,0,0,0,1,0,0,0,0,0,0,0,0,0,0,0,0,0,0,0,0,0,0,0,0,0,0,0,0,0,0,0,0,0,0,0,0,0,0,0,0,0,0,0,0,0,0,0,0,0,0,0,0,0,0,0,0,0,13.0,142.89023334504327,165.68830198824534,30.154374009132393,17.757297414567255
2022/05/31,Lanus Final,completo,16:25:14,19:08:14,pase,,00:52:59,00:52:59,0.0,,7,"209,15",,"201,5",8.0,corto,,3179.0,0,0,0,0,0,0,1,0,0,0,0,0,0,0,0,0,0,0,0,0,0,0,0,0,0,0,0,0,0,0,0,0,0,0,0,0,0,0,0,0,0,0,0,0,0,0,0,0,0,0,0,0,0,0,0,0,0,0,0,0,16.0,200.5139771685299,209.23412910957902,5.104574114643988,15.39589196648954
2022/05/31,Lanus Final,completo,16:25:14,19:08:14,pase,,00:53:15,00:53:15,0.0,,2,"158,93",,"175,3",6.0,corto,,3195.0,0,0,0,0,0,0,1,0,0,0,0,0,0,0,0,0,0,0,0,0,0,0,0,0,0,0,0,0,0,0,0,0,0,0,0,0,0,0,0,0,0,0,0,0,0,0,0,0,0,0,0,0,0,0,0,0,0,0,0,0,14.0,174.77478323416648,158.31145103808177,2.5910301320591778,92.93102361988431
2022/05/31,Lanus Final,completo,16:25:14,19:08:14,pase,,00:53:18,00:53:18,0.0,,4,"204,132",,"164,94",2.0,medio,,3198.0,0,0,0,0,0,0,1,0,0,0,0,0,0,0,0,0,0,0,0,0,0,0,0,0,0,0,0,0,0,0,0,0,0,0,0,0,0,0,0,0,0,0,0,0,0,0,0,0,0,0,0,0,0,0,0,0,0,0,0,0,18.0,164.00012237461797,204.16120316617955,94.40712173669674,131.9016183624205
2022/05/31,Lanus Final,completo,16:25:14,19:08:14,pase,,00:53:21,00:53:21,0.0,,11,"224,88",,"218,127",4.0,medio,,3201.0,0,0,0,0,0,0,1,0,0,0,0,0,0,0,0,0,0,0,0,0,0,0,0,0,0,0,0,0,0,0,0,0,0,0,0,0,0,0,0,0,0,0,0,0,0,0,0,0,0,0,0,0,0,0,0,0,0,0,0,0,21.0,218.03527469892452,223.94590408382828,126.90270968857965,88.45685068729672
2022/05/31,Lanus Final,completo,16:25:14,19:08:14,pase,,00:53:30,00:53:30,0.0,,5,"192,89",,"184,72",11.0,corto,,3210.0,0,0,0,0,0,0,1,0,0,0,0,0,0,0,0,0,0,0,0,0,0,0,0,0,0,0,0,0,0,0,0,0,0,0,0,0,0,0,0,0,0,0,0,0,0,0,0,0,0,0,0,0,0,0,0,0,0,0,0,0,17.0,183.9266025067257,192.06079031407367,71.53774051961635,88.87235413938365
2022/05/31,Lanus Final,completo,16:25:14,19:08:14,pase,,00:53:32,00:53:32,0.0,,3,"146,8",,"181,95",5.0,corto,,3212.0,0,0,0,0,0,0,1,0,0,0,0,0,0,0,0,0,0,0,0,0,0,0,0,0,0,0,0,0,0,0,0,0,0,0,0,0,0,0,0,0,0,0,0,0,0,0,0,0,0,0,0,0,0,0,0,0,0,0,0,0,13.0,180.62333275276757,145.58207786770797,95.0772446879968,7.5455041963724625
2022/05/31,Lanus Final,completo,16:25:14,19:08:14,pase,,00:53:33,00:53:33,0.0,,7,"203,29",,"152,20",3.0,corto,,3213.0,0,0,0,0,0,0,1,0,0,0,0,0,0,0,0,0,0,0,0,0,0,0,0,0,0,0,0,0,0,0,0,0,0,0,0,0,0,0,0,0,0,0,0,0,0,0,0,0,0,0,0,0,0,0,0,0,0,0,0,0,16.0,151.60930433076445,202.62179620335442,20.426039314013902,28.932651502648724
2022/05/31,Lanus Final,completo,16:25:14,19:08:14,pase,,00:53:36,00:53:36,0.0,,9,"233,66",,"204,40",7.0,corto,,3216.0,0,0,0,0,0,0,1,0,0,0,0,0,0,0,0,0,0,0,0,0,0,0,0,0,0,0,0,0,0,0,0,0,0,0,0,0,0,0,0,0,0,0,0,0,0,0,0,0,0,0,0,0,0,0,0,0,0,0,0,0,21.0,203.7597812446101,232.89485709852855,40.212147658285474,66.21202211223664
2022/05/31,Lanus Final,completo,16:25:14,19:08:14,remate cabeza,,00:53:36,00:53:36,0.0,,Rival,"262,81",,"228,64",9.0,facil,,3216.0,0,0,0,0,1,0,0,0,0,0,0,0,0,0,0,0,0,0,0,0,0,0,0,0,0,0,0,0,0,0,0,0,0,0,0,0,0,0,0,0,0,0,0,0,0,0,0,0,0,0,0,0,0,0,0,0,0,0,0,0,22.0,227.9761019112519,262.3588138086045,63.749629259738086,81.31864891565004
2022/05/31,Lanus Final,completo,16:25:14,19:08:14,pase,,00:55:55,00:55:55,0.0,,6,"77,24",,"55,84",5.0,corto,,3355.0,0,0,0,0,0,0,1,0,0,0,0,0,0,0,0,0,0,0,0,0,0,0,0,0,0,0,0,0,0,0,0,0,0,0,0,0,0,0,0,0,0,0,0,0,0,0,0,0,0,0,0,0,0,0,0,0,0,0,0,0,7.0,55.31598426647777,77.06242398725283,83.92479591665222,24.33181331002819
2022/05/31,Lanus Final,completo,16:25:14,19:08:14,pase,,00:55:58,00:55:58,0.0,,3,"94,26",,"68,6",6.0,corto,,3358.0,0,0,0,0,0,0,1,0,0,0,0,0,0,0,0,0,0,0,0,0,0,0,0,0,0,0,0,0,0,0,0,0,0,0,0,0,0,0,0,0,0,0,0,0,0,0,0,0,0,0,0,0,0,0,0,0,0,0,0,0,10.0,67.89199111370641,94.41209095045295,5.842619881241703,26.004281374386814
2022/05/31,Lanus Final,completo,16:25:14,19:08:14,pase,,00:56:00,00:56:00,0.0,,8,"89,15",,"121,23",3.0,corto,,3360.0,0,0,0,0,0,0,1,0,0,0,0,0,0,0,0,0,0,0,0,0,0,0,0,0,0,0,0,0,0,0,0,0,0,0,0,0,0,0,0,0,0,0,0,0,0,0,0,0,0,0,0,0,0,0,0,0,0,0,0,0,10.0,120.63666139433973,89.2289695766649,22.658813692227362,14.787530106015822
2022/05/31,Lanus Final,completo,16:25:14,19:08:14,pase,,00:56:09,00:56:09,0.0,,2,"95,150",,"118,79",8.0,medio,,3369.0,0,0,0,0,0,0,1,0,0,0,0,0,0,0,0,0,0,0,0,0,0,0,0,0,0,0,0,0,0,0,0,0,0,0,0,0,0,0,0,0,0,0,0,0,0,0,0,0,0,0,0,0,0,0,0,0,0,0,0,0,12.0,117.69587670591731,94.56758389572708,79.33843730468601,149.7165247858637
2022/05/31,Lanus Final,completo,16:25:14,19:08:14,pase,,00:56:11,00:56:11,0.0,,4,"146,151",,"119,141",2.0,corto,,3371.0,0,0,0,0,0,0,1,0,0,0,0,0,0,0,0,0,0,0,0,0,0,0,0,0,0,0,0,0,0,0,0,0,0,0,0,0,0,0,0,0,0,0,0,0,0,0,0,0,0,0,0,0,0,0,0,0,0,0,0,0,15.0,119.20113266312592,145.97336867356483,140.99271450419192,151.21444983485853
2022/05/31,Lanus Final,completo,16:25:14,19:08:14,falta,,00:56:38,00:56:38,0.0,,,,,"203,158",7.0,recibida,,3398.0,0,0,0,0,0,0,0,0,0,0,0,0,0,0,0,0,0,0,0,0,0,0,0,0,0,0,1,0,0,0,0,0,0,0,0,0,0,0,0,0,0,0,0,0,0,0,0,0,0,0,0,0,0,0,0,0,0,0,0,0,,202.5209494491458,,157.68091627565096,
2022/05/31,Lanus Final,completo,16:25:14,19:08:14,arquero,,00:58:04,00:58:04,0.0,,,,,"31,83",1.0,remate atajable,,3484.0,0,0,0,0,0,0,0,0,0,0,0,0,0,0,0,0,0,0,0,0,0,0,0,0,0,0,0,0,0,0,0,0,0,0,0,0,0,0,0,0,0,0,0,0,0,0,0,0,0,0,0,0,0,0,0,0,0,0,0,0,,31.44912409866729,,82.8604252068661,
2022/05/31,Lanus Final,completo,16:25:14,19:08:14,pase,,00:58:15,00:58:15,0.0,,2,"66,159",,"40,78",1.0,s arquero mano,,3495.0,0,0,0,0,0,0,0,0,0,0,0,0,0,0,0,0,0,0,0,0,0,0,0,0,0,0,0,0,0,0,0,0,0,0,0,0,0,0,0,0,0,0,0,0,0,0,0,0,0,0,0,0,0,0,0,0,0,0,0,0,9.0,40.0496905294069,65.89171608698356,78.14027146369158,158.98901920752613
2022/05/31,Lanus Final,completo,16:25:14,19:08:14,pase,,00:58:18,00:58:18,0.0,,4,"68,144",,"79,156",2.0,corto,,3498.0,0,0,0,0,0,0,1,0,0,0,0,0,0,0,0,0,0,0,0,0,0,0,0,0,0,0,0,0,0,0,0,0,0,0,0,0,0,0,0,0,0,0,0,0,0,0,0,0,0,0,0,0,0,0,0,0,0,0,0,0,9.0,78.5731606472151,67.61119928622894,155.9056149120276,144.48355969137413
2022/05/31,Lanus Final,completo,16:25:14,19:08:14,pase,,00:58:30,00:58:30,0.0,,10,"145,145",,"56,128",4.0,medio,,3510.0,0,0,0,0,0,0,0,1,0,0,0,0,0,0,0,0,0,0,0,0,0,0,0,0,0,0,0,0,0,0,0,0,0,0,0,0,0,0,0,0,0,0,0,0,0,0,0,0,0,0,0,0,0,0,0,0,0,0,0,0,15.0,56.36970997238788,144.94318294347428,128.40185433834517,144.8650404099226
2022/05/31,Lanus Final,completo,16:25:14,19:08:14,perdida,,00:58:30,00:58:30,0.0,,,,,"50,146",4.0,interceptado,,3510.0,0,0,0,0,0,0,0,0,0,0,0,0,0,0,0,0,0,0,0,0,0,0,0,0,0,0,0,0,0,0,0,0,0,0,0,0,0,0,0,0,0,0,0,0,0,0,0,0,0,0,0,0,0,0,0,0,0,0,0,0,,50.11381716196787,,146.1634017449416,
2022/05/31,Lanus Final,completo,16:25:14,19:08:14,pase,,00:58:56,00:58:56,0.0,,5,"78,146",,"72,100",6.0,corto,,3536.0,0,0,0,0,0,0,1,0,0,0,0,0,0,0,0,0,0,0,0,0,0,0,0,0,0,0,0,0,0,0,0,0,0,0,0,0,0,0,0,0,0,0,0,0,0,0,0,0,0,0,0,0,0,0,0,0,0,0,0,0,9.0,71.77366705878175,78.22579395849465,99.76306164082979,146.35030315013924
2022/05/31,Lanus Final,completo,16:25:14,19:08:14,pase,,00:59:01,00:59:01,0.0,,2,"70,161",,"62,77",5.0,corto,,3541.0,0,0,0,0,0,0,1,0,0,0,0,0,0,0,0,0,0,0,0,0,0,0,0,0,0,0,0,0,0,0,0,0,0,0,0,0,0,0,0,0,0,0,0,0,0,0,0,0,0,0,0,0,0,0,0,0,0,0,0,0,9.0,61.87735924548686,69.8485913587435,77.40371230846439,160.60935851934232
2022/05/31,Lanus Final,completo,16:25:14,19:08:14,pase,,00:59:05,00:59:05,0.0,,4,"220,123",,"63,135",2.0,medio,,3545.0,0,0,0,0,0,0,1,0,0,0,0,0,0,0,0,0,0,0,0,0,0,0,0,0,0,0,0,0,0,0,0,0,0,0,0,0,0,0,0,0,0,0,0,0,0,0,0,0,0,0,0,0,0,0,0,0,0,0,0,0,18.0,62.573606787355985,220.11182866906603,135.09103656409755,122.76751783058073
2022/05/31,Lanus Final,completo,16:25:14,19:08:14,pase,,00:59:07,00:59:07,0.0,,9,"202,91",,"212,128",4.0,medio,,3547.0,0,0,0,0,0,0,1,0,0,0,0,0,0,0,0,0,0,0,0,0,0,0,0,0,0,0,0,0,0,0,0,0,0,0,0,0,0,0,0,0,0,0,0,0,0,0,0,0,0,0,0,0,0,0,0,0,0,0,0,0,17.0,212.14604205547542,202.35117447678857,127.53577685591151,91.429645085097
2022/05/31,Lanus Final,completo,16:25:14,19:08:14,pase,,00:59:10,00:59:10,0.0,,8,"221,141",,"220,152",9.0,corto,,3550.0,0,0,0,0,0,0,1,0,0,0,0,0,0,0,0,0,0,0,0,0,0,0,0,0,0,0,0,0,0,0,0,0,0,0,0,0,0,0,0,0,0,0,0,0,0,0,0,0,0,0,0,0,0,0,0,0,0,0,0,0,18.0,220.39691620980545,221.36564122911298,151.65876025230799,140.60990932757406
2022/05/31,Lanus Final,completo,16:25:14,19:08:14,pase,,00:59:12,00:59:12,0.0,,10,"213,147",,"201,154",8.0,corto,,3552.0,0,0,0,0,0,0,1,0,0,0,0,0,0,0,0,0,0,0,0,0,0,0,0,0,0,0,0,0,0,0,0,0,0,0,0,0,0,0,0,0,0,0,0,0,0,0,0,0,0,0,0,0,0,0,0,0,0,0,0,0,18.0,201.30954692369303,212.83760606521156,153.63072982339696,147.0960751428699
2022/05/31,Lanus Final,completo,16:25:14,19:08:14,pase,,00:59:16,00:59:16,0.0,,4,"212,141",,"204,139",10.0,corto,,3556.0,0,0,0,0,0,0,0,1,0,0,0,0,0,0,0,0,0,0,0,0,0,0,0,0,0,0,0,0,0,0,0,0,0,0,0,0,0,0,0,0,0,0,0,0,0,0,0,0,0,0,0,0,0,0,0,0,0,0,0,0,18.0,203.64491870202008,211.69321502478942,138.77332969066066,141.20009388401309
2022/05/31,Lanus Final,completo,16:25:14,19:08:14,perdida,,00:59:17,00:59:17,0.0,,,,,"208,152",10.0,interceptado,,3557.0,0,0,0,0,0,0,0,0,0,0,0,0,0,0,0,0,0,0,0,0,0,0,0,0,0,0,0,0,0,0,0,0,0,0,0,0,0,0,0,0,0,0,0,0,0,0,0,0,0,0,0,0,0,0,0,0,0,0,0,0,,207.75432510765452,,151.52365603181167,
2022/05/31,Lanus Final,completo,16:25:14,19:08:14,pase,,00:59:32,00:59:32,0.0,,2,"171,137",,"201,129",4.0,corto,,3572.0,0,0,0,0,0,0,1,0,0,0,0,0,0,0,0,0,0,0,0,0,0,0,0,0,0,0,0,0,0,0,0,0,0,0,0,0,0,0,0,0,0,0,0,0,0,0,0,0,0,0,0,0,0,0,0,0,0,0,0,0,15.0,201.22041206069122,170.89958495662745,129.06129576756976,137.33255133370722
2022/05/31,Lanus Final,completo,16:25:14,19:08:14,pase,,00:59:36,00:59:36,0.0,,6,"163,24",,"159,73",2.0,corto,,3576.0,0,0,0,0,0,0,1,0,0,0,0,0,0,0,0,0,0,0,0,0,0,0,0,0,0,0,0,0,0,0,0,0,0,0,0,0,0,0,0,0,0,0,0,0,0,0,0,0,0,0,0,0,0,0,0,0,0,0,0,0,13.0,158.96980729449868,163.32148881634888,73.13930646944203,23.939622687016307
2022/05/31,Lanus Final,completo,16:25:14,19:08:14,pase,,00:59:38,00:59:38,0.0,,2,"98,86",,"108,12",6.0,corto,,3578.0,0,0,0,0,0,0,1,0,0,0,0,0,0,0,0,0,0,0,0,0,0,0,0,0,0,0,0,0,0,0,0,0,0,0,0,0,0,0,0,0,0,0,0,0,0,0,0,0,0,0,0,0,0,0,0,0,0,0,0,0,11.0,107.65573461617079,98.37913269083005,12.180388944811082,85.83791747000629
2022/05/31,Lanus Final,completo,16:25:14,19:08:14,pase,,00:59:44,00:59:44,0.0,,6,"179,4",,"94,69",2.0,corto,,3584.0,0,0,0,0,0,0,1,0,0,0,0,0,0,0,0,0,0,0,0,0,0,0,0,0,0,0,0,0,0,0,0,0,0,0,0,0,0,0,0,0,0,0,0,0,0,0,0,0,0,0,0,0,0,0,0,0,0,0,0,0,13.0,94.35391091665191,178.98963451695238,68.80539582416723,3.737284853182331
2022/05/31,Lanus Final,completo,16:25:14,19:08:14,pase,,00:59:45,00:59:45,0.0,,3,"142,37",,"148,33",6.0,corto,,3585.0,0,0,0,0,0,0,1,0,0,0,0,0,0,0,0,0,0,0,0,0,0,0,0,0,0,0,0,0,0,0,0,0,0,0,0,0,0,0,0,0,0,0,0,0,0,0,0,0,0,0,0,0,0,0,0,0,0,0,0,0,13.0,148.0475903912243,142.08191606750444,32.660290079135265,37.137420973922715
2022/05/31,Lanus Final,completo,16:25:14,19:08:14,pase,,00:59:46,00:59:46,0.0,,7,"223,12",,"159,10",3.0,corto,,3586.0,0,0,0,0,0,0,1,0,0,0,0,0,0,0,0,0,0,0,0,0,0,0,0,0,0,0,0,0,0,0,0,0,0,0,0,0,0,0,0,0,0,0,0,0,0,0,0,0,0,0,0,0,0,0,0,0,0,0,0,0,16.0,159.38655223110445,223.18656776495078,9.906270375140428,12.022565032073352
2022/05/31,Lanus Final,completo,16:25:14,19:08:14,pase,,00:59:49,00:59:49,0.0,,9,"245,39",,"267,28",7.0,corto,,3589.0,0,0,0,0,0,0,1,0,0,0,0,0,0,0,0,0,0,0,0,0,0,0,0,0,0,0,0,0,0,0,0,0,0,0,0,0,0,0,0,0,0,0,0,0,0,0,0,0,0,0,0,0,0,0,0,0,0,0,0,0,20.0,267.19364362765447,245.1973488925239,27.82232518656653,38.61119680981517
2022/05/31,Lanus Final,completo,16:25:14,19:08:14,remate pie,,00:59:50,00:59:50,0.0,,Rival,"272,91",,"247,37",9.0,corta distancia,,3590.0,0,1,0,0,0,0,0,0,0,0,0,0,0,0,0,0,0,0,0,0,0,0,0,0,0,0,0,0,0,0,0,0,0,0,0,0,0,0,0,0,0,0,0,0,0,0,0,0,0,0,0,0,0,0,0,0,0,0,0,0,22.0,247.20207449117666,272.0,36.734214739843054,91.37420026816822
2022/05/31,Lanus Final,completo,16:25:14,19:08:14,perdida,,00:59:52,00:59:52,0.0,,,,,"239,63",9.0,balon afuera fondo,,3592.0,0,0,0,0,0,0,0,0,0,0,0,0,0,0,0,0,0,0,0,0,0,0,0,0,0,0,0,0,0,0,0,0,0,0,0,0,0,0,0,0,0,0,0,0,0,0,0,0,0,0,0,0,0,0,0,0,0,0,0,0,,239.4292493204378,,63.220850136664765,
2022/05/31,Lanus Final,completo,16:25:14,19:08:14,falta,,01:02:32,01:02:32,0.0,,,,,"80,19",8.0,recibida,,3752.0,0,0,0,0,0,0,0,0,0,0,0,0,0,0,0,0,0,0,0,0,0,0,0,0,0,0,1,0,0,0,0,0,0,0,0,0,0,0,0,0,0,0,0,0,0,0,0,0,0,0,0,0,0,0,0,0,0,0,0,0,,80.37746207182585,,19.437339974297807,
2022/05/31,Lanus Final,completo,16:25:14,19:08:14,pase,,01:02:39,01:02:39,0.0,,5,"77,78",,"69,146",2.0,corto,,3759.0,0,0,0,0,0,0,1,0,0,0,0,0,0,0,0,0,0,0,0,0,0,0,0,0,0,0,0,0,0,0,0,0,0,0,0,0,0,0,0,0,0,0,0,0,0,0,0,0,0,0,0,0,0,0,0,0,0,0,0,0,8.0,68.7052561889854,76.89883498234609,145.78192677030086,78.16359601537779
2022/05/31,Lanus Final,completo,16:25:14,19:08:14,pase,,01:02:45,01:02:45,0.0,,6,"70,18",,"47,101",5.0,corto,,3765.0,0,0,0,0,0,0,1,0,0,0,0,0,0,0,0,0,0,0,0,0,0,0,0,0,0,0,0,0,0,0,0,0,0,0,0,0,0,0,0,0,0,0,0,0,0,0,0,0,0,0,0,0,0,0,0,0,0,0,0,0,7.0,47.4828917446151,69.66875069219543,100.54985391327921,17.583554181217867
2022/05/31,Lanus Final,completo,16:25:14,19:08:14,pase,,01:03:59,01:03:59,0.0,,7,"159,19",,"16,78",1.0,s arquero pie,,3839.0,0,0,0,0,0,0,0,1,0,0,0,0,0,0,0,0,0,0,0,0,0,0,0,0,0,0,0,0,0,0,0,0,0,0,0,0,0,0,0,0,0,0,0,0,0,0,0,0,0,0,0,0,0,0,0,0,0,0,0,0,13.0,16.33232575238317,158.95997229568906,77.86080403450748,18.700062773846525
2022/05/31,Lanus Final,completo,16:25:14,19:08:14,perdida,,01:03:59,01:03:59,0.0,,,,,"0,98",1.0,interceptado,,3839.0,0,0,0,0,0,0,0,0,0,0,0,0,0,0,0,0,0,0,0,0,0,0,0,0,0,0,0,0,0,0,0,0,0,0,0,0,0,0,0,0,0,0,0,0,0,0,0,0,0,0,0,0,0,0,0,0,0,0,0,0,,0.0,,97.7077431029077,
2022/05/31,Lanus Final,completo,16:25:14,19:08:14,pase,,01:04:43,01:04:43,0.0,,5,"57,68",,"97,24",6.0,corto,,3883.0,0,0,0,0,0,0,1,0,0,0,0,0,0,0,0,0,0,0,0,0,0,0,0,0,0,0,0,0,0,0,0,0,0,0,0,0,0,0,0,0,0,0,0,0,0,0,0,0,0,0,0,0,0,0,0,0,0,0,0,0,8.0,96.95502953846835,56.893287151368995,24.33635870368962,68.25307212930014
2022/05/31,Lanus Final,completo,16:25:14,19:08:14,pase,,01:04:46,01:04:46,0.0,,7,"201,140",,"76,67",5.0,largo,,3886.0,0,0,0,0,0,0,1,0,0,0,0,0,0,0,0,0,0,0,0,0,0,0,0,0,0,0,0,0,0,0,0,0,0,0,0,0,0,0,0,0,0,0,0,0,0,0,0,0,0,0,0,0,0,0,0,0,0,0,0,0,18.0,76.01932538823792,201.23285381135275,67.491022063336,139.63931719107885
2022/05/31,Lanus Final,completo,16:25:14,19:08:14,pase,,01:05:43,01:05:43,0.0,,4,"193,157",,"187,141",9.0,corto,,3943.0,0,0,0,0,0,0,1,0,0,0,0,0,0,0,0,0,0,0,0,0,0,0,0,0,0,0,0,0,0,0,0,0,0,0,0,0,0,0,0,0,0,0,0,0,0,0,0,0,0,0,0,0,0,0,0,0,0,0,0,0,18.0,187.150543779951,192.73722448131187,140.61784599403612,156.86485165754777
2022/05/31,Lanus Final,completo,16:25:14,19:08:14,pase,,01:05:47,01:05:47,0.0,,9,"211,87",,"189,158",4.0,corto,,3947.0,0,0,0,0,0,0,0,1,0,0,0,0,0,0,0,0,0,0,0,0,0,0,0,0,0,0,0,0,0,0,0,0,0,0,0,0,0,0,0,0,0,0,0,0,0,0,0,0,0,0,0,0,0,0,0,0,0,0,0,0,17.0,189.46012622097186,210.57935827166156,158.29925183089006,87.45470820975217
2022/05/31,Lanus Final,completo,16:25:14,19:08:14,perdida,,01:05:48,01:05:48,0.0,,,,,"186,136",4.0,interceptado,,3948.0,0,0,0,0,0,0,0,0,0,0,0,0,0,0,0,0,0,0,0,0,0,0,0,0,0,0,0,0,0,0,0,0,0,0,0,0,0,0,0,0,0,0,0,0,0,0,0,0,0,0,0,0,0,0,0,0,0,0,0,0,,186.34023654615726,,135.5458058762053,
2022/05/31,Lanus Final,completo,16:25:14,19:08:14,pase,,01:06:02,01:06:02,0.0,,2,"72,149",,"15,108",1.0,corto,,3962.0,0,0,0,0,0,0,1,0,0,0,0,0,0,0,0,0,0,0,0,0,0,0,0,0,0,0,0,0,0,0,0,0,0,0,0,0,0,0,0,0,0,0,0,0,0,0,0,0,0,0,0,0,0,0,0,0,0,0,0,0,9.0,14.839063066903536,72.09104233672866,108.07336356272752,149.35552545486175
2022/05/31,Lanus Final,completo,16:25:14,19:08:14,pase,,01:06:08,01:06:08,0.0,,5,"94,12",,"58,145",2.0,corto,,3968.0,0,0,0,0,0,0,1,0,0,0,0,0,0,0,0,0,0,0,0,0,0,0,0,0,0,0,0,0,0,0,0,0,0,0,0,0,0,0,0,0,0,0,0,0,0,0,0,0,0,0,0,0,0,0,0,0,0,0,0,0,10.0,57.84731321657331,94.0584999299737,145.40710235994453,11.651488976235637
2022/05/31,Lanus Final,completo,16:25:14,19:08:14,pase,,01:06:16,01:06:16,0.0,,6,"96,23",,"91,78",5.0,corto,,3976.0,0,0,0,0,0,0,1,0,0,0,0,0,0,0,0,0,0,0,0,0,0,0,0,0,0,0,0,0,0,0,0,0,0,0,0,0,0,0,0,0,0,0,0,0,0,0,0,0,0,0,0,0,0,0,0,0,0,0,0,0,10.0,91.4602501411488,96.2831946276059,77.82856417337219,22.535547542522608
2022/05/31,Lanus Final,completo,16:25:14,19:08:14,pase,,01:06:17,01:06:17,0.0,,5,"95,65",,"87,34",6.0,corto,,3977.0,0,0,0,0,0,0,1,0,0,0,0,0,0,0,0,0,0,0,0,0,0,0,0,0,0,0,0,0,0,0,0,0,0,0,0,0,0,0,0,0,0,0,0,0,0,0,0,0,0,0,0,0,0,0,0,0,0,0,0,0,11.0,86.95938259148417,94.59363835875095,33.6071861526154,65.08851938498871
2022/05/31,Lanus Final,completo,16:25:14,19:08:14,pase,,01:06:20,01:06:20,0.0,,2,"101,157",,"95,97",5.0,corto,,3980.0,0,0,0,0,0,0,1,0,0,0,0,0,0,0,0,0,0,0,0,0,0,0,0,0,0,0,0,0,0,0,0,0,0,0,0,0,0,0,0,0,0,0,0,0,0,0,0,0,0,0,0,0,0,0,0,0,0,0,0,0,12.0,95.46240587710508,101.24559820025695,97.40999198881127,157.20477046429363
2022/05/31,Lanus Final,completo,16:25:14,19:08:14,pase,,01:06:23,01:06:23,0.0,,11,"203,83",,"141,123",2.0,corto,,3983.0,0,0,0,0,0,0,1,0,0,0,0,0,0,0,0,0,0,0,0,0,0,0,0,0,0,0,0,0,0,0,0,0,0,0,0,0,0,0,0,0,0,0,0,0,0,0,0,0,0,0,0,0,0,0,0,0,0,0,0,0,17.0,141.445310419431,202.7187425979161,122.62885268996948,82.86618914336096
2022/05/31,Lanus Final,completo,16:25:14,19:08:14,pase,,01:06:24,01:06:24,0.0,,4,"171,124",,"208,78",11.0,corto,,3984.0,0,0,0,0,0,0,1,0,0,0,0,0,0,0,0,0,0,0,0,0,0,0,0,0,0,0,0,0,0,0,0,0,0,0,0,0,0,0,0,0,0,0,0,0,0,0,0,0,0,0,0,0,0,0,0,0,0,0,0,0,15.0,207.91495477120853,171.11512138911766,77.52019808978667,123.78169164537142
2022/05/31,Lanus Final,completo,16:25:14,19:08:14,pase,,01:06:26,01:06:26,0.0,,7,"188,139",,"174,135",4.0,corto,,3986.0,0,0,0,0,0,0,1,0,0,0,0,0,0,0,0,0,0,0,0,0,0,0,0,0,0,0,0,0,0,0,0,0,0,0,0,0,0,0,0,0,0,0,0,0,0,0,0,0,0,0,0,0,0,0,0,0,0,0,0,0,18.0,173.87044704768203,188.21989397433393,135.27685277542128,139.18407273838577
2022/05/31,Lanus Final,completo,16:25:14,19:08:14,pase,,01:06:28,01:06:28,0.0,,8,"170,159",,"215,148",7.0,corto,,3988.0,0,0,0,0,0,0,0,1,0,0,0,0,0,0,0,0,0,0,0,0,0,0,0,0,0,0,0,0,0,0,0,0,0,0,0,0,0,0,0,0,0,0,0,0,0,0,0,0,0,0,0,0,0,0,0,0,0,0,0,0,15.0,215.09953883211574,169.94227902277714,147.95656259346538,159.34580611056157
2022/05/31,Lanus Final,completo,16:25:14,19:08:14,perdida,,01:06:28,01:06:28,0.0,,,,,"211,122",7.0,interceptado,,3988.0,0,0,0,0,0,0,0,0,0,0,0,0,0,0,0,0,0,0,0,0,0,0,0,0,0,0,0,0,0,0,0,0,0,0,0,0,0,0,0,0,0,0,0,0,0,0,0,0,0,0,0,0,0,0,0,0,0,0,0,0,,211.16026939160727,,121.76554284636066,
2022/05/31,Lanus Final,completo,16:25:14,19:08:14,pase,,01:06:43,01:06:43,0.0,,5,"111,92",,"68,121",2.0,corto,,4003.0,0,0,0,0,0,0,1,0,0,0,0,0,0,0,0,0,0,0,0,0,0,0,0,0,0,0,0,0,0,0,0,0,0,0,0,0,0,0,0,0,0,0,0,0,0,0,0,0,0,0,0,0,0,0,0,0,0,0,0,0,11.0,67.85158870275518,111.15163707228662,121.15230353897796,92.41230654204149
2022/05/31,Lanus Final,completo,16:25:14,19:08:14,pase,,01:06:44,01:06:44,0.0,,10,"179,91",,"97,97",5.0,corto,,4004.0,0,0,0,0,0,0,1,0,0,0,0,0,0,0,0,0,0,0,0,0,0,0,0,0,0,0,0,0,0,0,0,0,0,0,0,0,0,0,0,0,0,0,0,0,0,0,0,0,0,0,0,0,0,0,0,0,0,0,0,0,14.0,97.34533423286588,178.75092107622862,97.15517735568343,91.03550554079708
2022/05/31,Lanus Final,completo,16:25:14,19:08:14,pase,,01:06:47,01:06:47,0.0,,2,"98,129",,"113,73",10.0,corto,,4007.0,0,0,0,0,0,0,1,0,0,0,0,0,0,0,0,0,0,0,0,0,0,0,0,0,0,0,0,0,0,0,0,0,0,0,0,0,0,0,0,0,0,0,0,0,0,0,0,0,0,0,0,0,0,0,0,0,0,0,0,0,12.0,113.24880861519526,98.38531173456101,72.58553658832078,128.75385406919887
2022/05/31,Lanus Final,completo,16:25:14,19:08:14,pase,,01:06:50,01:06:50,0.0,,10,"112,147",,"108,121",2.0,corto,,4010.0,0,0,0,0,0,0,1,0,0,0,0,0,0,0,0,0,0,0,0,0,0,0,0,0,0,0,0,0,0,0,0,0,0,0,0,0,0,0,0,0,0,0,0,0,0,0,0,0,0,0,0,0,0,0,0,0,0,0,0,0,12.0,108.1169615621927,111.94594422363491,121.2594098724716,146.98162025144384
2022/05/31,Lanus Final,completo,16:25:14,19:08:14,pase,,01:06:53,01:06:53,0.0,,8,"212,151",,"191,146",10.0,corto,,4013.0,0,0,0,0,0,0,1,0,0,0,0,0,0,0,0,0,0,0,0,0,0,0,0,0,0,0,0,0,0,0,0,0,0,0,0,0,0,0,0,0,0,0,0,0,0,0,0,0,0,0,0,0,0,0,0,0,0,0,0,0,18.0,191.39828054684264,212.19184389872808,145.79092656543247,150.70999022077893
2022/05/31,Lanus Final,completo,16:25:14,19:08:14,arquero,,01:07:09,01:07:09,0.0,Dificil,,,,"29,75",1.0,salvada/atajada,,4029.0,0,0,0,0,0,0,0,0,0,0,0,0,0,0,0,0,0,0,0,0,0,0,0,0,0,0,0,0,0,0,0,0,0,0,0,0,0,0,0,0,0,0,0,0,0,0,0,0,0,0,0,0,0,1,0,0,0,0,0,0,,29.03330763285001,,74.51975318147785,
2022/05/31,Lanus Final,completo,16:25:14,19:08:14,sustitucion,,01:25:28,01:25:28,0.0,,,,,,3.0,,,5128.0,0,0,0,0,0,0,0,0,0,0,0,0,0,0,0,0,0,0,0,0,0,0,0,0,0,0,0,0,0,0,0,0,0,0,0,0,0,0,0,0,0,0,0,0,0,0,0,0,0,0,0,0,0,0,0,0,0,0,0,0,,,,,
2022/05/31,Lanus Final,completo,16:25:14,19:08:14,pase,,01:25:32,01:25:32,0.0,,2,"76,154",,"113,100",8.0,corto,,5132.0,0,0,0,0,0,0,1,0,0,0,0,0,0,0,0,0,0,0,0,0,0,0,0,0,0,0,0,0,0,0,0,0,0,0,0,0,0,0,0,0,0,0,0,0,0,0,0,0,0,0,0,0,0,0,0,0,0,0,0,0,9.0,112.64349801203505,76.36338899926795,100.26223725577319,153.65784598184877
2022/05/31,Lanus Final,completo,16:25:14,19:08:14,pase,,01:25:36,01:25:36,0.0,,6,"64,98",,"74,136",2.0,corto,,5136.0,0,0,0,0,0,0,1,0,0,0,0,0,0,0,0,0,0,0,0,0,0,0,0,0,0,0,0,0,0,0,0,0,0,0,0,0,0,0,0,0,0,0,0,0,0,0,0,0,0,0,0,0,0,0,0,0,0,0,0,0,8.0,73.81970129284261,64.05637821078777,136.20651902859365,98.07535349126758
2022/05/31,Lanus Final,completo,16:25:14,19:08:14,pase,,01:25:41,01:25:41,0.0,,10,"95,41",,"54,3",6.0,corto,,5141.0,0,0,0,0,0,0,1,0,0,0,0,0,0,0,0,0,0,0,0,0,0,0,0,0,0,0,0,0,0,0,0,0,0,0,0,0,0,0,0,0,0,0,0,0,0,0,0,0,0,0,0,0,0,0,0,0,0,0,0,0,10.0,53.83462022464262,94.96736720095694,3.0504437226478913,40.907273126058236
2022/05/31,Lanus Final,completo,16:25:14,19:08:14,pase,,01:25:46,01:25:46,0.0,,15,"105,22",,"120,38",10.0,corto,,5146.0,0,0,0,0,0,0,1,0,0,0,0,0,0,0,0,0,0,0,0,0,0,0,0,0,0,0,0,0,0,0,0,0,0,0,0,0,0,0,0,0,0,0,0,0,0,0,0,0,0,0,0,0,0,0,0,0,0,0,0,0,10.0,119.66663793091195,105.01276132716296,38.290077028536146,21.53209491266238
2022/05/31,Lanus Final,completo,16:25:14,19:08:14,pase,,01:25:50,01:25:50,0.0,,6,"54,7",,"125,34",15.0,corto,,5150.0,0,0,0,0,0,0,1,0,0,0,0,0,0,0,0,0,0,0,0,0,0,0,0,0,0,0,0,0,0,0,0,0,0,0,0,0,0,0,0,0,0,0,0,0,0,0,0,0,0,0,0,0,0,0,0,0,0,0,0,0,7.0,124.91540026157152,53.93903515142039,34.38005672911684,6.988999153479581
2022/05/31,Lanus Final,completo,16:25:14,19:08:14,pase,,01:25:56,01:25:56,0.0,,2,"66,72",,"54,40",6.0,corto,,5156.0,0,0,0,0,0,0,1,0,0,0,0,0,0,0,0,0,0,0,0,0,0,0,0,0,0,0,0,0,0,0,0,0,0,0,0,0,0,0,0,0,0,0,0,0,0,0,0,0,0,0,0,0,0,0,0,0,0,0,0,0,8.0,53.58855075892441,66.06712884775354,39.78926777111229,72.15214743018154
2022/05/31,Lanus Final,completo,16:25:14,19:08:14,pase,,01:26:01,01:26:01,0.0,,4,"83,129",,"70,96",2.0,corto,,5161.0,0,0,0,0,0,0,1,0,0,0,0,0,0,0,0,0,0,0,0,0,0,0,0,0,0,0,0,0,0,0,0,0,0,0,0,0,0,0,0,0,0,0,0,0,0,0,0,0,0,0,0,0,0,0,0,0,0,0,0,0,9.0,69.53878904576226,82.97997108212954,96.12372076145147,128.87718724144463
2022/05/31,Lanus Final,completo,16:25:14,19:08:14,pase,,01:26:05,01:26:05,0.0,,9,"214,90",,"48,123",2.0,largo,,5165.0,0,0,0,0,0,0,1,0,0,0,0,0,0,0,0,0,0,0,0,0,0,0,0,0,0,0,0,0,0,0,0,0,0,0,0,0,0,0,0,0,0,0,0,0,0,0,0,0,0,0,0,0,0,0,0,0,0,0,0,0,17.0,48.03678914066981,214.12982216665938,123.2435375854669,90.054465110971
2022/05/31,Lanus Final,completo,16:25:14,19:08:14,pase,,01:26:09,01:26:09,0.0,,15,"211,19",,"204,97",9.0,corto,,5169.0,0,0,0,0,0,0,1,0,0,0,0,0,0,0,0,0,0,0,0,0,0,0,0,0,0,0,0,0,0,0,0,0,0,0,0,0,0,0,0,0,0,0,0,0,0,0,0,0,0,0,0,0,0,0,0,0,0,0,0,0,16.0,204.18712034112468,211.02348550808205,97.2710431859925,19.30989436275331
2022/05/31,Lanus Final,completo,16:25:14,19:08:14,remate pie,,01:26:16,01:26:16,0.0,,Rival,"257,92",,"199,12",15.0,media distancia,,5176.0,0,0,0,0,0,0,0,0,0,0,0,0,0,0,0,0,0,0,0,0,0,0,0,0,0,0,0,0,0,0,0,0,0,0,0,0,0,0,0,0,0,0,0,0,0,0,0,0,0,0,0,0,0,0,0,0,0,0,0,0,22.0,199.44693522884666,257.40058283069374,12.143975770594821,92.16253207012716
2022/05/31,Lanus Final,completo,16:25:14,19:08:14,falta,,01:27:13,01:27:13,0.0,,,,,"177,89",15.0,recibida,,5233.0,0,0,0,0,0,0,0,0,0,0,0,0,0,0,0,0,0,0,0,0,0,0,0,0,0,0,1,0,0,0,0,0,0,0,0,0,0,0,0,0,0,0,0,0,0,0,0,0,0,0,0,0,0,0,0,0,0,0,0,0,,176.87835744467392,,88.61317011020188,
2022/05/31,Lanus Final,completo,16:25:14,19:08:14,pase,,01:27:55,01:27:55,0.0,,15,"215,16",,"116,131",5.0,largo,,5275.0,0,0,0,0,0,0,1,0,0,0,0,0,0,0,0,0,0,0,0,0,0,0,0,0,0,0,0,0,0,0,0,0,0,0,0,0,0,0,0,0,0,0,0,0,0,0,0,0,0,0,0,0,0,0,0,0,0,0,0,0,16.0,116.46612504721458,214.7831600239482,130.86033291732582,16.461112568981196
2022/05/31,Lanus Final,completo,16:25:14,19:08:14,pase,,01:28:00,01:28:00,0.0,,9,"249,86",,"209,8",15.0,medio,,5280.0,0,0,0,0,0,0,0,1,0,0,0,0,0,0,0,0,0,0,0,0,0,0,0,0,0,0,0,0,0,0,0,0,0,0,0,0,0,0,0,0,0,0,0,0,0,0,0,0,0,0,0,0,0,0,0,0,0,0,0,0,21.0,209.4871583092677,249.42956095473437,8.24275319190814,86.40064593903331
2022/05/31,Lanus Final,completo,16:25:14,19:08:14,perdida,,01:28:00,01:28:00,0.0,,,,,"198,4",15.0,interceptado,,5280.0,0,0,0,0,0,0,0,0,0,0,0,0,0,0,0,0,0,0,0,0,0,0,0,0,0,0,0,0,0,0,0,0,0,0,0,0,0,0,0,0,0,0,0,0,0,0,0,0,0,0,0,0,0,0,0,0,0,0,0,0,,198.41676684149462,,3.542806474006099,
2022/05/31,Lanus Final,completo,16:25:14,19:08:14,falta,,01:29:18,01:29:18,0.0,,,,,"185,144",5.0,hecha,,5358.0,0,0,0,0,0,0,0,0,0,0,0,0,0,0,0,0,0,0,0,0,0,0,0,0,0,1,0,0,0,0,0,0,0,0,0,0,0,0,0,0,0,0,0,0,0,0,0,0,0,0,0,0,0,0,0,0,0,0,0,0,,185.11694572367145,,144.16765643615986,
2022/05/31,Lanus Final,completo,16:25:14,19:08:14,pase,,01:30:35,01:30:35,0.0,,10,"113,144",,"14,131",5.0,medio,,5435.0,0,0,0,0,0,0,1,0,0,0,0,0,0,0,0,0,0,0,0,0,0,0,0,0,0,0,0,0,0,0,0,0,0,0,0,0,0,0,0,0,0,0,0,0,0,0,0,0,0,0,0,0,0,0,0,0,0,0,0,0,12.0,14.081579430955827,112.60862027042776,131.40819710550204,144.46218787334084
2022/05/31,Lanus Final,completo,16:25:14,19:08:14,pase,,01:30:38,01:30:38,0.0,,8,"52,75",,"106,131",10.0,corto,,5438.0,0,0,0,0,0,0,1,0,0,0,0,0,0,0,0,0,0,0,0,0,0,0,0,0,0,0,0,0,0,0,0,0,0,0,0,0,0,0,0,0,0,0,0,0,0,0,0,0,0,0,0,0,0,0,0,0,0,0,0,0,8.0,105.9944396844277,52.172960903091465,131.45819435978265,75.4202226773339
2022/05/31,Lanus Final,completo,16:25:14,19:08:14,pase,,01:30:38,01:30:38,0.0,,8,,,"95,133",10.0,corto,,5438.0,0,0,0,0,0,0,1,0,0,0,0,0,0,0,0,0,0,0,0,0,0,0,0,0,0,0,0,0,0,0,0,0,0,0,0,0,0,0,0,0,0,0,0,0,0,0,0,0,0,0,0,0,0,0,0,0,0,0,0,0,,94.7304785361446,,133.4756221356176,
2022/05/31,Lanus Final,completo,16:25:14,19:08:14,pase,,01:30:42,01:30:42,0.0,,,,,"120,70",8.0,corto,,5442.0,0,0,0,0,0,0,1,0,0,0,0,0,0,0,0,0,0,0,0,0,0,0,0,0,0,0,0,0,0,0,0,0,0,0,0,0,0,0,0,0,0,0,0,0,0,0,0,0,0,0,0,0,0,0,0,0,0,0,0,0,,120.17485861744623,,70.46922498354661,
2022/05/31,Lanus Final,completo,16:25:14,19:08:14,pase,,01:30:42,01:30:42,0.0,,,,,"123,63",15.0,corto,,5442.0,0,0,0,0,0,0,1,0,0,0,0,0,0,0,0,0,0,0,0,0,0,0,0,0,0,0,0,0,0,0,0,0,0,0,0,0,0,0,0,0,0,0,0,0,0,0,0,0,0,0,0,0,0,0,0,0,0,0,0,0,,123.12481691736467,,62.557911966628694,
2022/05/31,Lanus Final,completo,16:25:14,19:08:14,pase,,01:30:42,01:30:42,0.0,,,,,"104,9",8.0,corto,,5442.0,0,0,0,0,0,0,1,0,0,0,0,0,0,0,0,0,0,0,0,0,0,0,0,0,0,0,0,0,0,0,0,0,0,0,0,0,0,0,0,0,0,0,0,0,0,0,0,0,0,0,0,0,0,0,0,0,0,0,0,0,,103.76513382458202,,9.058950712390457,
2022/05/31,Lanus Final,completo,16:25:14,19:08:14,pase,,01:30:42,01:30:42,0.0,,,,,"122,2",15.0,corto,,5442.0,0,0,0,0,0,0,1,0,0,0,0,0,0,0,0,0,0,0,0,0,0,0,0,0,0,0,0,0,0,0,0,0,0,0,0,0,0,0,0,0,0,0,0,0,0,0,0,0,0,0,0,0,0,0,0,0,0,0,0,0,,121.54098383427605,,2.3043472644649015,
2022/05/31,Lanus Final,completo,16:25:14,19:08:14,pase,,01:30:50,01:30:50,0.0,,11,"199,80",,"207,35",15.0,medio,,5450.0,0,0,0,0,0,0,0,1,0,0,0,0,0,0,0,0,0,0,0,0,0,0,0,0,0,0,0,0,0,0,0,0,0,0,0,0,0,0,0,0,0,0,0,0,0,0,0,0,0,0,0,0,0,0,0,0,0,0,0,0,17.0,206.93152579021597,199.36380880001747,35.46699572074809,79.75045153021445
2022/05/31,Lanus Final,completo,16:25:14,19:08:14,perdida,,01:30:50,01:30:50,0.0,,,,,"194,4",15.0,interceptado,,5450.0,0,0,0,0,0,0,0,0,0,0,0,0,0,0,0,0,0,0,0,0,0,0,0,0,0,0,0,0,0,0,0,0,0,0,0,0,0,0,0,0,0,0,0,0,0,0,0,0,0,0,0,0,0,0,0,0,0,0,0,0,,194.0307063197599,,4.30913597728556,
2022/05/31,Lanus Final,completo,16:25:14,19:08:14,remate pie,,01:30:57,01:30:57,0.0,,Rival,"248,90",,"205,92",7.0,media distancia,,5457.0,0,0,0,0,0,0,0,0,0,0,0,0,0,0,0,0,0,0,0,0,0,0,0,0,0,0,0,0,0,0,0,0,0,0,0,0,0,0,0,0,0,0,0,0,0,0,0,0,0,0,0,0,0,0,0,0,0,0,0,0,22.0,204.6293274923715,247.90076039837453,92.43471108848486,90.4724890246955
2022/05/31,Lanus Final,completo,16:25:14,19:08:14,pase,,01:31:36,01:31:36,0.0,,9,"168,20",,"157,23",15.0,corto,,5496.0,0,0,0,0,0,0,1,0,0,0,0,0,0,0,0,0,0,0,0,0,0,0,0,0,0,0,0,0,0,0,0,0,0,0,0,0,0,0,0,0,0,0,0,0,0,0,0,0,0,0,0,0,0,0,0,0,0,0,0,0,13.0,157.4875275103976,167.71368596687523,22.958488610899995,19.587000234546327
2022/05/31,Lanus Final,completo,16:25:14,19:08:14,pase,,01:31:38,01:31:38,0.0,,15,"195,11",,"186,18",9.0,corto,,5498.0,0,0,0,0,0,0,1,0,0,0,0,0,0,0,0,0,0,0,0,0,0,0,0,0,0,0,0,0,0,0,0,0,0,0,0,0,0,0,0,0,0,0,0,0,0,0,0,0,0,0,0,0,0,0,0,0,0,0,0,0,16.0,186.00287378003904,195.36567604197177,17.747900593595006,10.533526373811048
2022/05/31,Lanus Final,completo,16:25:14,19:08:14,pase,,01:31:43,01:31:43,0.0,,9,"251,46",,"218,17",15.0,corto,,5503.0,0,0,0,0,0,0,0,0,0,0,0,0,0,0,0,0,0,0,0,0,0,0,0,0,0,0,0,0,0,0,0,0,0,0,0,0,0,0,0,0,0,0,0,0,0,0,0,0,0,0,0,0,0,0,0,0,0,0,0,0,20.0,217.79656624959017,251.35193267216135,16.830094295354883,45.98540076644939
2022/05/31,Lanus Final,completo,16:25:14,19:08:14,perdida,,01:31:45,01:31:45,0.0,,,,,"187,13",15.0,robo,,5505.0,0,0,0,0,0,0,0,0,0,0,0,0,0,0,0,0,0,0,0,0,0,0,0,0,0,0,0,0,0,0,0,0,0,0,0,0,0,0,0,0,0,0,0,0,0,0,0,0,0,0,0,0,0,0,0,0,0,0,0,0,,187.1221438002024,,13.077618518660127,
2022/05/31,Lanus Final,completo,16:25:14,19:08:14,falta,,01:33:08,01:33:08,0.0,,,,,"198,25",10.0,recibida,,5588.0,0,0,0,0,0,0,0,0,0,0,0,0,0,0,0,0,0,0,0,0,0,0,0,0,0,0,1,0,0,0,0,0,0,0,0,0,0,0,0,0,0,0,0,0,0,0,0,0,0,0,0,0,0,0,0,0,0,0,0,0,,197.84476952554,,24.990981436882812,
2022/05/31,Lanus Final,completo,16:25:14,19:08:14,falta,,01:34:20,01:34:20,0.0,,,,,"161,9",15.0,hecha,,5660.0,0,0,0,0,0,0,0,0,0,0,0,0,0,0,0,0,0,0,0,0,0,0,0,0,0,1,0,0,0,0,1,0,0,0,0,0,0,0,0,0,0,0,0,0,0,0,0,0,0,0,0,0,0,0,0,0,0,0,0,0,,161.41682475300036,,8.851296188804326,
2022/05/31,Lanus Final,completo,16:25:14,19:08:14,tarjeta,,01:34:21,01:34:21,0.0,,,,,"152,2",15.0,amarilla,,5661.0,0,0,0,0,0,0,0,0,0,0,0,0,0,0,0,0,0,0,0,0,0,0,0,0,0,0,0,0,0,0,0,0,0,0,0,0,0,0,0,0,0,0,0,0,0,0,0,0,0,0,0,0,0,0,0,0,0,0,0,0,,151.99349293149396,,1.8478195869435936,
2022/05/31,Lanus Final,completo,16:25:14,19:08:14,pase,,01:35:06,01:35:06,0.0,,5,"117,149",,"77,137",2.0,corto,,5706.0,0,0,0,0,0,0,1,0,0,0,0,0,0,0,0,0,0,0,0,0,0,0,0,0,0,0,0,0,0,0,0,0,0,0,0,0,0,0,0,0,0,0,0,0,0,0,0,0,0,0,0,0,0,0,0,0,0,0,0,0,12.0,77.2289074015307,117.33946439960337,137.3686225360754,149.18228307810372
2022/05/31,Lanus Final,completo,16:25:14,19:08:14,pase,,01:35:11,01:35:11,0.0,,9,"191,73",,"119,158",5.0,largo,,5711.0,0,0,0,0,0,0,1,0,0,0,0,0,0,0,0,0,0,0,0,0,0,0,0,0,0,0,0,0,0,0,0,0,0,0,0,0,0,0,0,0,0,0,0,0,0,0,0,0,0,0,0,0,0,0,0,0,0,0,0,0,17.0,118.53561987864771,191.45017817404144,157.98937220196035,72.89503227294954
2022/05/31,Lanus Final,completo,16:25:14,19:08:14,pase,,01:35:14,01:35:14,0.0,,10,"204,91",,"208,68",9.0,corto,,5714.0,0,0,0,0,0,0,1,0,0,0,0,0,0,0,0,0,0,0,0,0,0,0,0,0,0,0,0,0,0,0,0,0,0,0,0,0,0,0,0,0,0,0,0,0,0,0,0,0,0,0,0,0,0,0,0,0,0,0,0,0,17.0,207.51605236800208,203.84001950780237,67.50209790464874,91.06307332210946
2022/05/31,Lanus Final,completo,16:25:14,19:08:14,pase,,01:35:16,01:35:16,0.0,,9,"250,9",,"211,35",10.0,corto,,5716.0,0,0,0,0,0,0,1,0,0,0,0,0,0,0,0,0,0,0,0,0,0,0,0,0,0,0,0,0,0,0,0,0,0,0,0,0,0,0,0,0,0,0,0,0,0,0,0,0,0,0,0,0,0,0,0,0,0,0,0,0,19.0,211.13852333321196,249.73503299144468,34.73201736965463,9.366096552210678
2022/05/31,Lanus Final,completo,16:25:14,19:08:14,pase,,01:35:19,01:35:19,0.0,,8,"215,95",,"270,3",9.0,medio,,5719.0,0,0,0,0,0,0,1,0,0,0,0,0,0,0,0,0,0,0,0,0,0,0,0,0,0,0,0,0,0,0,0,0,0,0,0,0,0,0,0,0,0,0,0,0,0,0,0,0,0,0,0,0,0,0,0,0,0,0,0,0,17.0,270.2063792682222,215.31048103338713,3.080014544632835,94.90837806215413
2022/05/31,Lanus Final,completo,16:25:14,19:08:14,pase,,01:35:20,01:35:20,0.0,,5,"222,77",,"218,91",8.0,corto,,5720.0,0,0,0,0,0,0,1,0,0,0,0,0,0,0,0,0,0,0,0,0,0,0,0,0,0,0,0,0,0,0,0,0,0,0,0,0,0,0,0,0,0,0,0,0,0,0,0,0,0,0,0,0,0,0,0,0,0,0,0,0,17.0,218.0834755491078,221.75723153206653,91.41266540824871,77.33557933761048
2022/05/31,Lanus Final,completo,16:25:14,19:08:14,remate pie,,01:35:24,01:35:24,0.0,,Rival,"241,62",,"195,65",5.0,media distancia,,5724.0,0,0,0,0,0,0,0,0,0,0,0,0,0,0,0,0,0,0,0,0,0,0,0,0,0,0,0,0,0,0,0,0,0,0,0,0,0,0,0,0,0,0,0,0,0,0,0,0,0,0,0,0,0,0,0,0,0,0,0,0,22.0,195.14715264293105,240.61055453875767,65.23299033961105,62.127570883930304
2022/05/31,Lanus Final,completo,16:25:14,19:08:14,falta,,01:36:08,01:36:08,0.0,,,,,"150,8",6.0,hecha,,5768.0,0,0,0,0,0,0,0,0,0,0,0,0,0,0,0,0,0,0,0,0,0,0,0,0,0,1,0,0,0,0,0,0,0,0,0,0,0,0,0,0,0,0,0,0,0,0,0,0,0,0,0,0,0,0,0,0,0,0,0,0,,150.2633136270781,,8.28413675284813,
2022/05/31,Lanus Final,completo,16:25:14,19:08:14,pase,,01:37:23,01:37:23,0.0,,2,"111,152",,"121,78",5.0,corto,,5843.0,0,0,0,0,0,0,1,0,0,0,0,0,0,0,0,0,0,0,0,0,0,0,0,0,0,0,0,0,0,0,0,0,0,0,0,0,0,0,0,0,0,0,0,0,0,0,0,0,0,0,0,0,0,0,0,0,0,0,0,0,12.0,120.79878015231924,111.30070772450175,77.82237860623914,151.63154126188385
2022/05/31,Lanus Final,completo,16:25:14,19:08:14,pase,,01:37:27,01:37:27,0.0,,4,"202,145",,"103,143",2.0,medio,,5847.0,0,0,0,0,0,0,1,0,0,0,0,0,0,0,0,0,0,0,0,0,0,0,0,0,0,0,0,0,0,0,0,0,0,0,0,0,0,0,0,0,0,0,0,0,0,0,0,0,0,0,0,0,0,0,0,0,0,0,0,0,18.0,103.4717537096344,202.07844620203983,143.41884264168584,145.36968853213895
2022/05/31,Lanus Final,completo,16:25:14,19:08:14,pase,,01:37:30,01:37:30,0.0,,11,"251,99",,"220,156",4.0,medio,,5850.0,0,0,0,0,0,0,0,1,0,0,0,0,0,0,0,0,0,0,0,0,0,0,0,0,0,0,0,0,0,0,0,0,0,0,0,0,0,0,0,0,0,0,0,0,0,0,0,0,0,0,0,0,0,0,0,0,0,0,0,0,21.0,219.56732194964422,251.17600938090217,156.17740743124108,99.0194646005709
2022/05/31,Lanus Final,completo,16:25:14,19:08:14,perdida,,01:37:31,01:37:31,0.0,,,,,"209,153",4.0,interceptado,,5851.0,0,0,0,0,0,0,0,0,0,0,0,0,0,0,0,0,0,0,0,0,0,0,0,0,0,0,0,0,0,0,0,0,0,0,0,0,0,0,0,0,0,0,0,0,0,0,0,0,0,0,0,0,0,0,0,0,0,0,0,0,,208.79344927972852,,153.37136395486678,
2022/05/31,Lanus Final,completo,16:25:14,19:08:14,sustitucion,,01:38:29,01:38:29,0.0,,,,,,,,,5909.0,0,0,0,0,0,0,0,0,0,0,0,0,0,0,0,0,0,0,0,0,0,0,0,0,0,0,0,0,0,0,0,0,0,0,0,0,0,0,0,0,0,0,0,0,0,0,0,0,0,0,0,0,0,0,0,0,0,0,0,0,,,,,
2022/05/31,Lanus Final,completo,16:25:14,19:08:14,falta,,01:38:04,01:38:04,0.0,,,,,"141,126",2.0,recibida,,5884.0,0,0,0,0,0,0,0,0,0,0,0,0,0,0,0,0,0,0,0,0,0,0,0,0,0,0,1,0,0,0,0,0,0,0,0,0,0,0,0,0,0,0,0,0,0,0,0,0,0,0,0,0,0,0,0,0,0,0,0,0,,141.13249206445096,,126.10823346808978,
2022/05/31,Lanus Final,completo,16:25:14,19:08:14,pase,,01:40:45,01:40:45,0.0,,11,"196,27",,"52,24",6.0,largo,,6045.0,0,0,0,0,0,0,1,0,0,0,0,0,0,0,0,0,0,0,0,0,0,0,0,0,0,0,0,0,0,0,0,0,0,0,0,0,0,0,0,0,0,0,0,0,0,0,0,0,0,0,0,0,0,0,0,0,0,0,0,0,16.0,51.78852053386376,195.94468750552875,23.52380857800173,27.440139709050786
2022/05/31,Lanus Final,completo,16:25:14,19:08:14,pase,,01:40:52,01:40:52,0.0,,10,"239,18",,"253,1",11.0,corto,,6052.0,0,0,0,0,0,0,1,0,0,0,0,0,0,0,0,0,0,0,0,0,0,0,0,0,0,0,0,0,0,0,0,0,0,0,0,0,0,0,0,0,0,0,0,0,0,0,0,0,0,0,0,0,0,0,0,0,0,0,0,0,19.0,253.03309859573938,239.12218594122365,0.6608827563943649,18.349911002008138
2022/05/31,Lanus Final,completo,16:25:14,19:08:14,pase,,01:42:09,01:42:09,0.0,,9,"111,69",,"86,75",6.0,corto,,6129.0,0,0,0,0,0,0,0,0,0,0,0,0,0,0,0,0,0,0,0,0,0,0,0,0,0,0,0,0,0,0,0,0,0,0,0,0,0,0,0,0,0,0,0,0,0,0,0,0,0,0,0,0,0,0,0,0,0,0,0,0,11.0,85.59515749027058,111.18676610593165,75.45891842680642,69.42965723593811
2022/05/31,Lanus Final,completo,16:25:14,19:08:14,perdida,,01:42:13,01:42:13,0.0,,,,,"46,100",6.0,robo,,6133.0,0,0,0,0,0,0,0,0,0,0,0,0,0,0,0,0,0,0,0,0,0,0,0,0,0,0,0,0,0,0,0,0,0,0,0,0,0,0,0,0,0,0,0,0,0,0,0,0,0,0,0,0,0,0,0,0,0,0,0,0,,46.24467955073597,,100.45370430083423,
2022/05/31,Lanus Final,completo,16:25:14,19:08:14,pase,,01:42:25,01:42:25,0.0,,11,"222,149",,"167,74",5.0,medio,,6145.0,0,0,0,0,0,0,1,0,0,0,0,0,0,0,0,0,0,0,0,0,0,0,0,0,0,0,0,0,0,0,0,0,0,0,0,0,0,0,0,0,0,0,0,0,0,0,0,0,0,0,0,0,0,0,0,0,0,0,0,0,18.0,167.01401875982822,221.99071016742616,74.27836012406897,149.44076430652962
2022/05/31,Lanus Final,completo,16:25:14,19:08:14,pase,,01:42:28,01:42:28,0.0,,9,"224,77",,"206,132",11.0,corto,,6148.0,0,0,0,0,0,0,0,1,0,0,0,0,0,0,0,0,0,0,0,0,0,0,0,0,0,0,0,0,0,0,0,0,0,0,0,0,0,0,0,0,0,0,0,0,0,0,0,0,0,0,0,0,0,0,0,0,0,0,0,0,21.0,206.3212947763706,223.63725453275688,131.99569010338678,77.02729323483771
2022/05/31,Lanus Final,completo,16:25:14,19:08:14,perdida,,01:42:28,01:42:28,0.0,,,,,"203,129",11.0,interceptado,,6148.0,0,0,0,0,0,0,0,0,0,0,0,0,0,0,0,0,0,0,0,0,0,0,0,0,0,0,0,0,0,0,0,0,0,0,0,0,0,0,0,0,0,0,0,0,0,0,0,0,0,0,0,0,0,0,0,0,0,0,0,0,,202.58590089973856,,128.82637957404512,
2022/05/31,Lanus Final,completo,16:25:14,19:08:14,falta,,01:42:50,01:42:50,0.0,,,,,"185,140",11.0,hecha,,6170.0,0,0,0,0,0,0,0,0,0,0,0,0,0,0,0,0,0,0,0,0,0,0,0,0,0,1,0,0,0,0,0,0,0,0,0,0,0,0,0,0,0,0,0,0,0,0,0,0,0,0,0,0,0,0,0,0,0,0,0,0,,185.06041534795082,,140.29794909414522,
2022/05/31,Lanus Final,completo,16:25:14,19:08:14,pase,,01:44:45,01:44:45,0.0,,4,"162,123",,"141,93",11.0,corto,,6285.0,0,0,0,0,0,0,1,0,0,0,0,0,0,0,0,0,0,0,0,0,0,0,0,0,0,0,0,0,0,0,0,0,0,0,0,0,0,0,0,0,0,0,0,0,0,0,0,0,0,0,0,0,0,0,0,0,0,0,0,0,15.0,141.20285722184855,162.25108944281519,92.68757595668815,123.08450164447416
2022/05/31,Lanus Final,completo,16:25:14,19:08:14,pase,,01:44:47,01:44:47,0.0,,2,"88,144",,"168,149",4.0,corto,,6287.0,0,0,0,0,0,0,1,0,0,0,0,0,0,0,0,0,0,0,0,0,0,0,0,0,0,0,0,0,0,0,0,0,0,0,0,0,0,0,0,0,0,0,0,0,0,0,0,0,0,0,0,0,0,0,0,0,0,0,0,0,12.0,168.2343253560963,87.82820244406851,149.3016571108548,144.105691667967
2022/05/31,Lanus Final,completo,16:25:14,19:08:14,pase,,01:44:50,01:44:50,0.0,,5,"115,65",,"113,123",2.0,corto,,6290.0,0,0,0,0,0,0,1,0,0,0,0,0,0,0,0,0,0,0,0,0,0,0,0,0,0,0,0,0,0,0,0,0,0,0,0,0,0,0,0,0,0,0,0,0,0,0,0,0,0,0,0,0,0,0,0,0,0,0,0,0,11.0,113.43336343031237,115.19743529903371,122.72097917518374,64.91603632944317
2022/05/31,Lanus Final,completo,16:25:14,19:08:14,pase,,01:44:55,01:44:55,0.0,,4,"152,129",,"149,138",5.0,corto,,6295.0,0,0,0,0,0,0,1,0,0,0,0,0,0,0,0,0,0,0,0,0,0,0,0,0,0,0,0,0,0,0,0,0,0,0,0,0,0,0,0,0,0,0,0,0,0,0,0,0,0,0,0,0,0,0,0,0,0,0,0,0,15.0,149.02935205129614,152.45382385209635,137.8428433969843,128.77083637984327
2022/05/31,Lanus Final,completo,16:25:14,19:08:14,pase,,01:44:57,01:44:57,0.0,,2,"178,128",,"148,155",4.0,corto,,6297.0,0,0,0,0,0,0,1,0,0,0,0,0,0,0,0,0,0,0,0,0,0,0,0,0,0,0,0,0,0,0,0,0,0,0,0,0,0,0,0,0,0,0,0,0,0,0,0,0,0,0,0,0,0,0,0,0,0,0,0,0,15.0,147.56495219811165,177.59391469828742,155.38234232503228,127.69513133745595
2022/05/31,Lanus Final,completo,16:25:14,19:08:14,pase,,01:45:27,01:45:27,0.0,,10,"260,27",,"249,25",9.0,corto,,6327.0,0,0,0,0,0,0,1,0,0,0,0,0,0,0,0,0,0,0,0,0,0,0,0,0,0,0,0,0,0,0,0,0,0,0,0,0,0,0,0,0,0,0,0,0,0,0,0,0,0,0,0,0,0,0,0,0,0,0,0,0,19.0,249.33574816377902,259.88266489743,24.577815694895122,27.33899204412178
2022/05/31,Lanus Final,completo,16:25:14,19:08:14,pase,,01:45:29,01:45:29,0.0,,9,"200,9",,"251,16",10.0,corto,,6329.0,0,0,0,0,0,0,1,0,0,0,0,0,0,0,0,0,0,0,0,0,0,0,0,0,0,0,0,0,0,0,0,0,0,0,0,0,0,0,0,0,0,0,0,0,0,0,0,0,0,0,0,0,0,0,0,0,0,0,0,0,16.0,250.84125528772648,200.1683750410011,16.29972950944589,8.89962320569498
2022/05/31,Lanus Final,completo,16:25:14,19:08:14,pase,,01:45:31,01:45:31,0.0,,5,"208,66",,"221,39",9.0,medio,,6331.0,0,0,0,0,0,0,1,0,0,0,0,0,0,0,0,0,0,0,0,0,0,0,0,0,0,0,0,0,0,0,0,0,0,0,0,0,0,0,0,0,0,0,0,0,0,0,0,0,0,0,0,0,0,0,0,0,0,0,0,0,17.0,220.79575734304754,208.30628449478678,38.925305582001364,66.33828338530076
2022/05/31,Lanus Final,completo,16:25:14,19:08:14,pase,,01:45:33,01:45:33,0.0,,11,"251,78",,"207,61",5.0,medio,,6333.0,0,0,0,0,0,0,0,1,0,0,0,0,0,0,0,0,0,0,0,0,0,0,0,0,0,0,0,0,0,0,0,0,0,0,0,0,0,0,0,0,0,0,0,0,0,0,0,0,0,0,0,0,0,0,0,0,0,0,0,0,22.0,206.7111312390033,250.703693351428,61.37294904598547,78.2899137943994
2022/05/31,Lanus Final,completo,16:25:14,19:08:14,perdida,,01:45:33,01:45:33,0.0,,,,,"190,75",5.0,interceptado,,6333.0,0,0,0,0,0,0,0,0,0,0,0,0,0,0,0,0,0,0,0,0,0,0,0,0,0,0,0,0,0,0,0,0,0,0,0,0,0,0,0,0,0,0,0,0,0,0,0,0,0,0,0,0,0,0,0,0,0,0,0,0,,189.67786674633487,,75.49404276984234,
2022/05/31,Lanus Final,completo,16:25:14,19:08:14,pase,,01:45:00,01:45:00,0.0,,6,"144,38",,"93,141",2.0,medio,,6300.0,0,0,0,0,0,0,1,0,0,0,0,0,0,0,0,0,0,0,0,0,0,0,0,0,0,0,0,0,0,0,0,0,0,0,0,0,0,0,0,0,0,0,0,0,0,0,0,0,0,0,0,0,0,0,0,0,0,0,0,0,13.0,92.97287800273125,143.79649796215168,141.07438591871082,37.61948448794093
2022/05/31,Lanus Final,completo,16:25:14,19:08:14,pase,,01:45:03,01:45:03,0.0,,15,"205,36",,"147,39",6.0,corto,,6303.0,0,0,0,0,0,0,1,0,0,0,0,0,0,0,0,0,0,0,0,0,0,0,0,0,0,0,0,0,0,0,0,0,0,0,0,0,0,0,0,0,0,0,0,0,0,0,0,0,0,0,0,0,0,0,0,0,0,0,0,0,16.0,147.25894099226983,205.3481517278066,39.04050815060287,36.19272054570662
2022/05/31,Lanus Final,completo,16:25:14,19:08:14,pase,,01:45:06,01:45:06,0.0,,9,"208,88",,"221,36",15.0,corto,,6306.0,0,0,0,0,0,0,0,0,0,0,0,0,0,0,0,0,0,0,0,0,0,0,0,0,0,0,0,0,0,0,0,0,0,0,0,0,0,0,0,0,0,0,0,0,0,0,0,0,0,0,0,0,0,0,0,0,0,0,0,0,17.0,221.06007260993735,207.79933930764642,35.831731329857526,87.62958949769286
2022/05/31,Lanus Final,completo,16:25:14,19:08:14,perdida,,01:45:07,01:45:07,0.0,,,,,"192,33",15.0,robo,,6307.0,0,0,0,0,0,0,0,0,0,0,0,0,0,0,0,0,0,0,0,0,0,0,0,0,0,0,0,0,0,0,0,0,0,0,0,0,0,0,0,0,0,0,0,0,0,0,0,0,0,0,0,0,0,0,0,0,0,0,0,0,,192.46117990856405,,33.47705031145096,
2022/05/31,Lanus Final,completo,16:25:14,19:08:14,falta,,01:46:14,01:46:14,0.0,,,,,"204,97",5.0,hecha,,6374.0,0,0,0,0,0,0,0,0,0,0,0,0,0,0,0,0,0,0,0,0,0,0,0,0,0,1,0,0,0,0,1,0,0,0,0,0,0,0,0,0,0,0,0,0,0,0,0,0,0,0,0,0,0,0,0,0,0,0,0,0,,204.21681017919775,,96.74442711833625,
2022/05/31,Lanus Final,completo,16:25:14,19:08:14,tarjeta,,01:46:15,01:46:15,0.0,,,,,"188,72",5.0,amarilla,,6375.0,0,0,0,0,0,0,0,0,0,0,0,0,0,0,0,0,0,0,0,0,0,0,0,0,0,0,0,0,0,0,0,0,0,0,0,0,0,0,0,0,0,0,0,0,0,0,0,0,0,0,0,0,0,0,0,0,0,0,0,0,,188.38720490298886,,71.75534744804251,
2022/05/31,Lanus Final,completo,16:25:14,19:08:14,remate cabeza,,01:46:09,01:46:09,0.0,,Rival,"270,75",,"228,63",2.0,dificil,,6369.0,0,1,0,0,1,0,0,0,0,0,0,0,0,0,0,0,0,0,0,0,0,0,0,0,0,0,0,0,0,0,0,0,0,0,0,0,0,0,0,0,0,0,0,0,0,0,0,0,0,0,0,0,0,0,0,0,0,0,0,0,22.0,227.72106200985147,270.4665624540714,62.92126034930771,75.14106633716152
2022/05/31,Lanus Final,completo,16:25:14,19:08:14,perdida,,01:46:09,01:46:09,0.0,,,,,"233,68",2.0,balon afuera fondo,,6369.0,0,0,0,0,0,0,0,0,0,0,0,0,0,0,0,0,0,0,0,0,0,0,0,0,0,0,0,0,0,0,0,0,0,0,0,0,0,0,0,0,0,0,0,0,0,0,0,0,0,0,0,0,0,0,0,0,0,0,0,0,,232.58020026281042,,67.5769946039536,
2022/05/31,Lanus Final,completo,16:25:14,19:08:14,falta,,01:48:03,01:48:03,0.0,,,,,"243,135",6.0,recibida,,6483.0,0,0,0,0,0,0,0,0,0,0,0,0,0,0,0,0,0,0,0,0,0,0,0,0,0,0,1,0,0,0,0,0,0,0,0,0,0,0,0,0,0,0,0,0,0,0,0,0,0,0,0,0,0,0,0,0,0,0,0,0,,243.36421113679927,,134.6990042437007,
2022/05/31,Lanus Final,completo,16:25:14,19:08:14,pase,,01:48:37,01:48:37,0.0,,9,"210,98",,"115,125",2.0,largo,,6517.0,0,0,0,0,0,0,1,0,0,0,0,0,0,0,0,0,0,0,0,0,0,0,0,0,0,0,0,0,0,0,0,0,0,0,0,0,0,0,0,0,0,0,0,0,0,0,0,0,0,0,0,0,0,0,0,0,0,0,0,0,17.0,114.83834780950218,209.8620153818342,124.84798434343915,98.41568417941377
2022/05/31,Lanus Final,completo,16:25:14,19:08:14,pase,,01:48:45,01:48:45,0.0,,8,"185,83",,"218,94",9.0,corto,,6525.0,0,0,0,0,0,0,1,0,0,0,0,0,0,0,0,0,0,0,0,0,0,0,0,0,0,0,0,0,0,0,0,0,0,0,0,0,0,0,0,0,0,0,0,0,0,0,0,0,0,0,0,0,0,0,0,0,0,0,0,0,17.0,217.78468856322326,185.25307410261306,93.92172918228735,82.69855673615768
2022/05/31,Lanus Final,completo,16:25:14,19:08:14,pase,,01:48:48,01:48:48,0.0,,6,"111,95",,"152,95",8.0,medio,,6528.0,0,0,0,0,0,0,1,0,0,0,0,0,0,0,0,0,0,0,0,0,0,0,0,0,0,0,0,0,0,0,0,0,0,0,0,0,0,0,0,0,0,0,0,0,0,0,0,0,0,0,0,0,0,0,0,0,0,0,0,0,11.0,151.5699940164931,111.39054101855184,94.69282702085536,95.47785037131217
2022/05/31,Lanus Final,completo,16:25:14,19:08:14,pase,,01:48:52,01:48:52,0.0,,15,"148,24",,"92,100",6.0,medio,,6532.0,0,0,0,0,0,0,1,0,0,0,0,0,0,0,0,0,0,0,0,0,0,0,0,0,0,0,0,0,0,0,0,0,0,0,0,0,0,0,0,0,0,0,0,0,0,0,0,0,0,0,0,0,0,0,0,0,0,0,0,0,13.0,91.55445395126281,148.38249870650986,99.82608768635255,24.41787069760253
2022/05/31,Lanus Final,completo,16:25:14,19:08:14,pase,,01:49:01,01:49:01,0.0,,8,"199,33",,"179,3",15.0,corto,,6541.0,0,0,0,0,0,0,1,0,0,0,0,0,0,0,0,0,0,0,0,0,0,0,0,0,0,0,0,0,0,0,0,0,0,0,0,0,0,0,0,0,0,0,0,0,0,0,0,0,0,0,0,0,0,0,0,0,0,0,0,0,16.0,179.19720386354075,198.82743527066876,3.17720718495017,32.91582293039632
2022/05/31,Lanus Final,completo,16:25:14,19:08:14,falta,,01:49:27,01:49:27,0.0,,,,,"255,31",9.0,recibida,,6567.0,0,0,0,0,0,0,0,0,0,0,0,0,0,0,0,0,0,0,0,0,0,0,0,0,0,0,1,0,0,0,0,0,0,0,0,0,0,0,0,0,0,0,0,0,0,0,0,0,0,0,0,0,0,0,0,0,0,0,0,0,,255.31397018232406,,31.026676123342305,
2022/05/31,Lanus Final,completo,16:25:14,19:08:14,falta,,01:51:37,01:51:37,0.0,,,,,"150,73",8.0,recibida,,6697.0,0,0,0,0,0,0,0,0,0,0,0,0,0,0,0,0,0,0,0,0,0,0,0,0,0,0,1,0,0,0,0,0,0,0,0,0,0,0,0,0,0,0,0,0,0,0,0,0,0,0,0,0,0,0,0,0,0,0,0,0,,150.31671524708844,,72.53533483086935,
2022/05/31,Lanus Final,completo,16:25:14,19:08:14,pase,,01:52:47,01:52:47,0.0,,1,"18,80",,"41,100",8.0,corto,,6767.0,0,0,0,0,0,0,1,0,0,0,0,0,0,0,0,0,0,0,0,0,0,0,0,0,0,0,0,0,0,0,0,0,0,0,0,0,0,0,0,0,0,0,0,0,0,0,0,0,0,0,0,0,0,0,0,0,0,0,0,0,3.0,40.62290430180487,18.218444782717146,99.72526183411017,80.35609694444496
2022/05/31,Lanus Final,completo,16:25:14,19:08:14,pase,,01:53:57,01:53:57,0.0,,2,"49,145",,"63,154",1.0,corto,,6837.0,0,0,0,0,0,0,1,0,0,0,0,0,0,0,0,0,0,0,0,0,0,0,0,0,0,0,0,0,0,0,0,0,0,0,0,0,0,0,0,0,0,0,0,0,0,0,0,0,0,0,0,0,0,0,0,0,0,0,0,0,9.0,62.761768554628134,48.64656796707822,154.47745046030803,144.92914832596534
2022/05/31,Lanus Final,completo,16:25:14,19:08:14,pase,,01:54:00,01:54:00,0.0,,4,"117,156",,"85,152",2.0,corto,,6840.0,0,0,0,0,0,0,1,0,0,0,0,0,0,0,0,0,0,0,0,0,0,0,0,0,0,0,0,0,0,0,0,0,0,0,0,0,0,0,0,0,0,0,0,0,0,0,0,0,0,0,0,0,0,0,0,0,0,0,0,0,12.0,84.5995810828789,117.33631306243203,151.806702873469,156.10821195953412
2022/05/31,Lanus Final,completo,16:25:14,19:08:14,pase,,01:54:02,01:54:02,0.0,,5,"101,94",,"92,128",4.0,corto,,6842.0,0,0,0,0,0,0,1,0,0,0,0,0,0,0,0,0,0,0,0,0,0,0,0,0,0,0,0,0,0,0,0,0,0,0,0,0,0,0,0,0,0,0,0,0,0,0,0,0,0,0,0,0,0,0,0,0,0,0,0,0,11.0,91.71778995717565,101.21935740798554,127.69303638770437,93.69624866854052
2022/05/31,Lanus Final,completo,16:25:14,19:08:14,pase,,01:54:06,01:54:06,0.0,,8,"175,24",,"94,82",5.0,medio,,6846.0,0,0,0,0,0,0,0,1,0,0,0,0,0,0,0,0,0,0,0,0,0,0,0,0,0,0,0,0,0,0,0,0,0,0,0,0,0,0,0,0,0,0,0,0,0,0,0,0,0,0,0,0,0,0,0,0,0,0,0,0,13.0,94.06465956186649,175.35455048677017,82.36419984628479,24.25608999835001
2022/05/31,Lanus Final,completo,16:25:14,19:08:14,perdida,,01:54:06,01:54:06,0.0,,,,,"119,95",5.0,interceptado,,6846.0,0,0,0,0,0,0,0,0,0,0,0,0,0,0,0,0,0,0,0,0,0,0,0,0,0,0,0,0,0,0,0,0,0,0,0,0,0,0,0,0,0,0,0,0,0,0,0,0,0,0,0,0,0,0,0,0,0,0,0,0,,119.42469924377866,,94.8688022525667,
2022/05/31,Lanus Final,completo,16:25:14,19:08:14,pase,,01:54:37,01:54:37,0.0,,6,"76,95",,"118,120",2.0,medio,,6877.0,0,0,0,0,0,0,1,0,0,0,0,0,0,0,0,0,0,0,0,0,0,0,0,0,0,0,0,0,0,0,0,0,0,0,0,0,0,0,0,0,0,0,0,0,0,0,0,0,0,0,0,0,0,0,0,0,0,0,0,0,8.0,118.00336928639257,76.13394861527416,119.67686932469962,95.49741067363557
2022/05/31,Lanus Final,completo,16:25:14,19:08:14,pase,,01:54:40,01:54:40,0.0,,2,"55,151",,"84,74",6.0,corto,,6880.0,0,0,0,0,0,0,1,0,0,0,0,0,0,0,0,0,0,0,0,0,0,0,0,0,0,0,0,0,0,0,0,0,0,0,0,0,0,0,0,0,0,0,0,0,0,0,0,0,0,0,0,0,0,0,0,0,0,0,0,0,9.0,84.07497447270704,55.26708833375917,74.21483849650637,150.88109557269564
2022/05/31,Lanus Final,completo,16:25:14,19:08:14,pase,,01:54:43,01:54:43,0.0,,1,"2,97",,"80,130",2.0,corto,,6883.0,0,0,0,0,0,0,1,0,0,0,0,0,0,0,0,0,0,0,0,0,0,0,0,0,0,0,0,0,0,0,0,0,0,0,0,0,0,0,0,0,0,0,0,0,0,0,0,0,0,0,0,0,0,0,0,0,0,0,0,0,3.0,79.93102912885115,1.567769205197214,129.73241337774476,96.92867508767858
2022/05/31,Lanus Final,completo,16:25:14,19:08:14,pase,,01:54:30,01:54:30,0.0,,18,"105,143",,"78,155",9.0,corto,,6870.0,0,0,0,0,0,0,1,0,0,0,0,0,0,0,0,0,0,0,0,0,0,0,0,0,0,0,0,0,0,0,0,0,0,0,0,0,0,0,0,0,0,0,0,0,0,0,0,0,0,0,0,0,0,0,0,0,0,0,0,0,12.0,78.27025205459452,104.74711101703372,155.26122185999273,142.7889563641123
2022/05/31,Lanus Final,completo,16:25:14,19:08:14,pase,,01:54:33,01:54:33,0.0,,2,"123,127",,"102,144",18.0,corto,,6873.0,0,0,0,0,0,0,1,0,0,0,0,0,0,0,0,0,0,0,0,0,0,0,0,0,0,0,0,0,0,0,0,0,0,0,0,0,0,0,0,0,0,0,0,0,0,0,0,0,0,0,0,0,0,0,0,0,0,0,0,0,12.0,101.7816660280175,123.01388765594155,144.1445733447904,126.89084657554908
2022/05/31,Lanus Final,completo,16:25:14,19:08:14,pase,,01:54:46,01:54:46,0.0,,4,"101,149",,"16,81",1.0,medio,,6886.0,0,0,0,0,0,0,1,0,0,0,0,0,0,0,0,0,0,0,0,0,0,0,0,0,0,0,0,0,0,0,0,0,0,0,0,0,0,0,0,0,0,0,0,0,0,0,0,0,0,0,0,0,0,0,0,0,0,0,0,0,12.0,15.543513788213637,100.53495304022121,81.41295674355109,148.80813484528423
2022/05/31,Lanus Final,completo,16:25:14,19:08:14,pase,,01:54:48,01:54:48,0.0,,8,"123,154",,"101,124",4.0,corto,,6888.0,0,0,0,0,0,0,1,0,0,0,0,0,0,0,0,0,0,0,0,0,0,0,0,0,0,0,0,0,0,0,0,0,0,0,0,0,0,0,0,0,0,0,0,0,0,0,0,0,0,0,0,0,0,0,0,0,0,0,0,0,12.0,100.57988425125816,122.54124623585757,124.1874457118305,153.9868773576632
2022/05/31,Lanus Final,completo,16:25:14,19:08:14,pase,,01:54:53,01:54:53,0.0,,9,"255,72",,"112,118",8.0,largo,,6893.0,0,0,0,0,0,0,0,1,0,0,0,0,0,0,0,0,0,0,0,0,0,0,0,0,0,0,0,0,0,0,0,0,0,0,0,0,0,0,0,0,0,0,0,0,0,0,0,0,0,0,0,0,0,0,0,0,0,0,0,0,21.0,112.40785530560777,254.63505162489452,118.3673445996745,72.09241435786264
2022/05/31,Lanus Final,completo,16:25:14,19:08:14,perdida,,01:54:54,01:54:54,0.0,,,,,"95,153",8.0,interceptado,,6894.0,0,0,0,0,0,0,0,0,0,0,0,0,0,0,0,0,0,0,0,0,0,0,0,0,0,0,0,0,0,0,0,0,0,0,0,0,0,0,0,0,0,0,0,0,0,0,0,0,0,0,0,0,0,0,0,0,0,0,0,0,,94.78802012617368,,152.94597527055205,
2022/05/31,Lanus Final,completo,16:25:14,19:08:14,pase,,01:56:58,01:56:58,0.0,,10,"218,32",,"200,18",11.0,corto,,7018.0,0,0,0,0,0,0,1,0,0,0,0,0,0,0,0,0,0,0,0,0,0,0,0,0,0,0,0,0,0,0,0,0,0,0,0,0,0,0,0,0,0,0,0,0,0,0,0,0,0,0,0,0,0,0,0,0,0,0,0,0,16.0,200.31860525993318,217.83142731373857,18.18071326046979,32.31508096421925
2022/05/31,Lanus Final,completo,16:25:14,19:08:14,pase,,01:57:04,01:57:04,0.0,,11,"192,85",,"219,65",10.0,corto,,7024.0,0,0,0,0,0,0,1,0,0,0,0,0,0,0,0,0,0,0,0,0,0,0,0,0,0,0,0,0,0,0,0,0,0,0,0,0,0,0,0,0,0,0,0,0,0,0,0,0,0,0,0,0,0,0,0,0,0,0,0,0,17.0,218.60312152729637,192.22210215490853,64.63934857747888,84.91110013311516
2022/05/31,Lanus Final,completo,16:25:14,19:08:14,pase,,01:59:31,01:59:31,0.0,,5,"149,29",,"177,3",8.0,corto,,7171.0,0,0,0,0,0,0,1,0,0,0,0,0,0,0,0,0,0,0,0,0,0,0,0,0,0,0,0,0,0,0,0,0,0,0,0,0,0,0,0,0,0,0,0,0,0,0,0,0,0,0,0,0,0,0,0,0,0,0,0,0,13.0,176.74285699983758,149.1510872070108,3.3361449439445607,28.5424035597686
2022/05/31,Lanus Final,completo,16:25:14,19:08:14,pase,,01:59:34,01:59:34,0.0,,11,"214,74",,"142,78",5.0,corto,,7174.0,0,0,0,0,0,0,1,0,0,0,0,0,0,0,0,0,0,0,0,0,0,0,0,0,0,0,0,0,0,0,0,0,0,0,0,0,0,0,0,0,0,0,0,0,0,0,0,0,0,0,0,0,0,0,0,0,0,0,0,0,17.0,142.03337769201477,214.48191471706832,77.56070110723454,74.36871126865493
2022/05/31,Lanus Final,completo,16:25:14,19:08:14,pase,,01:59:36,01:59:36,0.0,,18,"225,16",,"196,69",11.0,corto,,7176.0,0,0,0,0,0,0,1,0,0,0,0,0,0,0,0,0,0,0,0,0,0,0,0,0,0,0,0,0,0,0,0,0,0,0,0,0,0,0,0,0,0,0,0,0,0,0,0,0,0,0,0,0,0,0,0,0,0,0,0,0,16.0,196.4880445419032,224.63548726702254,69.11290627647594,16.05995321625445
2022/05/31,Lanus Final,completo,16:25:14,19:08:14,pase,,01:59:42,01:59:42,0.0,,15,"194,34",,"245,15",18.0,corto,,7182.0,0,0,0,0,0,0,1,0,0,0,0,0,0,0,0,0,0,0,0,0,0,0,0,0,0,0,0,0,0,0,0,0,0,0,0,0,0,0,0,0,0,0,0,0,0,0,0,0,0,0,0,0,0,0,0,0,0,0,0,0,16.0,244.95426174732796,194.19078029657283,14.599288100215837,33.96949302396887
2022/05/31,Lanus Final,completo,16:25:14,19:08:14,pase,,01:59:46,01:59:46,0.0,,4,"218,159",,"207,24",15.0,medio,,7186.0,0,0,0,0,0,0,1,0,0,0,0,0,0,0,0,0,0,0,0,0,0,0,0,0,0,0,0,0,0,0,0,0,0,0,0,0,0,0,0,0,0,0,0,0,0,0,0,0,0,0,0,0,0,0,0,0,0,0,0,0,18.0,206.7522905081775,217.8613269693162,23.679974440757785,158.79417416525678
2022/05/31,Lanus Final,completo,16:25:14,19:08:14,pase,,01:59:49,01:59:49,0.0,,2,"171,142",,"204,127",4.0,corto,,7189.0,0,0,0,0,0,0,1,0,0,0,0,0,0,0,0,0,0,0,0,0,0,0,0,0,0,0,0,0,0,0,0,0,0,0,0,0,0,0,0,0,0,0,0,0,0,0,0,0,0,0,0,0,0,0,0,0,0,0,0,0,15.0,204.44402910504837,170.78043845603463,127.49023133141768,141.687564818483
2022/05/31,Lanus Final,completo,16:25:14,19:08:14,pase,,01:59:54,01:59:54,0.0,,6,"178,14",,"159,148",2.0,medio,,7194.0,0,0,0,0,0,0,1,0,0,0,0,0,0,0,0,0,0,0,0,0,0,0,0,0,0,0,0,0,0,0,0,0,0,0,0,0,0,0,0,0,0,0,0,0,0,0,0,0,0,0,0,0,0,0,0,0,0,0,0,0,13.0,158.519288776457,178.33659184845004,148.06026000425695,13.546457907282281
2022/05/31,Lanus Final,completo,16:25:14,19:08:14,pase,,01:59:55,01:59:55,0.0,,15,"206,5",,"149,8",6.0,corto,,7195.0,0,0,0,0,0,0,1,0,0,0,0,0,0,0,0,0,0,0,0,0,0,0,0,0,0,0,0,0,0,0,0,0,0,0,0,0,0,0,0,0,0,0,0,0,0,0,0,0,0,0,0,0,0,0,0,0,0,0,0,0,16.0,148.87620097577658,206.19522559593238,7.981869681881317,4.612951947900655
2022/05/31,Lanus Final,completo,16:25:14,19:08:14,pase,,01:59:59,01:59:59,0.0,,5,"206,28",,"203,40",15.0,corto,,7199.0,0,0,0,0,0,0,1,0,0,0,0,0,0,0,0,0,0,0,0,0,0,0,0,0,0,0,0,0,0,0,0,0,0,0,0,0,0,0,0,0,0,0,0,0,0,0,0,0,0,0,0,0,0,0,0,0,0,0,0,0,16.0,203.24566168045232,206.45504054488825,40.382318983560424,28.3980338238054
2022/05/31,Lanus Final,completo,16:25:14,19:08:14,pase,,02:00:02,02:00:02,0.0,,8,"201,94",,"200,81",15.0,corto,,7202.0,0,0,0,0,0,0,1,0,0,0,0,0,0,0,0,0,0,0,0,0,0,0,0,0,0,0,0,0,0,0,0,0,0,0,0,0,0,0,0,0,0,0,0,0,0,0,0,0,0,0,0,0,0,0,0,0,0,0,0,0,17.0,200.44633434120402,200.92670216825985,81.20532562340675,93.55537300482636
2022/05/31,Lanus Final,completo,16:25:14,19:08:14,pase,,02:00:01,02:00:01,0.0,,18,"203,36",,"207,75",8.0,corto,,7201.0,0,0,0,0,0,0,1,0,1,0,0,0,0,0,0,0,0,0,0,0,0,0,0,0,0,0,0,0,0,0,0,0,0,0,0,0,0,0,0,0,0,0,0,0,0,0,0,0,0,0,0,0,0,0,0,0,0,0,0,0,16.0,207.29694992219714,202.9922431493409,75.03227179859131,35.54230110637443
2022/05/31,Lanus Final,completo,16:25:14,19:08:14,perdida,,02:00:06,02:00:06,0.0,,,,,"194,92",15.0,balon afuera lateral,,7206.0,0,0,0,0,0,0,0,0,0,0,0,0,0,0,0,0,0,0,0,0,0,0,0,0,0,0,0,0,0,0,0,0,0,0,0,0,0,0,0,0,0,0,0,0,0,0,0,0,0,0,0,0,0,0,0,0,0,0,0,0,,193.51664814613298,,92.0740226489378,
2022/05/31,Lanus Final,completo,16:25:14,19:08:14,pase,,02:00:58,02:00:58,0.0,,4,"55,153",,"31,76",1.0,medio,,7258.0,0,0,0,0,0,0,1,0,0,0,0,0,0,0,0,0,0,0,0,0,0,0,0,0,0,0,0,0,0,0,0,0,0,0,0,0,0,0,0,0,0,0,0,0,0,0,0,0,0,0,0,0,0,0,0,0,0,0,0,0,9.0,31.38334828190044,54.871959576162396,76.00365224417436,153.31274623114365
2022/05/31,Lanus Final,completo,16:25:14,19:08:14,pase,,02:01:08,02:01:08,0.0,,9,"199,100",,"147,128",4.0,medio,,7268.0,0,0,0,0,0,0,1,0,0,0,0,0,0,0,0,0,0,0,0,0,0,0,0,0,0,0,0,0,0,0,0,0,0,0,0,0,0,0,0,0,0,0,0,0,0,0,0,0,0,0,0,0,0,0,0,0,0,0,0,0,17.0,147.23341542221962,198.8298596053198,127.84662833205277,99.64797699544461
2022/05/31,Lanus Final,completo,16:25:14,19:08:14,pase,,02:01:10,02:01:10,0.0,,15,"264,50",,"208,88",9.0,corto,,7270.0,0,0,0,0,0,0,1,0,0,0,0,0,0,0,0,0,0,0,0,0,0,0,0,0,0,0,0,0,0,0,0,0,0,0,0,0,0,0,0,0,0,0,0,0,0,0,0,0,0,0,0,0,0,0,0,0,0,0,0,0,20.0,207.79330220755963,263.9557860474802,88.31944371458275,49.69644468875865
2022/05/31,Lanus Final,completo,16:25:14,19:08:14,remate pie,,02:01:17,02:01:17,0.0,,Rival,"265,68",,"185,71",8.0,corta distancia,,7277.0,0,0,0,0,0,0,0,0,0,0,0,0,0,0,0,0,0,0,0,0,0,0,0,0,0,0,0,0,0,0,0,0,0,0,0,0,0,0,0,0,0,0,0,0,0,0,0,0,0,0,0,0,0,0,0,0,0,0,0,0,22.0,184.51488379618968,264.74256915128205,70.72724704814358,68.0102251587314
2022/05/31,Lanus Final,completo,16:25:14,19:08:14,pase,,02:01:13,02:01:13,0.0,,8,"207,76",,"251,21",15.0,medio,,7273.0,0,0,0,0,0,0,1,0,0,0,0,0,0,0,0,0,0,0,0,0,0,0,0,0,0,0,0,0,0,0,0,0,0,0,0,0,0,0,0,0,0,0,0,0,0,0,0,0,0,0,0,0,0,0,0,0,0,0,0,0,17.0,251.39272566450836,207.0322940057464,20.569747932484628,76.03079043233522
2022/05/31,Lanus Final,completo,16:25:14,19:08:14,sustitucion,,02:01:41,02:01:41,0.0,,,,,,,,,7301.0,0,0,0,0,0,0,0,0,0,0,0,0,0,0,0,0,0,0,0,0,0,0,0,0,0,0,0,0,0,0,0,0,0,0,0,0,0,0,0,0,0,0,0,0,0,0,0,0,0,0,0,0,0,0,0,0,0,0,0,0,,,,,
2022/05/31,Lanus Final,completo,16:25:14,19:08:14,sustitucion,,02:01:54,02:01:54,0.0,,,,,,,,,7314.0,0,0,0,0,0,0,0,0,0,0,0,0,0,0,0,0,0,0,0,0,0,0,0,0,0,0,0,0,0,0,0,0,0,0,0,0,0,0,0,0,0,0,0,0,0,0,0,0,0,0,0,0,0,0,0,0,0,0,0,0,,,,,
2022/05/31,Lanus Final,completo,16:25:14,19:08:14,remate pie,,02:02:22,02:02:22,0.0,,9,"265,90",,"216,81",9.0,media distancia,,7342.0,0,0,0,0,0,0,0,0,0,0,0,0,0,0,0,0,0,0,0,0,0,0,0,0,0,0,0,0,0,0,0,0,0,0,0,0,0,0,0,0,0,0,0,0,0,0,0,0,0,0,0,0,0,0,0,0,0,0,0,0,22.0,215.61410464076587,265.48753214408606,80.93328513562007,90.02717421031949
2022/05/31,Lanus Final,completo,16:25:14,19:08:14,pase,,02:02:52,02:02:52,0.0,,5,"51,161",,"62,154",2.0,corto,,7372.0,0,0,0,0,0,0,1,0,0,0,0,0,0,0,0,0,0,0,0,0,0,0,0,0,0,0,0,0,0,0,0,0,0,0,0,0,0,0,0,0,0,0,0,0,0,0,0,0,0,0,0,0,0,0,0,0,0,0,0,0,9.0,61.917444843923604,50.62133920859563,154.15133523138888,160.8687443424734
2022/05/31,Lanus Final,completo,16:25:14,19:08:14,pase,,02:02:55,02:02:55,0.0,,20,"123,147",,"73,128",5.0,corto,,7375.0,0,0,0,0,0,0,1,0,0,0,0,0,0,0,0,0,0,0,0,0,0,0,0,0,0,0,0,0,0,0,0,0,0,0,0,0,0,0,0,0,0,0,0,0,0,0,0,0,0,0,0,0,0,0,0,0,0,0,0,0,12.0,73.1252079162302,123.25387704271145,127.80423584851191,146.79648534718268
2022/05/31,Lanus Final,completo,16:25:14,19:08:14,pase,,02:03:01,02:03:01,0.0,,9,"211,74",,"185,133",20.0,corto,,7381.0,0,0,0,0,0,0,0,1,0,0,0,0,0,0,0,0,0,0,0,0,0,0,0,0,0,0,0,0,0,0,0,0,0,0,0,0,0,0,0,0,0,0,0,0,0,0,0,0,0,0,0,0,0,0,0,0,0,0,0,0,17.0,185.34751892035337,210.90857902079458,132.88167723362616,74.19498487231992
2022/05/31,Lanus Final,completo,16:25:14,19:08:14,perdida,,02:03:01,02:03:01,0.0,,,,,"185,127",20.0,interceptado,,7381.0,0,0,0,0,0,0,0,0,0,0,0,0,0,0,0,0,0,0,0,0,0,0,0,0,0,0,0,0,0,0,0,0,0,0,0,0,0,0,0,0,0,0,0,0,0,0,0,0,0,0,0,0,0,0,0,0,0,0,0,0,,185.2058419447767,,126.60484984684766,
2022/05/31,Lanus Final,completo,16:25:14,19:08:14,falta,,02:03:26,02:03:26,0.0,,,,,"52,137",2.0,recibida,,7406.0,0,0,0,0,0,0,0,0,0,0,0,0,0,0,0,0,0,0,0,0,0,0,0,0,0,0,1,0,0,0,0,0,0,0,0,0,0,0,0,0,0,0,0,0,0,0,0,0,0,0,0,0,0,0,0,0,0,0,0,0,,52.20156709840873,,137.2277888319552,
2022/05/31,Lanus Final,completo,16:25:14,19:08:14,pase,,02:03:32,02:03:32,0.0,,11,"159,28",,"77,80",5.0,medio,,7412.0,0,0,0,0,0,0,1,0,0,0,0,0,0,0,0,0,0,0,0,0,0,0,0,0,0,0,0,0,0,0,0,0,0,0,0,0,0,0,0,0,0,0,0,0,0,0,0,0,0,0,0,0,0,0,0,0,0,0,0,0,13.0,77.30443556934225,159.15724298034374,80.19057689088847,27.622096317875645
2022/05/31,Lanus Final,completo,16:25:14,19:08:14,pase,,02:03:42,02:03:42,0.0,,18,"215,37",,"218,27",11.0,corto,,7422.0,0,0,0,0,0,0,1,0,0,0,0,0,0,0,0,0,0,0,0,0,0,0,0,0,0,0,0,0,0,0,0,0,0,0,0,0,0,0,0,0,0,0,0,0,0,0,0,0,0,0,0,0,0,0,0,0,0,0,0,0,16.0,217.62967903557762,215.23722672208055,27.451565958694744,36.71613486166493
2022/05/31,Lanus Final,completo,16:25:14,19:08:14,pase,,02:03:45,02:03:45,0.0,,11,"224,37",,"199,12",18.0,corto,,7425.0,0,0,0,0,0,0,1,0,0,0,0,0,0,0,0,0,0,0,0,0,0,0,0,0,0,0,0,0,0,0,0,0,0,0,0,0,0,0,0,0,0,0,0,0,0,0,0,0,0,0,0,0,0,0,0,0,0,0,0,0,16.0,199.44775415954805,224.4568288052497,12.218212555142745,36.59941253047972
2022/05/31,Lanus Final,completo,16:25:14,19:08:14,pase,,02:03:49,02:03:49,0.0,,15,"245,5",,"220,24",11.0,corto,,7429.0,0,0,0,0,0,0,1,0,0,0,0,0,0,0,0,0,0,0,0,0,0,0,0,0,0,0,0,0,0,0,0,0,0,0,0,0,0,0,0,0,0,0,0,0,0,0,0,0,0,0,0,0,0,0,0,0,0,0,0,0,19.0,219.63966273300883,244.70309955179846,23.912385421484288,5.328538458391581
2022/05/31,Lanus Final,completo,16:25:14,19:08:14,pase,,02:03:57,02:03:57,0.0,,5,"192,96",,"212,15",15.0,corto,,7437.0,0,0,0,0,0,0,1,0,0,0,0,0,0,0,0,0,0,0,0,0,0,0,0,0,0,0,0,0,0,0,0,0,0,0,0,0,0,0,0,0,0,0,0,0,0,0,0,0,0,0,0,0,0,0,0,0,0,0,0,0,17.0,211.85376977030072,192.41926276114359,14.922826342196956,96.36459673692863
2022/05/31,Lanus Final,completo,16:25:14,19:08:14,remate pie,,02:04:00,02:04:00,0.0,,Rival,"264,84",,"185,82",5.0,media distancia,,7440.0,0,0,0,0,0,0,0,0,0,0,0,0,0,0,0,0,0,0,0,0,0,0,0,0,0,0,0,0,0,0,0,0,0,0,0,0,0,0,0,0,0,0,0,0,0,0,0,0,0,0,0,0,0,0,0,0,0,0,0,0,22.0,184.53165435436688,264.24642221511994,81.69286994015769,83.99793355105194
2022/05/31,Lanus Final,completo,16:25:14,19:08:14,pase,,02:04:23,02:04:23,0.0,,15,"74,39",,"50,81",1.0,medio,,7463.0,0,0,0,0,0,0,1,0,0,0,0,0,0,0,0,0,0,0,0,0,0,0,0,0,0,0,0,0,0,0,0,0,0,0,0,0,0,0,0,0,0,0,0,0,0,0,0,0,0,0,0,0,0,0,0,0,0,0,0,0,7.0,50.14954432327157,74.32792854585466,80.85949049860895,39.33670359986982
2022/05/31,Lanus Final,completo,16:25:14,19:08:14,pase,,02:04:26,02:04:26,0.0,,11,"161,3",,"97,10",15.0,corto,,7466.0,0,0,0,0,0,0,1,0,0,0,0,0,0,0,0,0,0,0,0,0,0,0,0,0,0,0,0,0,0,0,0,0,0,0,0,0,0,0,0,0,0,0,0,0,0,0,0,0,0,0,0,0,0,0,0,0,0,0,0,0,13.0,97.10504107441442,161.09376007283885,9.884140953428226,3.0243095653774574
2022/05/31,Lanus Final,completo,16:25:14,19:08:14,pase,,02:04:35,02:04:35,0.0,,15,"191,19",,"176,67",11.0,corto,,7475.0,0,0,0,0,0,0,1,0,0,0,0,0,0,0,0,0,0,0,0,0,0,0,0,0,0,0,0,0,0,0,0,0,0,0,0,0,0,0,0,0,0,0,0,0,0,0,0,0,0,0,0,0,0,0,0,0,0,0,0,0,16.0,176.42233584111196,190.69528126543824,67.46080829463702,18.867001220971623
2022/05/31,Lanus Final,completo,16:25:14,19:08:14,pase,,02:04:35,02:04:35,0.0,,9,"243,65",,"224,20",15.0,corto,,7475.0,0,0,0,0,0,0,0,1,0,0,0,0,0,0,0,0,0,0,0,0,0,0,0,0,0,0,0,0,0,0,0,0,0,0,0,0,0,0,0,0,0,0,0,0,0,0,0,0,0,0,0,0,0,0,0,0,0,0,0,0,21.0,224.33581180810094,243.27895744227982,20.15139152655503,65.32491615279748
2022/05/31,Lanus Final,completo,16:25:14,19:08:14,perdida,,02:04:35,02:04:35,0.0,,,,,"196,7",15.0,interceptado,,7475.0,0,0,0,0,0,0,0,0,0,0,0,0,0,0,0,0,0,0,0,0,0,0,0,0,0,0,0,0,0,0,0,0,0,0,0,0,0,0,0,0,0,0,0,0,0,0,0,0,0,0,0,0,0,0,0,0,0,0,0,0,,195.73990121313926,,7.491584965658841,
2022/05/31,Lanus Final,completo,16:25:14,19:08:14,pase,,02:04:59,02:04:59,0.0,,20,"173,155",,"77,88",2.0,medio,,7499.0,0,0,0,0,0,0,1,0,0,0,0,0,0,0,0,0,0,0,0,0,0,0,0,0,0,0,0,0,0,0,0,0,0,0,0,0,0,0,0,0,0,0,0,0,0,0,0,0,0,0,0,0,0,0,0,0,0,0,0,0,15.0,76.52119980606241,173.10036270787492,87.88880023909553,155.40290138964696
2022/05/31,Lanus Final,completo,16:25:14,19:08:14,remate pie,,02:05:05,02:05:05,0.0,,Rival,"272,87",,"204,132",20.0,media distancia,,7505.0,0,0,0,0,0,0,0,0,0,0,0,0,0,0,0,0,0,0,0,0,0,0,0,0,0,0,0,0,0,0,0,0,0,0,0,0,0,0,0,0,0,0,0,0,0,0,0,0,0,0,0,0,0,0,0,0,0,0,0,0,22.0,203.56104149047923,272.0,131.5682963262686,87.23302680625751
2022/05/31,Lanus Final,completo,16:25:14,19:08:14,falta,,02:05:37,02:05:37,0.0,,,,,"189,85",8.0,recibida,,7537.0,0,0,0,0,0,0,0,0,0,0,0,0,0,0,0,0,0,0,0,0,0,0,0,0,0,0,1,0,0,0,0,0,0,0,0,0,0,0,0,0,0,0,0,0,0,0,0,0,0,0,0,0,0,0,0,0,0,0,0,0,,189.07168490625847,,84.9598778671731,
2022/05/31,Lanus Final,completo,16:25:14,19:08:14,falta,,02:07:52,02:07:52,0.0,,,,,"212,21",11.0,recibida,,7672.0,0,0,0,0,0,0,0,0,0,0,0,0,0,0,0,0,0,0,0,0,0,0,0,0,0,0,1,0,0,0,0,0,0,0,0,0,0,0,0,0,0,0,0,0,0,0,0,0,0,0,0,0,0,0,0,0,0,0,0,0,,211.93855542991358,,20.946535763524842,
2022/05/31,Lanus Final,completo,16:25:14,19:08:14,remate pie,,02:08:45,02:08:45,0.0,,Rival,"272,75",,"208,89",18.0,media distancia,,7725.0,0,0,0,0,0,0,0,0,0,0,0,0,0,0,0,0,0,0,0,0,0,0,0,0,0,0,0,0,0,0,0,0,0,0,0,0,0,0,0,0,0,0,0,0,0,0,0,0,0,0,0,0,0,0,0,0,0,0,0,0,22.0,208.1231417418616,272.0,88.69765379360497,75.14946139147261
2022/05/31,Lanus Final,completo,16:25:14,19:08:14,pase,,02:10:49,02:10:49,0.0,,6,"55,96",,"122,95",8.0,corto,,7849.0,0,0,0,0,0,0,1,0,0,0,0,0,0,0,0,0,0,0,0,0,0,0,0,0,0,0,0,0,0,0,0,0,0,0,0,0,0,0,0,0,0,0,0,0,0,0,0,0,0,0,0,0,0,0,0,0,0,0,0,0,8.0,122.45114648067312,55.08077457298691,94.66000339031257,96.3501010736681
2022/05/31,Lanus Final,completo,16:25:14,19:08:14,pase,,02:10:51,02:10:51,0.0,,15,"90,20",,"58,70",6.0,corto,,7851.0,0,0,0,0,0,0,1,0,0,0,0,0,0,0,0,0,0,0,0,0,0,0,0,0,0,0,0,0,0,0,0,0,0,0,0,0,0,0,0,0,0,0,0,0,0,0,0,0,0,0,0,0,0,0,0,0,0,0,0,0,10.0,57.75144062461399,90.32417951959086,69.7492897382955,19.99569005628736
2022/05/31,Lanus Final,completo,16:25:14,19:08:14,pase,,02:10:55,02:10:55,0.0,,18,"199,12",,"168,39",15.0,corto,,7855.0,0,0,0,0,0,0,1,0,0,0,0,0,0,0,0,0,0,0,0,0,0,0,0,0,0,0,0,0,0,0,0,0,0,0,0,0,0,0,0,0,0,0,0,0,0,0,0,0,0,0,0,0,0,0,0,0,0,0,0,0,16.0,167.98112894764665,198.6803714463742,39.49538271724934,12.37017860509652
2022/05/31,Lanus Final,completo,16:25:14,19:08:14,pase,,02:11:03,02:11:03,0.0,,5,"200,96",,"200,63",18.0,corto,,7863.0,0,0,0,0,0,0,1,0,0,0,0,0,0,0,0,0,0,0,0,0,0,0,0,0,0,0,0,0,0,0,0,0,0,0,0,0,0,0,0,0,0,0,0,0,0,0,0,0,0,0,0,0,0,0,0,0,0,0,0,0,17.0,199.98845969652962,199.93426676145378,62.91491220039767,95.94847452443673
2022/05/31,Lanus Final,completo,16:25:14,19:08:14,pase,,02:11:08,02:11:08,0.0,,20,"269,114",,"219,60",5.0,corto,,7868.0,0,0,0,0,0,0,0,1,0,0,0,0,0,0,0,0,0,0,0,0,0,0,0,0,0,0,0,0,0,0,0,0,0,0,0,0,0,0,0,0,0,0,0,0,0,0,0,0,0,0,0,0,0,0,0,0,0,0,0,0,23.0,219.2347017756409,268.60078169028225,60.471656229731764,114.15519301290331
2022/05/31,Lanus Final,completo,16:25:14,19:08:14,perdida,,02:11:08,02:11:08,0.0,,,,,"191,61",5.0,interceptado,,7868.0,0,0,0,0,0,0,0,0,0,0,0,0,0,0,0,0,0,0,0,0,0,0,0,0,0,0,0,0,0,0,0,0,0,0,0,0,0,0,0,0,0,0,0,0,0,0,0,0,0,0,0,0,0,0,0,0,0,0,0,0,,191.0985799371701,,60.94864857081099,
2022/05/31,Lanus Final,completo,16:25:14,19:08:14,pase,,02:12:37,02:12:37,0.0,,15,"24,93",,"0,63",1.0,s arquero pie,,7957.0,0,0,0,0,0,0,1,0,0,0,0,0,0,0,0,0,0,0,0,0,0,0,0,0,0,0,0,0,0,0,0,0,0,0,0,0,0,0,0,0,0,0,0,0,0,0,0,0,0,0,0,0,0,0,0,0,0,0,0,0,4.0,0.0,24.04133555595847,62.7124398739533,92.8252020986051
2022/05/31,Lanus Final,completo,16:25:14,19:08:14,pase,,02:12:48,02:12:48,0.0,,18,"189,18",,"200,13",15.0,corto,,7968.0,0,0,0,0,0,0,0,1,0,0,0,0,0,0,0,0,0,0,0,0,0,0,0,0,0,0,0,0,0,0,0,0,0,0,0,0,0,0,0,0,0,0,0,0,0,0,0,0,0,0,0,0,0,0,0,0,0,0,0,0,16.0,200.20350078382705,188.76751675172937,13.161102981329222,17.933997254468693
2022/05/31,Lanus Final,completo,16:25:14,19:08:14,perdida,,02:12:48,02:12:48,0.0,,,,,"188,34",15.0,interceptado,,7968.0,0,0,0,0,0,0,0,0,0,0,0,0,0,0,0,0,0,0,0,0,0,0,0,0,0,0,0,0,0,0,0,0,0,0,0,0,0,0,0,0,0,0,0,0,0,0,0,0,0,0,0,0,0,0,0,0,0,0,0,0,,188.38493069545936,,33.50514432344421,
2022/05/31,Lanus Final,completo,16:25:14,19:08:14,sustitucion,,02:13:00,02:13:00,0.0,,,,,,,,,7980.0,0,0,0,0,0,0,0,0,0,0,0,0,0,0,0,0,0,0,0,0,0,0,0,0,0,0,0,0,0,0,0,0,0,0,0,0,0,0,0,0,0,0,0,0,0,0,0,0,0,0,0,0,0,0,0,0,0,0,0,0,,,,,
2022/05/31,Lanus Final,completo,16:25:14,19:08:14,pase,,02:13:22,02:13:22,0.0,,15,"191,18",,"222,42",18.0,corto,,8002.0,0,0,0,0,0,0,1,0,0,0,0,0,0,0,0,0,0,0,0,0,0,0,0,0,0,0,0,0,0,0,0,0,0,0,0,0,0,0,0,0,0,0,0,0,0,0,0,0,0,0,0,0,0,0,0,0,0,0,0,0,16.0,222.0997382650475,190.98591626655286,42.13355206206334,17.77463208348319
2022/05/31,Lanus Final,completo,16:25:14,19:08:14,pase,,02:13:23,02:13:23,0.0,,18,"223,7",,"209,31",15.0,corto,,8003.0,0,0,0,0,0,0,1,0,0,0,0,0,0,0,0,0,0,0,0,0,0,0,0,0,0,0,0,0,0,0,0,0,0,0,0,0,0,0,0,0,0,0,0,0,0,0,0,0,0,0,0,0,0,0,0,0,0,0,0,0,16.0,208.74768655505756,222.88545170374522,31.00127055211959,7.15893788249365
2022/05/31,Lanus Final,completo,16:25:14,19:08:14,pase,,02:13:25,02:13:25,0.0,,5,"200,100",,"191,3",18.0,corto,,8005.0,0,0,0,0,0,0,1,0,0,0,0,0,0,0,0,0,0,0,0,0,0,0,0,0,0,0,0,0,0,0,0,0,0,0,0,0,0,0,0,0,0,0,0,0,0,0,0,0,0,0,0,0,0,0,0,0,0,0,0,0,17.0,191.00021375604715,200.31934647613235,3.230377053214312,99.83530558438615
2022/05/31,Lanus Final,completo,16:25:14,19:08:14,pase,,02:13:28,02:13:28,0.0,,2,"142,95",,"171,65",5.0,corto,,8008.0,0,0,0,0,0,0,1,0,0,0,0,0,0,0,0,0,0,0,0,0,0,0,0,0,0,0,0,0,0,0,0,0,0,0,0,0,0,0,0,0,0,0,0,0,0,0,0,0,0,0,0,0,0,0,0,0,0,0,0,0,14.0,170.76058214479536,142.23145442412522,65.4160374453645,94.65297966729736
2022/05/31,Lanus Final,completo,16:25:14,19:08:14,remate pie,,02:13:30,02:13:30,0.0,,Rival,"265,73",,"220,83",2.0,media distancia,,8010.0,0,0,0,0,0,0,0,0,0,0,0,0,0,0,0,0,0,0,0,0,0,0,0,0,0,0,0,0,0,0,0,0,0,0,0,0,0,0,0,0,0,0,0,0,0,0,0,0,0,0,0,0,0,0,0,0,0,0,0,0,22.0,220.25154497753996,265.0631357543621,83.41865012398726,73.38240616869605
2022/05/31,Lanus Final,completo,16:25:14,19:08:14,arquero,,02:13:53,02:13:53,0.0,,,,Malo,"34,53",1.0,salida suelo,,8033.0,0,0,0,0,0,0,0,0,0,0,0,0,0,0,0,0,0,0,0,0,0,0,0,0,0,0,0,0,0,0,0,0,0,0,0,0,0,0,0,0,0,0,0,0,0,0,0,0,0,0,0,0,0,0,0,0,0,0,0,0,,34.220275365773524,,52.685004937026285,
2022/05/31,Lanus Final,completo,16:25:14,19:08:14,pase,,02:14:18,02:14:18,0.0,,2,"29,84",,"10,101",2.0,s arquero pie,,8058.0,0,0,0,0,0,0,1,0,0,0,0,0,0,0,0,0,0,0,0,0,0,0,0,0,0,0,0,0,0,0,0,0,0,0,0,0,0,0,0,0,0,0,0,0,0,0,0,0,0,0,0,0,0,0,0,0,0,0,0,0,4.0,10.29589349310579,29.057410116335138,101.10869804218547,83.87390401660085
2022/05/31,Lanus Final,completo,16:25:14,19:08:14,pase,,02:14:18,02:14:18,0.0,,20,"72,138",,"24,103",2.0,corto,,8058.0,0,0,0,0,0,0,1,0,0,0,0,0,0,0,0,0,0,0,0,0,0,0,0,0,0,0,0,0,0,0,0,0,0,0,0,0,0,0,0,0,0,0,0,0,0,0,0,0,0,0,0,0,0,0,0,0,0,0,0,0,9.0,24.09666304070946,72.40185336913387,103.01241920414448,137.95854047106639
2022/05/31,Lanus Final,completo,16:25:14,19:08:14,remate pie,,02:14:26,02:14:26,0.0,,Rival,"244,63",,"185,136",20.0,larga distancia,,8066.0,0,0,1,0,0,0,0,0,0,0,0,0,0,0,0,0,0,0,0,0,0,0,0,0,0,0,0,0,0,0,0,0,0,0,0,0,0,0,0,0,0,0,0,0,0,0,0,0,0,0,0,0,0,0,0,0,0,0,0,0,22.0,185.15571776582658,243.52166683576323,136.4114142674127,62.86520612520496
2022/05/31,Lanus Final,completo,16:25:14,19:08:14,perdida,,02:14:26,02:14:26,0.0,,,,,"222,145",20.0,atajada,,8066.0,0,0,0,0,0,0,0,0,0,0,0,0,0,0,0,0,0,0,0,0,0,0,0,0,0,0,0,0,0,0,0,0,0,0,0,0,0,0,0,0,0,0,0,0,0,0,0,0,0,0,0,0,0,0,0,0,0,0,0,0,,222.33756353936946,,144.72229076446015,
2022/05/31,Lanus Final,completo,16:25:14,19:08:14,perdida,,00:53:37,00:53:37,0.0,,,,,"220,90",9.0,balon afuera fondo,,3217.0,0,0,0,0,0,0,0,0,0,0,0,0,0,0,0,0,0,0,0,0,0,0,0,0,0,0,0,0,0,0,0,0,0,0,0,0,0,0,0,0,0,0,0,0,0,0,0,0,0,0,0,0,0,0,0,0,0,0,0,0,,219.51084612854658,,89.68531762518893,
